partie,score,record,moyenne,secondes
1,0,0,0.0,0.03
2,0,0,0.0,0.09
3,0,0,0.0,0.13
4,1,1,0.25,0.23
5,0,1,0.2,0.28
6,0,1,0.167,0.41
7,0,1,0.143,0.47
8,1,1,0.25,0.6
9,0,1,0.222,0.72
10,0,1,0.2,0.86
11,0,1,0.182,0.97
12,2,2,0.333,1.25
13,0,2,0.308,1.42
14,1,2,0.357,1.63
15,0,2,0.333,1.86
16,1,2,0.375,2.14
17,0,2,0.353,2.36
18,2,2,0.444,2.6
19,0,2,0.421,2.83
20,0,2,0.4,3.06
21,0,2,0.381,3.33
22,1,2,0.409,3.58
23,0,2,0.391,3.82
24,1,2,0.417,4.16
25,1,2,0.44,4.45
26,2,2,0.5,4.7
27,1,2,0.519,4.98
28,2,2,0.571,5.6
29,0,2,0.552,5.88
30,0,2,0.533,6.1
31,0,2,0.516,6.32
32,3,3,0.594,6.71
33,0,3,0.576,6.95
34,3,3,0.647,7.22
35,0,3,0.629,7.46
36,0,3,0.611,7.71
37,2,3,0.649,8.05
38,3,3,0.711,8.36
39,0,3,0.692,8.6
40,0,3,0.675,8.83
41,0,3,0.659,9.05
42,3,3,0.714,9.34
43,0,3,0.698,9.58
44,1,3,0.705,9.82
45,1,3,0.711,10.1
46,0,3,0.696,10.42
47,1,3,0.702,10.79
48,0,3,0.688,11.01
49,2,3,0.714,11.28
50,1,3,0.72,11.53
51,0,3,0.706,11.8
52,2,3,0.731,12.13
53,1,3,0.736,12.38
54,1,3,0.741,12.8
55,1,3,0.745,13.04
56,2,3,0.768,13.33
57,1,3,0.772,13.62
58,0,3,0.759,13.84
59,6,6,0.847,14.29
60,8,8,0.967,14.83
61,0,8,0.951,15.06
62,5,8,1.016,15.38
63,5,8,1.079,15.67
64,9,9,1.203,16.13
65,8,9,1.308,16.52
66,6,9,1.379,17.04
67,0,9,1.358,17.27
68,0,9,1.338,17.54
69,2,9,1.348,17.81
70,4,9,1.386,18.24
71,2,9,1.394,18.49
72,2,9,1.403,18.73
73,15,15,1.589,19.14
74,8,15,1.676,19.49
75,9,15,1.773,19.89
76,0,15,1.75,20.1
77,11,15,1.87,20.52
78,3,15,1.885,20.92
79,8,15,1.962,21.36
80,15,15,2.125,21.82
81,16,16,2.296,22.39
82,23,23,2.549,22.93
83,17,23,2.723,23.35
84,23,23,2.964,23.88
85,26,26,3.235,24.38
86,25,26,3.488,24.95
87,15,26,3.621,25.42
88,0,26,3.58,25.94
89,10,26,3.652,27.65
90,1,26,3.622,28.28
91,30,30,3.912,29.16
92,21,30,4.098,29.7
93,28,30,4.355,30.3
94,13,30,4.447,30.66
95,18,30,4.589,31.16
96,14,30,4.688,31.53
97,15,30,4.794,31.9
98,18,30,4.929,32.32
99,17,30,5.051,32.76
100,23,30,5.23,33.23
101,22,30,5.396,33.74
102,35,35,5.686,34.41
103,31,35,5.932,35.0
104,30,35,6.163,35.62
105,28,35,6.371,36.2
106,39,39,6.679,36.89
107,24,39,6.841,37.38
108,8,39,6.852,37.68
109,23,39,7.0,38.17
110,15,39,7.073,38.51
111,14,39,7.135,39.0
112,19,39,7.241,39.42
113,27,39,7.416,40.05
114,19,39,7.518,40.53
115,20,39,7.626,40.98
116,22,39,7.75,41.54
117,23,39,7.88,42.05
118,29,39,8.059,42.62
119,14,39,8.109,43.01
120,12,39,8.142,43.35
121,20,39,8.24,43.84
122,15,39,8.295,44.2
123,21,39,8.398,44.71
124,10,39,8.411,45.02
125,13,39,8.448,45.38
126,39,39,8.69,46.14
127,25,39,8.819,46.67
128,29,39,8.977,47.24
129,28,39,9.124,47.83
130,14,39,9.162,48.23
131,20,39,9.244,48.67
132,24,39,9.356,49.19
133,27,39,9.489,49.76
134,20,39,9.567,50.25
135,23,39,9.667,50.75
136,15,39,9.706,51.14
137,13,39,9.73,51.47
138,26,39,9.848,52.08
139,15,39,9.885,52.47
140,29,39,10.021,53.08
141,22,39,10.106,53.54
142,27,39,10.225,54.16
143,13,39,10.245,54.52
144,30,39,10.382,55.14
145,14,39,10.407,55.51
146,42,42,10.623,56.34
147,31,42,10.762,56.92
148,14,42,10.784,57.27
149,18,42,10.832,57.72
150,15,42,10.86,58.1
151,24,42,10.947,58.64
152,28,42,11.059,59.15
153,22,42,11.131,59.66
154,47,47,11.364,60.64
155,21,47,11.426,61.14
156,19,47,11.474,61.62
157,33,47,11.611,62.28
158,39,47,11.785,63.09
159,40,47,11.962,63.78
160,39,47,12.131,64.52
161,19,47,12.174,64.99
162,12,47,12.173,65.33
163,22,47,12.233,65.81
164,22,47,12.293,66.3
165,8,47,12.267,66.61
166,19,47,12.307,67.0
167,26,47,12.389,67.5
168,15,47,12.405,67.9
169,26,47,12.485,68.4
170,33,47,12.606,69.09
171,32,47,12.719,69.72
172,6,47,12.68,70.08
173,27,47,12.763,70.61
174,22,47,12.816,71.06
175,19,47,12.851,71.52
176,17,47,12.875,71.96
177,28,47,12.96,72.48
178,36,47,13.09,73.1
179,43,47,13.257,73.87
180,16,47,13.272,74.25
181,27,47,13.348,74.76
182,12,47,13.341,75.11
183,30,47,13.432,75.73
184,25,47,13.495,76.33
185,14,47,13.497,76.71
186,20,47,13.532,77.17
187,28,47,13.61,77.73
188,20,47,13.644,78.2
189,24,47,13.698,78.78
190,34,47,13.805,79.37
191,17,47,13.822,79.76
192,21,47,13.859,80.22
193,21,47,13.896,80.66
194,34,47,14.0,81.25
195,24,47,14.051,81.8
196,18,47,14.071,82.24
197,25,47,14.127,82.74
198,16,47,14.136,83.16
199,20,47,14.166,83.65
200,22,47,14.205,84.14
201,19,47,14.229,84.57
202,12,47,14.218,84.92
203,24,47,14.266,85.5
204,18,47,14.284,85.92
205,14,47,14.283,86.27
206,8,47,14.252,86.57
207,37,47,14.362,87.23
208,15,47,14.365,87.58
209,48,48,14.526,88.41
210,33,48,14.614,89.0
211,15,48,14.616,89.35
212,17,48,14.627,89.77
213,29,48,14.695,90.29
214,6,48,14.654,90.56
215,21,48,14.684,91.06
216,24,48,14.727,91.53
217,19,48,14.747,91.98
218,30,48,14.817,92.55
219,18,48,14.831,92.95
220,13,48,14.823,93.31
221,12,48,14.81,93.67
222,20,48,14.833,94.07
223,17,48,14.843,94.49
224,28,48,14.902,95.01
225,15,48,14.902,95.42
226,19,48,14.92,95.89
227,14,48,14.916,96.24
228,27,48,14.969,96.78
229,40,48,15.079,97.46
230,18,48,15.091,97.93
231,24,48,15.13,98.45
232,16,48,15.134,98.87
233,37,48,15.227,99.55
234,24,48,15.265,100.07
235,18,48,15.277,100.62
236,14,48,15.271,101.18
237,26,48,15.316,101.75
238,17,48,15.324,102.23
239,15,48,15.322,102.66
240,31,48,15.387,103.41
241,21,48,15.411,103.99
242,21,48,15.434,104.45
243,23,48,15.465,104.97
244,18,48,15.475,105.44
245,25,48,15.514,105.99
246,12,48,15.5,106.34
247,24,48,15.534,106.91
248,25,48,15.573,107.49
249,28,48,15.622,108.13
250,23,48,15.652,108.62
251,12,48,15.637,108.99
252,25,48,15.675,109.58
253,14,48,15.668,109.97
254,12,48,15.654,110.35
255,18,48,15.663,110.85
256,17,48,15.668,111.26
257,16,48,15.669,111.75
258,10,48,15.647,112.11
259,6,48,15.61,112.41
260,19,48,15.623,112.91
261,20,48,15.64,113.36
262,36,48,15.718,114.15
263,31,48,15.776,114.73
264,21,48,15.795,115.2
265,24,48,15.826,115.69
266,17,48,15.831,116.1
267,17,48,15.835,116.55
268,12,48,15.821,116.88
269,27,48,15.862,117.41
270,15,48,15.859,117.85
271,20,48,15.875,118.28
272,23,48,15.901,118.79
273,25,48,15.934,119.37
274,24,48,15.964,119.99
275,39,48,16.047,120.71
276,33,48,16.109,121.33
277,29,48,16.155,121.95
278,23,48,16.18,122.43
279,21,48,16.197,122.97
280,36,48,16.268,123.66
281,26,48,16.302,124.2
282,20,48,16.316,124.67
283,26,48,16.35,125.22
284,21,48,16.366,125.71
285,16,48,16.365,126.08
286,13,48,16.353,126.48
287,21,48,16.369,126.89
288,21,48,16.385,127.35
289,26,48,16.419,127.86
290,27,48,16.455,128.4
291,29,48,16.498,128.91
292,24,48,16.524,129.48
293,32,48,16.577,130.03
294,20,48,16.588,130.51
295,26,48,16.62,131.16
296,9,48,16.595,131.55
297,21,48,16.609,132.08
298,30,48,16.654,132.63
299,16,48,16.652,133.07
300,37,48,16.72,133.81
