partie,score,record,mean100,epsilon,steps,temps_s,victoire
1,0,0,0.000,0.9700,301,1.0,0
2,0,0,0.000,0.9409,602,1.8,0
3,0,0,0.000,0.9127,903,2.6,0
4,0,0,0.000,0.8853,1204,4.3,0
5,0,0,0.000,0.8587,1505,6.2,0
6,1,1,0.167,0.8330,1995,9.6,0
7,0,1,0.143,0.8080,2296,11.7,0
8,0,1,0.125,0.7837,2597,13.7,0
9,0,1,0.111,0.7602,2898,15.8,0
10,0,1,0.100,0.7374,3199,18.0,0
11,0,1,0.091,0.7153,3500,19.9,0
12,2,2,0.250,0.6938,3738,21.5,0
13,2,2,0.385,0.6730,4095,23.9,0
14,2,2,0.500,0.6528,4375,26.0,0
15,2,2,0.600,0.6333,4575,27.4,0
16,3,3,0.750,0.6143,4834,29.1,0
17,2,3,0.824,0.5958,5023,30.3,0
18,0,3,0.778,0.5780,5324,32.2,0
19,2,3,0.842,0.5606,5448,33.1,0
20,2,3,0.900,0.5438,5543,33.7,0
21,2,3,0.952,0.5275,5794,35.4,0
22,3,3,1.045,0.5117,5942,36.3,0
23,2,3,1.087,0.4963,6124,37.6,0
24,3,3,1.167,0.4814,6348,39.1,0
25,5,5,1.320,0.4670,6519,40.3,0
26,2,5,1.346,0.4530,6639,41.1,0
27,4,5,1.444,0.4394,6749,41.9,0
28,2,5,1.464,0.4262,6815,42.3,0
29,2,5,1.483,0.4134,6917,43.0,0
30,4,5,1.567,0.4010,7026,43.7,0
31,2,5,1.581,0.3890,7096,44.2,0
32,4,5,1.656,0.3773,7190,44.8,0
33,3,5,1.697,0.3660,7272,45.4,0
34,3,5,1.735,0.3550,7335,45.8,0
35,6,6,1.857,0.3444,7434,46.5,0
36,4,6,1.917,0.3340,7526,47.1,0
37,3,6,1.946,0.3240,7616,47.7,0
38,3,6,1.974,0.3143,7729,48.4,0
39,6,6,2.077,0.3049,7888,49.5,0
40,2,6,2.075,0.2957,7984,50.1,0
41,4,6,2.122,0.2868,8036,50.5,0
42,4,6,2.167,0.2782,8128,51.1,0
43,3,6,2.186,0.2699,8224,51.7,0
44,3,6,2.205,0.2618,8302,52.3,0
45,3,6,2.222,0.2539,8358,52.7,0
46,5,6,2.283,0.2463,8465,53.4,0
47,4,6,2.319,0.2389,8542,53.9,0
48,2,6,2.312,0.2318,8605,54.3,0
49,5,6,2.367,0.2248,8681,54.8,0
50,2,6,2.360,0.2181,8707,55.0,0
51,10,10,2.510,0.2115,8856,56.0,0
52,4,10,2.538,0.2052,8908,56.4,0
53,16,16,2.792,0.1990,9138,57.8,0
54,13,16,2.981,0.1931,9267,58.7,0
55,3,16,2.982,0.1873,9322,59.1,0
56,19,19,3.268,0.1816,9562,60.8,0
57,6,19,3.316,0.1762,9651,61.4,0
58,6,19,3.362,0.1709,9775,62.2,0
59,8,19,3.441,0.1658,9854,62.8,0
60,13,19,3.600,0.1608,9997,63.8,0
61,13,19,3.754,0.1560,10146,64.8,0
62,19,19,4.000,0.1513,10361,66.3,0
63,9,19,4.079,0.1468,10474,67.0,0
64,7,19,4.125,0.1424,10567,67.7,0
65,7,19,4.169,0.1381,10669,68.4,0
66,9,19,4.242,0.1339,10753,68.9,0
67,4,19,4.239,0.1299,10814,69.3,0
68,3,19,4.221,0.1260,10849,69.6,0
69,15,19,4.377,0.1223,11038,71.0,0
70,2,19,4.343,0.1186,11070,71.2,0
71,8,19,4.394,0.1150,11157,71.8,0
72,8,19,4.444,0.1116,11257,72.5,0
73,9,19,4.507,0.1082,11356,73.2,0
74,8,19,4.554,0.1050,11438,73.8,0
75,12,19,4.653,0.1018,11538,74.5,0
76,12,19,4.750,0.0988,11669,75.6,0
77,16,19,4.896,0.0958,11845,76.9,0
78,9,19,4.949,0.0929,11919,77.4,0
79,15,19,5.076,0.0902,12055,78.4,0
80,23,23,5.300,0.0874,12297,80.1,0
81,7,23,5.321,0.0848,12377,80.6,0
82,15,23,5.439,0.0823,12607,82.3,0
83,9,23,5.482,0.0798,12714,83.1,0
84,12,23,5.560,0.0774,12810,83.7,0
85,6,23,5.565,0.0751,12874,84.2,0
86,11,23,5.628,0.0728,12975,84.9,0
87,5,23,5.621,0.0707,13039,85.4,0
88,17,23,5.750,0.0685,13195,86.5,0
89,10,23,5.798,0.0665,13294,87.2,0
90,14,23,5.889,0.0645,13430,88.1,0
91,10,23,5.934,0.0626,13518,88.7,0
92,25,25,6.141,0.0607,13756,90.4,0
93,14,25,6.226,0.0589,13897,91.4,0
94,12,25,6.287,0.0571,14024,92.3,0
95,17,25,6.400,0.0554,14169,93.3,0
96,16,25,6.500,0.0537,14301,94.2,0
97,23,25,6.670,0.0521,14484,95.5,0
98,22,25,6.827,0.0505,14671,96.8,0
99,46,46,7.222,0.0490,15108,99.8,0
100,15,46,7.300,0.0476,15312,101.1,0
101,11,46,7.410,0.0461,15430,105.5,0
102,12,46,7.530,0.0447,15540,106.3,0
103,41,46,7.940,0.0434,15965,109.2,0
104,19,46,8.130,0.0421,16123,110.3,0
105,29,46,8.420,0.0408,16442,112.4,0
106,21,46,8.620,0.0396,16654,113.9,0
107,10,46,8.720,0.0384,16752,114.6,0
108,13,46,8.850,0.0373,16883,115.5,0
109,31,46,9.160,0.0362,17148,117.4,0
110,9,46,9.250,0.0351,17240,118.0,0
111,18,46,9.430,0.0340,17396,119.1,0
112,29,46,9.700,0.0330,17659,121.0,0
113,14,46,9.820,0.0320,17790,121.9,0
114,20,46,10.000,0.0310,17941,123.0,0
115,32,46,10.300,0.0301,18250,125.0,0
116,13,46,10.400,0.0292,18377,125.9,0
117,7,46,10.450,0.0283,18422,126.2,0
118,11,46,10.560,0.0275,18495,126.8,0
119,16,46,10.700,0.0267,18664,128.0,0
120,24,46,10.920,0.0259,18882,129.5,0
121,9,46,10.990,0.0251,18959,130.0,0
122,21,46,11.170,0.0243,19143,131.3,0
123,12,46,11.270,0.0236,19258,132.1,0
124,36,46,11.600,0.0229,19592,134.4,0
125,16,46,11.710,0.0222,19704,135.2,0
126,25,46,11.940,0.0215,19905,136.6,0
127,21,46,12.110,0.0209,20079,137.8,0
128,18,46,12.270,0.0203,20238,138.9,0
129,11,46,12.360,0.0197,20339,139.6,0
130,28,46,12.600,0.0191,20528,140.9,0
131,18,46,12.760,0.0185,20692,142.1,0
132,35,46,13.070,0.0179,21049,144.6,0
133,41,46,13.450,0.0174,21511,147.7,0
134,20,46,13.620,0.0169,21691,149.0,0
135,35,46,13.910,0.0164,22031,151.5,0
136,22,46,14.090,0.0159,22256,153.1,0
137,20,46,14.260,0.0154,22435,154.3,0
138,23,46,14.460,0.0149,22656,155.8,0
139,21,46,14.610,0.0145,22838,157.1,0
140,10,46,14.690,0.0141,22925,157.7,0
141,25,46,14.900,0.0136,23147,159.3,0
142,15,46,15.010,0.0132,23257,160.1,0
143,31,46,15.290,0.0128,23589,162.5,0
144,18,46,15.440,0.0124,23779,163.9,0
145,31,46,15.720,0.0121,24052,165.8,0
146,28,46,15.950,0.0117,24323,167.7,0
147,9,46,16.000,0.0114,24395,168.3,0
148,17,46,16.150,0.0110,24536,169.4,0
149,25,46,16.350,0.0107,24788,171.1,0
150,26,46,16.590,0.0104,24978,172.5,0
151,26,46,16.750,0.0101,25255,174.5,0
152,30,46,17.010,0.0100,25549,176.6,0
153,20,46,17.050,0.0100,25712,177.8,0
154,30,46,17.220,0.0100,25982,180.0,0
155,17,46,17.360,0.0100,26110,180.9,0
156,44,46,17.610,0.0100,26586,184.5,0
157,23,46,17.780,0.0100,26755,185.7,0
158,33,46,18.050,0.0100,27036,187.7,0
159,33,46,18.300,0.0100,27330,189.8,0
160,15,46,18.320,0.0100,27439,190.7,0
161,43,46,18.620,0.0100,27842,193.6,0
162,23,46,18.660,0.0100,28035,195.2,0
163,32,46,18.890,0.0100,28305,197.2,0
164,14,46,18.960,0.0100,28412,198.0,0
165,20,46,19.090,0.0100,28573,199.4,0
166,14,46,19.140,0.0100,28694,200.2,0
167,34,46,19.440,0.0100,28978,202.3,0
168,13,46,19.540,0.0100,29069,203.0,0
169,38,46,19.770,0.0100,29463,206.1,0
170,24,46,19.990,0.0100,29679,207.6,0
171,27,46,20.180,0.0100,29940,209.7,0
172,21,46,20.310,0.0100,30082,210.9,0
173,28,46,20.500,0.0100,30297,212.7,0
174,20,46,20.620,0.0100,30494,214.3,0
175,18,46,20.680,0.0100,30690,215.7,0
176,25,46,20.810,0.0100,30916,217.5,0
177,39,46,21.040,0.0100,31290,220.5,0
178,13,46,21.080,0.0100,31397,221.4,0
179,46,46,21.390,0.0100,31814,224.6,0
180,18,46,21.340,0.0100,31957,225.6,0
181,23,46,21.500,0.0100,32151,226.9,0
182,46,46,21.810,0.0100,32610,230.3,0
183,11,46,21.830,0.0100,32691,230.9,0
184,51,51,22.220,0.0100,33182,234.5,0
185,17,51,22.330,0.0100,33339,235.6,0
186,16,51,22.380,0.0100,33507,236.9,0
187,34,51,22.670,0.0100,33787,239.0,0
188,12,51,22.620,0.0100,33887,239.8,0
189,15,51,22.670,0.0100,34006,240.6,0
190,41,51,22.940,0.0100,34460,244.1,0
191,36,51,23.200,0.0100,34809,246.8,0
192,28,51,23.230,0.0100,35029,248.6,0
193,28,51,23.370,0.0100,35294,250.6,0
194,17,51,23.420,0.0100,35449,251.8,0
195,34,51,23.590,0.0100,35764,254.2,0
196,41,51,23.840,0.0100,36160,257.2,0
197,20,51,23.810,0.0100,36319,258.4,0
198,28,51,23.870,0.0100,36538,260.0,0
199,17,51,23.580,0.0100,36666,261.0,0
200,34,51,23.770,0.0100,36939,263.0,0
201,15,51,23.810,0.0100,37057,268.6,0
202,10,51,23.790,0.0100,37140,269.2,0
203,24,51,23.620,0.0100,37369,270.9,0
204,27,51,23.700,0.0100,37603,272.8,0
205,21,51,23.620,0.0100,37789,274.2,0
206,11,51,23.520,0.0100,37900,275.0,0
207,29,51,23.710,0.0100,38165,277.2,0
208,23,51,23.810,0.0100,38384,278.9,0
209,21,51,23.710,0.0100,38565,280.5,0
210,17,51,23.790,0.0100,38709,281.6,0
211,52,52,24.130,0.0100,39267,286.6,0
212,31,52,24.150,0.0100,39512,288.8,0
213,41,52,24.420,0.0100,39887,292.0,0
214,10,52,24.320,0.0100,39972,292.7,0
215,23,52,24.230,0.0100,40157,294.3,0
216,20,52,24.300,0.0100,40305,295.5,0
217,24,52,24.470,0.0100,40521,297.2,0
218,31,52,24.670,0.0100,40817,299.4,0
219,41,52,24.920,0.0100,41193,302.5,0
220,11,52,24.790,0.0100,41304,303.4,0
221,33,52,25.030,0.0100,41643,306.1,0
222,23,52,25.050,0.0100,41823,307.5,0
223,22,52,25.150,0.0100,42003,308.9,0
224,23,52,25.020,0.0100,42206,310.6,0
225,37,52,25.230,0.0100,42519,313.0,0
226,28,52,25.260,0.0100,42788,315.3,0
227,35,52,25.400,0.0100,43113,318.0,0
228,28,52,25.500,0.0100,43324,319.6,0
229,18,52,25.570,0.0100,43486,320.8,0
230,34,52,25.630,0.0100,43792,323.1,0
231,37,52,25.820,0.0100,44105,325.5,0
232,30,52,25.770,0.0100,44342,327.3,0
233,16,52,25.520,0.0100,44494,328.4,0
234,16,52,25.480,0.0100,44652,329.6,0
235,29,52,25.420,0.0100,44909,331.5,0
236,23,52,25.430,0.0100,45127,333.3,0
237,12,52,25.350,0.0100,45237,334.1,0
238,34,52,25.460,0.0100,45562,336.6,0
239,37,52,25.620,0.0100,45854,338.9,0
240,14,52,25.660,0.0100,45969,339.8,0
241,36,52,25.770,0.0100,46285,342.2,0
242,36,52,25.980,0.0100,46612,344.8,0
243,38,52,26.050,0.0100,46959,347.6,0
244,33,52,26.200,0.0100,47246,350.0,0
245,19,52,26.080,0.0100,47407,351.3,0
246,19,52,25.990,0.0100,47554,352.5,0
247,25,52,26.150,0.0100,47774,354.3,0
248,37,52,26.350,0.0100,48120,356.9,0
249,21,52,26.310,0.0100,48310,358.5,0
250,17,52,26.220,0.0100,48437,359.5,0
251,15,52,26.110,0.0100,48564,360.5,0
252,17,52,25.980,0.0100,48712,361.6,0
253,24,52,26.020,0.0100,48915,363.4,0
254,18,52,25.900,0.0100,49056,364.4,0
255,37,52,26.100,0.0100,49365,366.9,0
256,43,52,26.090,0.0100,49757,370.0,0
257,29,52,26.150,0.0100,50027,372.1,0
258,53,53,26.350,0.0100,50543,376.3,0
259,24,53,26.260,0.0100,50735,377.8,0
260,44,53,26.550,0.0100,51084,380.6,0
261,38,53,26.500,0.0100,51478,383.6,0
262,28,53,26.550,0.0100,51710,385.4,0
263,25,53,26.480,0.0100,51882,386.8,0
264,23,53,26.570,0.0100,52069,388.2,0
265,23,53,26.600,0.0100,52269,389.7,0
266,20,53,26.660,0.0100,52423,390.9,0
267,10,53,26.420,0.0100,52488,391.5,0
268,13,53,26.420,0.0100,52607,392.4,0
269,22,53,26.260,0.0100,52826,394.1,0
270,25,53,26.270,0.0100,53037,395.7,0
271,36,53,26.360,0.0100,53423,398.7,0
272,41,53,26.560,0.0100,53805,401.8,0
273,22,53,26.500,0.0100,53985,403.2,0
274,10,53,26.400,0.0100,54081,403.9,0
275,8,53,26.300,0.0100,54145,404.4,0
276,43,53,26.480,0.0100,54551,407.6,0
277,52,53,26.610,0.0100,55050,411.5,0
278,49,53,26.970,0.0100,55504,415.1,0
279,38,53,26.890,0.0100,55862,417.9,0
280,12,53,26.830,0.0100,55955,418.6,0
281,18,53,26.780,0.0100,56106,419.7,0
282,54,54,26.860,0.0100,56571,423.4,0
283,17,54,26.920,0.0100,56685,424.3,0
284,22,54,26.630,0.0100,56871,425.8,0
285,10,54,26.560,0.0100,56941,426.3,0
286,39,54,26.790,0.0100,57336,429.3,0
287,22,54,26.670,0.0100,57502,430.6,0
288,16,54,26.710,0.0100,57646,431.7,0
289,23,54,26.790,0.0100,57824,433.1,0
290,15,54,26.530,0.0100,57941,434.0,0
291,39,54,26.560,0.0100,58294,436.7,0
292,39,54,26.670,0.0100,58677,439.6,0
293,17,54,26.560,0.0100,58812,440.7,0
294,50,54,26.890,0.0100,59227,443.9,0
295,22,54,26.770,0.0100,59424,445.5,0
296,33,54,26.690,0.0100,59738,447.9,0
297,9,54,26.580,0.0100,59819,448.5,0
298,30,54,26.600,0.0100,60070,450.4,0
299,14,54,26.570,0.0100,60182,451.3,0
300,28,54,26.510,0.0100,60416,453.3,0
301,24,54,26.600,0.0100,60582,457.8,0
302,34,54,26.840,0.0100,60927,460.4,0
303,22,54,26.820,0.0100,61122,462.1,0
304,37,54,26.920,0.0100,61448,465.4,0
305,22,54,26.930,0.0100,61675,468.0,0
306,29,54,27.110,0.0100,61973,470.8,0
307,21,54,27.030,0.0100,62142,472.4,0
308,33,54,27.130,0.0100,62463,474.9,0
309,33,54,27.250,0.0100,62769,477.3,0
310,31,54,27.390,0.0100,63010,479.2,0
311,14,54,27.010,0.0100,63121,480.0,0
312,35,54,27.050,0.0100,63439,482.4,0
313,19,54,26.830,0.0100,63619,483.8,0
314,25,54,26.980,0.0100,63847,485.6,0
315,17,54,26.920,0.0100,63979,486.8,0
316,28,54,27.000,0.0100,64225,489.0,0
317,31,54,27.070,0.0100,64498,491.5,0
318,23,54,26.990,0.0100,64685,493.1,0
319,40,54,26.980,0.0100,65060,496.1,0
320,20,54,27.070,0.0100,65219,497.5,0
321,16,54,26.900,0.0100,65356,498.6,0
322,39,54,27.060,0.0100,65756,501.9,0
323,19,54,27.030,0.0100,65926,503.6,0
324,19,54,26.990,0.0100,66091,505.2,0
325,61,61,27.230,0.0100,66660,509.9,0
326,24,61,27.190,0.0100,66929,512.0,0
327,32,61,27.160,0.0100,67209,514.2,0
328,12,61,27.000,0.0100,67302,515.0,0
329,38,61,27.200,0.0100,67683,518.1,0
330,43,61,27.290,0.0100,68094,521.7,0
331,19,61,27.110,0.0100,68247,523.1,0
332,31,61,27.120,0.0100,68522,525.7,0
333,25,61,27.210,0.0100,68744,527.9,0
334,32,61,27.370,0.0100,69041,530.5,0
335,25,61,27.330,0.0100,69274,532.4,0
336,28,61,27.380,0.0100,69518,534.5,0
337,23,61,27.490,0.0100,69727,536.3,0
338,19,61,27.340,0.0100,69864,537.5,0
339,27,61,27.240,0.0100,70124,539.7,0
340,40,61,27.500,0.0100,70488,542.9,0
341,21,61,27.350,0.0100,70661,544.5,0
342,13,61,27.120,0.0100,70747,545.2,0
343,39,61,27.130,0.0100,71089,548.2,0
344,19,61,26.990,0.0100,71278,549.7,0
345,32,61,27.120,0.0100,71546,551.7,0
346,19,61,27.120,0.0100,71718,553.1,0
347,42,61,27.290,0.0100,72109,556.3,0
348,16,61,27.080,0.0100,72250,557.6,0
349,38,61,27.250,0.0100,72600,560.3,0
350,8,61,27.160,0.0100,72675,560.9,0
351,40,61,27.410,0.0100,73000,563.5,0
352,16,61,27.400,0.0100,73150,564.7,0
353,19,61,27.350,0.0100,73305,565.9,0
354,21,61,27.380,0.0100,73465,567.2,0
355,32,61,27.330,0.0100,73773,569.6,0
356,18,61,27.080,0.0100,73924,570.9,0
357,9,61,26.880,0.0100,73997,571.5,0
358,28,61,26.630,0.0100,74193,573.3,0
359,14,61,26.530,0.0100,74306,574.2,0
360,18,61,26.270,0.0100,74465,575.5,0
361,47,61,26.360,0.0100,74883,579.1,0
362,33,61,26.410,0.0100,75175,581.5,0
363,13,61,26.290,0.0100,75298,582.6,0
364,23,61,26.290,0.0100,75457,583.9,0
365,51,61,26.570,0.0100,75908,587.7,0
366,40,61,26.770,0.0100,76216,590.2,0
367,31,61,26.980,0.0100,76500,592.6,0
368,29,61,27.140,0.0100,76782,595.1,0
369,22,61,27.140,0.0100,76924,596.3,0
370,51,61,27.400,0.0100,77388,600.4,0
371,36,61,27.400,0.0100,77713,603.2,0
372,29,61,27.280,0.0100,77979,605.4,0
373,15,61,27.210,0.0100,78138,606.8,0
374,43,61,27.540,0.0100,78544,610.2,0
375,38,61,27.840,0.0100,78866,613.1,0
376,23,61,27.640,0.0100,79092,614.9,0
377,27,61,27.390,0.0100,79307,616.7,0
378,14,61,27.040,0.0100,79441,617.7,0
379,31,61,26.970,0.0100,79707,619.8,0
380,44,61,27.290,0.0100,80114,623.2,0
381,20,61,27.310,0.0100,80298,624.7,0
382,34,61,27.110,0.0100,80552,626.9,0
383,20,61,27.140,0.0100,80710,628.3,0
384,25,61,27.170,0.0100,80930,630.5,0
385,23,61,27.300,0.0100,81106,632.1,0
386,16,61,27.070,0.0100,81231,633.3,0
387,39,61,27.240,0.0100,81554,636.7,0
388,23,61,27.310,0.0100,81779,638.9,0
389,58,61,27.660,0.0100,82435,644.9,0
390,31,61,27.820,0.0100,82707,647.3,0
391,22,61,27.650,0.0100,82918,649.2,0
392,35,61,27.610,0.0100,83200,651.7,0
393,18,61,27.620,0.0100,83360,653.0,0
394,37,61,27.490,0.0100,83725,656.2,0
395,20,61,27.470,0.0100,83900,657.6,0
396,42,61,27.560,0.0100,84330,661.4,0
397,34,61,27.810,0.0100,84665,664.4,0
398,25,61,27.760,0.0100,84908,666.6,0
399,19,61,27.810,0.0100,85079,668.0,0
400,32,61,27.850,0.0100,85353,670.5,0
401,32,61,27.930,0.0100,85635,675.5,0
402,46,61,28.050,0.0100,86057,679.0,0
403,19,61,28.020,0.0100,86350,681.5,0
404,27,61,27.920,0.0100,86649,683.7,0
405,14,61,27.840,0.0100,86752,684.5,0
406,36,61,27.910,0.0100,87117,687.3,0
407,46,61,28.160,0.0100,87538,690.6,0
408,30,61,28.130,0.0100,87812,692.9,0
409,34,61,28.140,0.0100,88152,695.8,0
410,27,61,28.100,0.0100,88373,697.5,0
411,11,61,28.070,0.0100,88450,698.2,0
412,14,61,27.860,0.0100,88546,699.0,0
413,33,61,28.000,0.0100,88838,701.5,0
414,27,61,28.020,0.0100,89084,703.6,0
415,43,61,28.280,0.0100,89489,706.9,0
416,65,65,28.650,0.0100,90197,712.8,0
417,32,65,28.660,0.0100,90450,714.7,0
418,38,65,28.810,0.0100,90812,717.5,0
419,33,65,28.740,0.0100,91164,720.2,0
420,30,65,28.840,0.0100,91439,722.5,0
421,21,65,28.890,0.0100,91615,723.9,0
422,22,65,28.720,0.0100,91799,725.4,0
423,27,65,28.800,0.0100,91990,727.1,0
424,30,65,28.910,0.0100,92252,729.2,0
425,41,65,28.710,0.0100,92646,732.7,0
426,28,65,28.750,0.0100,92888,734.7,0
427,26,65,28.690,0.0100,93123,736.5,0
428,39,65,28.960,0.0100,93470,739.4,0
429,21,65,28.790,0.0100,93635,740.8,0
430,31,65,28.670,0.0100,93918,743.1,0
431,13,65,28.610,0.0100,94022,743.9,0
432,18,65,28.480,0.0100,94185,745.1,0
433,26,65,28.490,0.0100,94403,746.8,0
434,21,65,28.380,0.0100,94576,748.2,0
435,19,65,28.320,0.0100,94729,749.3,0
436,18,65,28.220,0.0100,94894,750.6,0
437,14,65,28.130,0.0100,95002,751.4,0
438,29,65,28.230,0.0100,95259,753.3,0
439,18,65,28.140,0.0100,95404,754.5,0
440,28,65,28.020,0.0100,95653,756.4,0
441,15,65,27.960,0.0100,95755,757.2,0
442,35,65,28.180,0.0100,96063,759.6,0
443,28,65,28.070,0.0100,96295,761.6,0
444,25,65,28.130,0.0100,96521,763.4,0
445,21,65,28.020,0.0100,96718,765.0,0
446,17,65,28.000,0.0100,96859,766.2,0
447,37,65,27.950,0.0100,97139,768.5,0
448,32,65,28.110,0.0100,97413,770.7,0
449,23,65,27.960,0.0100,97599,772.2,0
450,9,65,27.970,0.0100,97677,772.8,0
451,28,65,27.850,0.0100,97889,774.5,0
452,38,65,28.070,0.0100,98233,777.6,0
453,8,65,27.960,0.0100,98306,778.3,0
454,20,65,27.950,0.0100,98478,779.8,0
455,22,65,27.850,0.0100,98700,781.8,0
456,19,65,27.860,0.0100,98849,783.0,0
457,19,65,27.960,0.0100,98987,784.1,0
458,14,65,27.820,0.0100,99118,785.1,0
459,37,65,28.050,0.0100,99486,788.2,0
460,32,65,28.190,0.0100,99772,790.8,0
461,38,65,28.100,0.0100,100118,794.0,0
462,15,65,27.920,0.0100,100250,795.2,0
463,34,65,28.130,0.0100,100533,797.6,0
464,33,65,28.230,0.0100,100815,800.0,0
465,21,65,27.930,0.0100,100980,801.3,0
466,42,65,27.950,0.0100,101392,804.7,0
467,30,65,27.940,0.0100,101621,806.7,0
468,36,65,28.010,0.0100,101915,809.0,0
469,25,65,28.040,0.0100,102127,810.6,0
470,34,65,27.870,0.0100,102466,813.3,0
471,12,65,27.630,0.0100,102566,814.1,0
472,39,65,27.730,0.0100,102885,816.7,0
473,29,65,27.870,0.0100,103205,819.1,0
474,15,65,27.590,0.0100,103350,820.2,0
475,34,65,27.550,0.0100,103633,822.5,0
476,49,65,27.810,0.0100,104100,826.5,0
477,38,65,27.920,0.0100,104393,828.9,0
478,15,65,27.930,0.0100,104550,830.2,0
479,37,65,27.990,0.0100,104863,832.7,0
480,31,65,27.860,0.0100,105165,835.0,0
481,10,65,27.760,0.0100,105253,835.8,0
482,10,65,27.520,0.0100,105339,836.5,0
483,48,65,27.800,0.0100,105773,840.0,0
484,31,65,27.860,0.0100,106105,842.6,0
485,15,65,27.780,0.0100,106242,843.6,0
486,24,65,27.860,0.0100,106469,845.4,0
487,38,65,27.850,0.0100,106779,847.9,0
488,36,65,27.980,0.0100,107082,850.3,0
489,21,65,27.610,0.0100,107262,851.6,0
490,9,65,27.390,0.0100,107325,852.2,0
491,30,65,27.470,0.0100,107605,854.6,0
492,19,65,27.310,0.0100,107766,855.8,0
493,11,65,27.240,0.0100,107876,856.6,0
494,33,65,27.200,0.0100,108212,859.4,0
495,26,65,27.260,0.0100,108426,861.2,0
496,49,65,27.330,0.0100,108855,864.6,0
497,44,65,27.430,0.0100,109271,868.0,0
498,47,65,27.650,0.0100,109664,871.1,0
499,29,65,27.750,0.0100,109937,873.2,0
500,20,65,27.630,0.0100,110093,874.4,0
501,6,65,27.370,0.0100,110141,877.6,0
502,25,65,27.160,0.0100,110343,879.1,0
503,33,65,27.300,0.0100,110655,881.6,0
504,27,65,27.300,0.0100,110853,883.1,0
505,16,65,27.320,0.0100,110985,884.1,0
506,33,65,27.290,0.0100,111295,886.5,0
507,22,65,27.050,0.0100,111456,887.9,0
508,27,65,27.020,0.0100,111674,889.6,0
509,15,65,26.830,0.0100,111811,890.7,0
510,28,65,26.840,0.0100,112062,892.7,0
511,50,65,27.230,0.0100,112521,896.5,0
512,28,65,27.370,0.0100,112746,898.3,0
513,32,65,27.360,0.0100,113079,900.9,0
514,26,65,27.350,0.0100,113269,902.5,0
515,42,65,27.340,0.0100,113618,905.2,0
516,14,65,26.830,0.0100,113749,906.2,0
517,28,65,26.790,0.0100,113972,908.0,0
518,9,65,26.500,0.0100,114043,908.5,0
519,19,65,26.360,0.0100,114211,909.9,0
520,16,65,26.220,0.0100,114333,910.8,0
521,16,65,26.170,0.0100,114450,911.8,0
522,16,65,26.110,0.0100,114608,913.0,0
523,32,65,26.160,0.0100,114878,915.1,0
524,33,65,26.190,0.0100,115149,917.2,0
525,26,65,26.040,0.0100,115359,918.8,0
526,25,65,26.010,0.0100,115568,920.5,0
527,43,65,26.180,0.0100,115966,923.8,0
528,29,65,26.080,0.0100,116273,938.6,0
529,41,65,26.280,0.0100,116616,941.4,0
530,16,65,26.130,0.0100,116757,942.5,0
531,37,65,26.370,0.0100,117076,945.4,0
532,18,65,26.370,0.0100,117239,946.8,0
533,23,65,26.340,0.0100,117436,948.5,0
534,47,65,26.600,0.0100,117895,952.3,0
535,42,65,26.830,0.0100,118296,955.4,0
536,42,65,27.070,0.0100,118707,958.8,0
537,31,65,27.240,0.0100,118995,961.3,0
538,19,65,27.140,0.0100,119163,962.6,0
539,28,65,27.240,0.0100,119412,964.8,0
540,14,65,27.100,0.0100,119523,965.8,0
541,27,65,27.220,0.0100,119775,967.9,0
542,39,65,27.260,0.0100,120099,970.5,0
543,32,65,27.300,0.0100,120358,972.6,0
544,20,65,27.250,0.0100,120521,973.9,0
545,18,65,27.220,0.0100,120660,975.0,0
546,31,65,27.360,0.0100,120976,977.5,0
547,13,65,27.120,0.0100,121096,978.4,0
548,44,65,27.240,0.0100,121476,981.7,0
549,21,65,27.220,0.0100,121662,983.3,0
550,37,65,27.500,0.0100,121969,985.6,0
551,27,65,27.490,0.0100,122199,987.4,0
552,18,65,27.290,0.0100,122324,988.4,0
553,30,65,27.510,0.0100,122563,990.2,0
554,26,65,27.570,0.0100,122767,991.8,0
555,16,65,27.510,0.0100,122913,992.9,0
556,12,65,27.440,0.0100,123000,993.5,0
557,10,65,27.350,0.0100,123108,994.3,0
558,20,65,27.410,0.0100,123280,995.6,0
559,45,65,27.490,0.0100,123709,998.9,0
560,33,65,27.500,0.0100,124017,1001.2,0
561,15,65,27.270,0.0100,124140,1001.9,0
562,37,65,27.490,0.0100,124466,1004.5,0
563,29,65,27.440,0.0100,124763,1006.7,0
564,40,65,27.510,0.0100,125084,1009.3,0
565,19,65,27.490,0.0100,125284,1010.7,0
566,16,65,27.230,0.0100,125407,1011.7,0
567,28,65,27.210,0.0100,125644,1013.6,0
568,29,65,27.140,0.0100,125928,1015.8,0
569,37,65,27.260,0.0100,126247,1018.2,0
570,22,65,27.140,0.0100,126438,1019.7,0
571,21,65,27.230,0.0100,126657,1021.3,0
572,37,65,27.210,0.0100,126995,1023.9,0
573,18,65,27.100,0.0100,127139,1024.9,0
574,20,65,27.150,0.0100,127292,1026.1,0
575,20,65,27.010,0.0100,127451,1027.3,0
576,42,65,26.940,0.0100,127815,1030.1,0
577,20,65,26.760,0.0100,127969,1031.2,0
578,18,65,26.790,0.0100,128147,1032.5,0
579,36,65,26.780,0.0100,128430,1034.7,0
580,53,65,27.000,0.0100,128923,1038.5,0
581,19,65,27.090,0.0100,129080,1039.7,0
582,47,65,27.460,0.0100,129527,1043.0,0
583,22,65,27.200,0.0100,129705,1044.4,0
584,22,65,27.110,0.0100,129883,1045.7,0
585,17,65,27.130,0.0100,130036,1046.8,0
586,31,65,27.200,0.0100,130280,1048.6,0
587,20,65,27.020,0.0100,130466,1050.1,0
588,46,65,27.120,0.0100,130887,1053.2,0
589,23,65,27.140,0.0100,131072,1054.6,0
590,25,65,27.300,0.0100,131249,1055.9,0
591,33,65,27.330,0.0100,131528,1058.0,0
592,9,65,27.230,0.0100,131591,1058.5,0
593,35,65,27.470,0.0100,131903,1060.8,0
594,10,65,27.240,0.0100,131978,1061.4,0
595,33,65,27.310,0.0100,132275,1063.7,0
596,43,65,27.250,0.0100,132633,1066.9,0
597,42,65,27.230,0.0100,132991,1069.7,0
598,29,65,27.050,0.0100,133265,1072.0,0
599,19,65,26.950,0.0100,133422,1073.2,0
600,25,65,27.000,0.0100,133633,1074.9,0
601,17,65,27.110,0.0100,133783,1079.2,0
602,23,65,27.090,0.0100,133996,1080.9,0
603,22,65,26.980,0.0100,134178,1082.4,0
604,47,65,27.180,0.0100,134618,1086.1,0
605,31,65,27.330,0.0100,134863,1088.1,0
606,12,65,27.120,0.0100,134961,1088.9,0
607,40,65,27.300,0.0100,135362,1092.2,0
608,30,65,27.330,0.0100,135603,1094.1,0
609,27,65,27.450,0.0100,135860,1096.2,0
610,34,65,27.510,0.0100,136115,1098.2,0
611,31,65,27.320,0.0100,136414,1100.5,0
612,14,65,27.180,0.0100,136528,1101.3,0
613,14,65,27.000,0.0100,136646,1102.2,0
614,23,65,26.970,0.0100,136857,1103.8,0
615,32,65,26.870,0.0100,137159,1106.1,0
616,20,65,26.930,0.0100,137337,1107.4,0
617,29,65,26.940,0.0100,137573,1109.4,0
618,13,65,26.980,0.0100,137672,1110.2,0
619,33,65,27.120,0.0100,137974,1112.5,0
620,15,65,27.110,0.0100,138084,1113.3,0
621,41,65,27.360,0.0100,138411,1115.9,0
622,22,65,27.420,0.0100,138597,1117.3,0
623,17,65,27.270,0.0100,138729,1118.3,0
624,8,65,27.020,0.0100,138799,1118.9,0
625,20,65,26.960,0.0100,138981,1120.3,0
626,22,65,26.930,0.0100,139202,1121.9,0
627,30,65,26.800,0.0100,139469,1123.9,0
628,27,65,26.780,0.0100,139722,1125.7,0
629,15,65,26.520,0.0100,139854,1126.7,0
630,27,65,26.630,0.0100,140121,1128.9,0
631,51,65,26.770,0.0100,140646,1132.6,0
632,15,65,26.740,0.0100,140763,1133.6,0
633,30,65,26.810,0.0100,141043,1135.5,0
634,28,65,26.620,0.0100,141256,1137.0,0
635,47,65,26.670,0.0100,141702,1140.3,0
636,20,65,26.450,0.0100,141872,1141.6,0
637,19,65,26.330,0.0100,142024,1142.7,0
638,27,65,26.410,0.0100,142262,1144.5,0
639,29,65,26.420,0.0100,142517,1146.5,0
640,20,65,26.480,0.0100,142705,1147.9,0
641,19,65,26.400,0.0100,142875,1149.1,0
642,20,65,26.210,0.0100,143034,1150.3,0
643,38,65,26.270,0.0100,143349,1152.7,0
644,8,65,26.150,0.0100,143417,1153.2,0
645,34,65,26.310,0.0100,143717,1155.4,0
646,14,65,26.140,0.0100,143820,1156.2,0
647,34,65,26.350,0.0100,144106,1158.3,0
648,26,65,26.170,0.0100,144304,1159.8,0
649,25,65,26.210,0.0100,144564,1161.7,0
650,22,65,26.060,0.0100,144769,1163.2,0
651,28,65,26.070,0.0100,145019,1165.2,0
652,35,65,26.240,0.0100,145423,1168.4,0
653,21,65,26.150,0.0100,145587,1169.7,0
654,34,65,26.230,0.0100,145876,1172.4,0
655,15,65,26.220,0.0100,145992,1173.3,0
656,18,65,26.280,0.0100,146112,1174.4,0
657,23,65,26.410,0.0100,146316,1176.2,0
658,15,65,26.360,0.0100,146457,1177.4,0
659,14,65,26.050,0.0100,146572,1178.3,0
660,27,65,25.990,0.0100,146786,1179.9,0
661,16,65,26.000,0.0100,146888,1180.7,0
662,29,65,25.920,0.0100,147139,1182.5,0
663,17,65,25.800,0.0100,147279,1183.7,0
664,29,65,25.690,0.0100,147521,1185.6,0
665,26,65,25.760,0.0100,147777,1187.7,0
666,26,65,25.860,0.0100,148019,1189.5,0
667,25,65,25.830,0.0100,148249,1191.2,0
668,27,65,25.810,0.0100,148490,1193.1,0
669,22,65,25.660,0.0100,148664,1194.5,0
670,14,65,25.580,0.0100,148781,1195.3,0
671,23,65,25.600,0.0100,148952,1196.7,0
672,49,65,25.720,0.0100,149413,1200.3,0
673,14,65,25.680,0.0100,149539,1201.3,0
674,25,65,25.730,0.0100,149754,1202.9,0
675,15,65,25.680,0.0100,149881,1203.9,0
676,41,65,25.670,0.0100,150220,1206.6,0
677,20,65,25.670,0.0100,150389,1207.9,0
678,21,65,25.700,0.0100,150563,1209.4,0
679,33,65,25.670,0.0100,150857,1211.9,0
680,24,65,25.380,0.0100,151096,1213.8,0
