parties,score_moyen_50,record,secondes
1,2.0,2,0.6
1,2.0,2,0.7
1,2.0,2,0.7
1,2.0,2,0.7
1,2.0,2,0.7
1,2.0,2,0.8
1,2.0,2,0.8
1,2.0,2,0.9
1,2.0,2,0.9
1,2.0,2,1.0
1,2.0,2,1.0
1,2.0,2,1.1
1,2.0,2,1.1
1,2.0,2,1.1
1,2.0,2,1.2
1,2.0,2,1.2
1,2.0,2,1.3
1,2.0,2,1.3
1,2.0,2,1.4
1,2.0,2,1.4
1,2.0,2,1.4
1,2.0,2,1.5
1,2.0,2,1.5
1,2.0,2,1.6
2,2.0,2,1.6
2,2.0,2,1.7
2,2.0,2,1.7
2,2.0,2,1.8
2,2.0,2,1.8
2,2.0,2,1.9
2,2.0,2,1.9
2,2.0,2,1.9
2,2.0,2,2.0
2,2.0,2,2.0
2,2.0,2,2.1
2,2.0,2,2.1
2,2.0,2,2.1
2,2.0,2,2.2
2,2.0,2,2.2
2,2.0,2,2.3
2,2.0,2,2.3
2,2.0,2,2.3
2,2.0,2,2.4
2,2.0,2,2.5
2,2.0,2,2.5
2,2.0,2,2.5
2,2.0,2,2.6
2,2.0,2,2.6
2,2.0,2,2.6
2,2.0,2,2.7
2,2.0,2,2.7
3,2.0,2,2.8
3,2.0,2,2.8
3,2.0,2,2.9
3,2.0,2,2.9
3,2.0,2,3.0
3,2.0,2,3.0
3,2.0,2,3.1
3,2.0,2,3.1
3,2.0,2,3.1
3,2.0,2,3.2
3,2.0,2,3.2
3,2.0,2,3.3
3,2.0,2,3.3
3,2.0,2,3.4
3,2.0,2,3.4
3,2.0,2,3.4
3,2.0,2,3.5
3,2.0,2,3.5
3,2.0,2,3.6
4,2.0,2,3.6
5,2.0,2,3.7
5,2.0,2,3.7
5,2.0,2,3.8
5,2.0,2,3.8
5,2.0,2,3.9
5,2.0,2,3.9
5,2.0,2,3.9
5,2.0,2,4.0
5,2.0,2,4.0
6,2.17,3,4.1
6,2.17,3,4.1
6,2.17,3,4.2
6,2.17,3,4.2
6,2.17,3,4.3
6,2.17,3,4.3
6,2.17,3,4.4
6,2.17,3,4.4
6,2.17,3,4.5
6,2.17,3,4.5
6,2.17,3,4.6
7,2.14,3,4.6
7,2.14,3,4.7
7,2.14,3,4.7
7,2.14,3,4.8
7,2.14,3,4.8
8,2.12,3,4.9
8,2.12,3,4.9
8,2.12,3,5.0
8,2.12,3,5.0
8,2.12,3,5.1
8,2.12,3,5.1
8,2.12,3,5.2
8,2.12,3,5.2
8,2.12,3,5.3
8,2.12,3,5.3
8,2.12,3,5.4
8,2.12,3,5.4
8,2.12,3,5.5
8,2.12,3,5.5
8,2.12,3,5.6
8,2.12,3,5.6
9,2.11,3,5.7
9,2.11,3,5.7
9,2.11,3,5.8
9,2.11,3,5.8
9,2.11,3,5.8
9,2.11,3,5.9
9,2.11,3,5.9
9,2.11,3,6.0
9,2.11,3,6.0
9,2.11,3,6.1
9,2.11,3,6.1
9,2.11,3,6.2
10,2.1,3,6.2
10,2.1,3,6.3
10,2.1,3,6.3
10,2.1,3,6.3
10,2.1,3,6.4
10,2.1,3,6.4
10,2.1,3,6.5
10,2.1,3,6.5
11,2.09,3,6.6
12,2.08,3,6.6
14,2.07,3,6.6
14,2.07,3,6.7
14,2.07,3,6.7
15,2.07,3,6.8
16,2.06,3,6.8
17,2.06,3,6.9
17,2.06,3,6.9
17,2.06,3,6.9
17,2.06,3,7.0
17,2.06,3,7.0
17,2.06,3,7.1
17,2.06,3,7.1
17,2.06,3,7.2
17,2.06,3,7.2
18,2.06,3,7.2
18,2.06,3,7.3
18,2.06,3,7.3
18,2.06,3,7.4
18,2.06,3,7.4
19,2.05,3,7.4
19,2.05,3,7.5
19,2.05,3,7.5
19,2.05,3,7.6
19,2.05,3,7.6
19,2.05,3,7.6
19,2.05,3,7.7
19,2.05,3,7.7
19,2.05,3,7.8
19,2.05,3,7.8
19,2.05,3,7.9
19,2.05,3,7.9
19,2.05,3,8.0
19,2.05,3,8.0
19,2.05,3,8.0
19,2.05,3,8.1
19,2.05,3,8.1
19,2.05,3,8.2
19,2.05,3,8.2
19,2.05,3,8.3
19,2.05,3,8.3
19,2.05,3,8.3
20,2.05,3,8.4
20,2.05,3,8.4
21,2.05,3,8.5
22,2.05,3,8.5
22,2.05,3,8.6
23,2.04,3,8.6
23,2.04,3,8.6
23,2.04,3,8.7
23,2.04,3,8.7
23,2.04,3,8.8
23,2.04,3,8.8
23,2.04,3,8.8
23,2.04,3,8.9
23,2.04,3,8.9
24,2.04,3,9.0
24,2.04,3,9.0
24,2.04,3,9.1
24,2.04,3,9.1
24,2.04,3,9.1
24,2.04,3,9.2
24,2.04,3,9.2
24,2.04,3,9.3
24,2.04,3,9.3
24,2.04,3,9.3
24,2.04,3,9.4
24,2.04,3,9.4
24,2.04,3,9.5
24,2.04,3,9.5
24,2.04,3,9.5
24,2.04,3,9.6
25,2.04,3,9.6
25,2.04,3,9.7
25,2.04,3,9.7
25,2.04,3,9.8
25,2.04,3,9.8
25,2.04,3,9.8
26,2.04,3,9.9
27,2.04,3,9.9
27,2.04,3,10.0
27,2.04,3,10.0
27,2.04,3,10.1
27,2.04,3,10.1
27,2.04,3,10.1
27,2.04,3,10.2
27,2.04,3,10.2
28,2.04,3,10.3
29,2.03,3,10.3
29,2.03,3,10.3
29,2.03,3,10.4
30,2.07,3,10.5
33,2.09,3,10.5
34,2.12,3,10.5
34,2.12,3,10.6
34,2.12,3,10.6
35,2.11,3,10.7
35,2.11,3,10.7
35,2.11,3,10.8
35,2.11,3,10.8
35,2.11,3,10.8
35,2.11,3,10.9
35,2.11,3,10.9
35,2.11,3,11.0
35,2.11,3,11.0
35,2.11,3,11.1
35,2.11,3,11.1
35,2.11,3,11.1
35,2.11,3,11.2
35,2.11,3,11.2
35,2.11,3,11.3
36,2.11,3,11.3
36,2.11,3,11.3
37,2.14,3,11.4
37,2.14,3,11.4
37,2.14,3,11.5
37,2.14,3,11.5
37,2.14,3,11.5
37,2.14,3,11.6
38,2.13,3,11.6
38,2.13,3,11.7
39,2.13,3,11.7
39,2.13,3,11.8
40,2.12,3,11.8
40,2.12,3,11.9
40,2.12,3,11.9
40,2.12,3,11.9
41,2.12,3,12.0
41,2.12,3,12.0
41,2.12,3,12.1
41,2.12,3,12.1
41,2.12,3,12.2
41,2.12,3,12.2
41,2.12,3,12.2
41,2.12,3,12.3
41,2.12,3,12.3
43,2.12,3,12.4
43,2.12,3,12.4
44,2.11,3,12.5
44,2.11,3,12.5
77,0.76,3,12.5
78,0.78,3,12.6
78,0.78,3,12.6
78,0.78,3,12.7
78,0.78,3,12.7
78,0.78,3,12.7
78,0.78,3,12.8
78,0.78,3,12.8
78,0.78,3,12.9
78,0.78,3,12.9
78,0.78,3,13.0
78,0.78,3,13.0
78,0.78,3,13.0
78,0.78,3,13.1
78,0.78,3,13.1
78,0.78,3,13.2
78,0.78,3,13.2
79,0.8,3,13.3
79,0.8,3,13.3
79,0.8,3,13.3
79,0.8,3,13.4
79,0.8,3,13.4
80,0.78,3,13.5
81,0.78,3,13.5
82,0.76,3,13.5
82,0.76,3,13.6
82,0.76,3,13.6
82,0.76,3,13.7
82,0.76,3,13.7
82,0.76,3,13.8
82,0.76,3,13.8
83,0.76,3,13.9
83,0.76,3,13.9
83,0.76,3,13.9
83,0.76,3,14.0
84,0.74,3,14.0
85,0.74,3,14.1
85,0.74,3,14.1
85,0.74,3,14.2
85,0.74,3,14.2
85,0.74,3,14.2
85,0.74,3,14.3
85,0.74,3,14.3
85,0.74,3,14.4
87,0.72,3,14.4
87,0.72,3,14.5
88,0.72,3,14.5
89,0.72,3,14.5
89,0.72,3,14.6
89,0.72,3,14.6
89,0.72,3,14.7
89,0.72,3,14.7
89,0.72,3,14.7
89,0.72,3,14.8
89,0.72,3,14.8
89,0.72,3,14.9
89,0.72,3,14.9
89,0.72,3,15.0
89,0.72,3,15.0
90,0.72,3,15.0
91,0.72,3,15.1
91,0.72,3,15.1
92,0.72,3,15.2
92,0.72,3,15.2
93,0.72,3,15.3
94,0.72,3,15.3
95,0.76,3,15.3
95,0.76,3,15.4
95,0.76,3,15.4
95,0.76,3,15.5
96,0.82,3,15.5
96,0.82,3,15.6
96,0.82,3,15.6
96,0.82,3,15.6
97,0.86,3,15.7
97,0.86,3,15.7
97,0.86,3,15.8
98,0.9,3,15.8
98,0.9,3,15.9
99,0.9,3,15.9
99,0.9,3,15.9
100,0.94,3,16.0
100,0.94,3,16.0
100,0.94,3,16.1
100,0.94,3,16.1
100,0.94,3,16.2
100,0.94,3,16.2
101,0.98,3,16.2
101,0.98,3,16.3
101,0.98,3,16.3
102,1.02,3,16.4
102,1.02,3,16.4
102,1.02,3,16.5
103,1.06,3,16.5
103,1.06,3,16.5
103,1.06,3,16.6
103,1.06,3,16.6
105,1.14,3,16.7
105,1.14,3,16.7
105,1.14,3,16.7
105,1.14,3,16.8
107,1.22,3,16.8
107,1.22,3,16.9
107,1.22,3,16.9
107,1.22,3,17.0
107,1.22,3,17.0
107,1.22,3,17.0
107,1.22,3,17.1
107,1.22,3,17.1
108,1.24,3,17.2
108,1.24,3,17.2
108,1.24,3,17.3
109,1.26,3,17.3
109,1.26,3,17.3
109,1.26,3,17.4
109,1.26,3,17.4
111,1.34,3,17.5
111,1.34,3,17.5
111,1.34,3,17.5
112,1.38,3,17.6
112,1.38,3,17.6
112,1.38,3,17.7
113,1.42,3,17.7
113,1.42,3,17.8
114,1.46,3,17.8
117,1.54,3,17.9
118,1.58,3,17.9
119,1.6,3,17.9
119,1.6,3,18.0
119,1.6,3,18.0
120,1.64,3,18.1
120,1.64,3,18.1
120,1.64,3,18.2
121,1.68,3,18.2
121,1.68,3,18.2
122,1.72,3,18.3
122,1.72,3,18.3
123,1.78,3,18.4
123,1.78,3,18.4
123,1.78,3,18.5
123,1.78,3,18.5
123,1.78,3,18.5
124,1.84,3,18.6
124,1.84,3,18.6
124,1.84,3,18.7
124,1.84,3,18.7
124,1.84,3,18.7
124,1.84,3,18.8
125,1.86,3,18.8
126,1.9,3,18.9
126,1.9,3,18.9
126,1.9,3,19.0
126,1.9,3,19.0
127,1.94,3,19.0
201,1.92,3,24.4
201,1.92,3,24.4
201,1.92,3,24.4
201,1.92,3,24.5
201,1.92,3,24.5
202,1.98,4,24.6
202,1.98,4,24.6
202,1.98,4,24.7
202,1.98,4,24.7
202,1.98,4,24.8
202,1.98,4,24.8
202,1.98,4,24.8
202,1.98,4,24.9
202,1.98,4,24.9
203,1.98,4,25.0
203,1.98,4,25.0
204,1.96,4,25.1
204,1.96,4,25.1
204,1.96,4,25.2
204,1.96,4,25.2
204,1.96,4,25.2
205,1.96,4,25.3
205,1.96,4,25.3
209,1.96,4,25.4
209,1.96,4,25.4
213,1.84,4,25.5
215,1.84,4,25.5
216,1.84,4,25.5
217,1.86,4,25.6
217,1.86,4,25.6
217,1.86,4,25.7
217,1.86,4,25.7
218,1.86,4,25.8
220,1.86,4,25.8
220,1.86,4,25.9
220,1.86,4,25.9
220,1.86,4,25.9
221,1.86,4,26.0
222,1.86,4,26.0
223,1.86,4,26.1
223,1.86,4,26.1
223,1.86,4,26.2
224,1.9,4,26.2
225,1.94,4,26.3
225,1.94,4,26.3
225,1.94,4,26.4
228,1.98,4,26.4
229,1.98,4,26.5
230,1.98,4,26.5
230,1.98,4,26.5
230,1.98,4,26.6
231,2.02,4,26.6
231,2.02,4,26.7
232,2.02,4,26.7
233,2.0,4,26.8
234,2.04,4,26.8
235,2.06,4,26.9
236,2.06,4,26.9
238,2.04,4,27.0
238,2.04,4,27.0
238,2.04,4,27.0
239,2.04,4,27.1
240,2.04,4,27.1
240,2.04,4,27.2
240,2.04,4,27.2
241,2.04,4,27.3
241,2.04,4,27.3
242,2.04,4,27.3
242,2.04,4,27.4
243,2.02,4,27.4
245,1.98,4,27.5
245,1.98,4,27.5
245,1.98,4,27.6
245,1.98,4,27.6
247,1.96,4,27.7
248,1.96,4,27.7
249,1.96,4,27.8
250,1.96,4,27.8
251,1.96,4,27.9
252,1.92,4,27.9
252,1.92,4,27.9
252,1.92,4,28.0
253,1.92,4,28.0
253,1.92,4,28.1
254,1.92,4,28.1
254,1.92,4,28.2
256,1.92,4,28.2
257,1.92,4,28.3
258,1.92,4,28.3
259,1.94,4,28.4
259,1.94,4,28.4
260,1.98,4,28.4
262,2.02,4,28.5
263,2.06,4,28.5
264,2.06,4,28.6
265,2.02,4,28.6
265,2.02,4,28.7
265,2.02,4,28.7
265,2.02,4,28.8
265,2.02,4,28.9
266,2.02,4,28.9
267,2.0,4,29.0
267,2.0,4,29.0
269,2.02,4,29.1
270,2.02,4,29.1
270,2.02,4,29.1
271,2.02,4,29.2
271,2.02,4,29.2
271,2.02,4,29.3
272,2.02,4,29.3
272,2.02,4,29.4
272,2.02,4,29.4
273,1.98,4,29.5
275,1.94,4,29.5
277,1.94,4,29.6
279,1.94,4,29.6
282,1.96,4,29.7
283,1.96,4,29.7
285,1.98,4,29.8
286,1.98,4,29.8
290,2.0,4,29.9
291,2.0,4,29.9
291,2.0,4,29.9
291,2.0,4,30.0
291,2.0,4,30.0
291,2.0,4,30.1
293,2.04,4,30.1
294,2.06,4,30.2
294,2.06,4,30.2
294,2.06,4,30.2
296,2.08,4,30.3
296,2.08,4,30.3
296,2.08,4,30.4
296,2.08,4,30.4
298,2.08,4,30.5
299,2.1,4,30.5
301,2.1,4,30.6
301,2.1,4,30.6
302,2.1,4,30.7
303,2.1,4,30.7
303,2.1,4,30.8
305,2.1,4,30.8
305,2.1,4,30.8
305,2.1,4,30.9
306,2.1,4,30.9
307,2.1,4,31.0
308,2.1,4,31.0
310,2.1,4,31.1
310,2.1,4,31.1
310,2.1,4,31.1
310,2.1,4,31.2
311,2.1,4,31.2
312,2.1,4,31.3
314,2.1,4,31.3
315,2.14,4,31.4
315,2.14,4,31.4
315,2.14,4,31.5
319,2.16,4,31.5
320,2.16,4,31.5
323,2.2,4,31.6
326,2.2,4,31.6
326,2.2,4,31.7
327,2.2,4,31.7
400,2.38,5,34.7
400,2.38,5,34.8
401,2.38,5,34.8
402,2.42,5,34.9
407,2.42,5,34.9
407,2.42,5,35.0
410,2.44,5,35.0
411,2.44,5,35.1
411,2.44,5,35.1
411,2.44,5,35.2
411,2.44,5,35.2
412,2.44,5,35.3
413,2.48,5,35.3
414,2.48,5,35.3
416,2.46,5,35.4
416,2.46,5,35.4
418,2.44,5,35.5
420,2.46,5,35.5
420,2.46,5,35.6
420,2.46,5,35.6
422,2.44,5,35.7
422,2.44,5,35.7
423,2.46,5,35.8
424,2.46,5,35.8
425,2.46,5,35.9
428,2.4,5,35.9
428,2.4,5,35.9
428,2.4,5,36.0
430,2.44,5,36.0
431,2.44,5,36.1
431,2.44,5,36.1
432,2.42,5,36.2
433,2.42,5,36.2
436,2.4,5,36.3
437,2.4,5,36.3
437,2.4,5,36.3
438,2.4,5,36.4
439,2.4,5,36.4
441,2.34,5,36.5
441,2.34,5,36.5
441,2.34,5,36.6
441,2.34,5,36.6
443,2.32,5,36.6
443,2.32,5,36.7
445,2.32,5,36.7
446,2.32,5,36.8
448,2.32,5,36.8
450,2.32,5,36.9
451,2.32,5,36.9
453,2.28,5,37.0
454,2.3,5,37.0
455,2.32,5,37.1
455,2.32,5,37.1
455,2.32,5,37.1
458,2.36,5,37.2
460,2.36,5,37.2
461,2.36,5,37.3
463,2.34,5,37.3
464,2.36,5,37.4
465,2.36,5,37.4
467,2.38,5,37.5
469,2.42,5,37.5
472,2.44,5,37.5
472,2.44,5,37.6
474,2.44,5,37.6
475,2.46,5,37.7
475,2.46,5,37.7
477,2.46,5,37.8
477,2.46,5,37.8
479,2.44,5,37.8
481,2.44,5,37.9
481,2.44,5,37.9
481,2.44,5,38.0
481,2.44,5,38.0
481,2.44,5,38.1
481,2.44,5,38.1
483,2.54,6,38.2
483,2.54,6,38.2
484,2.52,6,38.2
486,2.56,6,38.3
487,2.56,6,38.3
487,2.56,6,38.4
487,2.56,6,38.4
488,2.56,6,38.4
489,2.56,6,38.5
493,2.62,6,38.5
493,2.62,6,38.6
495,2.62,6,38.6
496,2.64,6,38.7
499,2.64,6,38.7
500,2.64,6,38.8
500,2.64,6,38.8
501,2.64,6,38.9
502,2.66,6,38.9
502,2.66,6,38.9
504,2.64,6,39.0
506,2.62,6,39.0
509,2.58,6,39.1
509,2.58,6,39.1
509,2.58,6,39.2
510,2.62,6,39.2
511,2.62,6,39.3
513,2.6,6,39.3
517,2.62,6,39.4
520,2.56,6,39.4
521,2.58,6,39.5
523,2.6,6,39.5
524,2.6,6,39.5
526,2.6,6,39.6
600,2.34,6,41.8
601,2.36,6,41.9
603,2.36,6,41.9
605,2.34,6,42.0
610,2.36,6,42.0
611,2.38,6,42.0
612,2.38,6,42.1
617,2.36,6,42.1
617,2.36,6,42.2
618,2.36,6,42.3
620,2.32,6,42.4
623,2.4,6,42.4
623,2.4,6,42.5
625,2.44,6,42.6
627,2.44,6,42.6
628,2.46,6,42.7
628,2.46,6,42.7
632,2.56,6,42.7
636,2.64,6,42.8
636,2.64,6,42.8
637,2.64,6,42.9
637,2.64,6,42.9
637,2.64,6,43.0
637,2.64,6,43.0
639,2.64,6,43.0
640,2.64,6,43.1
642,2.64,6,43.1
645,2.66,6,43.2
645,2.66,6,43.2
645,2.66,6,43.3
650,2.68,6,43.3
651,2.66,6,43.4
653,2.7,6,43.4
656,2.76,6,43.4
658,2.74,6,43.5
658,2.74,6,43.5
660,2.82,6,43.6
661,2.8,6,43.6
664,2.86,6,43.7
665,2.84,6,43.7
668,2.84,6,43.8
670,2.86,6,43.8
672,2.82,6,43.9
675,2.78,6,43.9
676,2.82,6,44.0
678,2.82,6,44.0
682,2.74,6,44.1
685,2.64,6,44.1
688,2.7,6,44.2
689,2.74,6,44.2
693,2.7,6,44.3
693,2.7,6,44.3
694,2.68,6,44.3
696,2.74,6,44.4
697,2.78,6,44.4
699,2.78,6,44.5
699,2.78,6,44.5
702,2.8,6,44.6
705,2.74,6,44.6
707,2.66,6,44.7
709,2.6,6,44.7
711,2.56,6,44.8
712,2.54,6,44.8
712,2.54,6,44.8
712,2.54,6,44.9
714,2.54,6,45.0
715,2.54,6,45.0
723,2.54,6,45.1
725,2.6,6,45.1
727,2.58,6,45.2
727,2.58,6,45.2
803,3.2,7,47.4
807,3.3,7,47.5
809,3.32,7,47.5
809,3.32,7,47.5
810,3.3,7,47.6
818,3.38,7,47.7
820,3.4,7,47.7
822,3.52,7,47.7
823,3.52,7,47.8
825,3.62,7,47.8
826,3.6,7,47.9
827,3.64,7,47.9
829,3.62,7,48.0
830,3.62,7,48.0
830,3.62,7,48.1
830,3.62,7,48.1
832,3.64,7,48.2
836,3.68,7,48.2
836,3.68,7,48.3
838,3.7,7,48.3
839,3.66,7,48.4
841,3.56,7,48.4
844,3.6,7,48.4
847,3.56,7,48.5
851,3.52,7,48.5
854,3.44,7,48.6
854,3.44,7,48.6
855,3.4,7,48.7
857,3.48,7,48.7
859,3.54,7,48.8
863,3.6,7,48.8
867,3.6,7,48.9
869,3.66,7,48.9
872,3.6,7,49.0
872,3.6,7,49.0
872,3.6,7,49.1
872,3.6,7,49.1
872,3.6,7,49.2
872,3.6,7,49.2
874,3.6,7,49.2
877,3.5,7,49.3
878,3.52,7,49.3
880,3.5,7,49.4
882,3.52,7,49.4
884,3.52,7,49.5
885,3.56,7,49.5
891,3.68,7,49.6
894,3.54,7,49.6
895,3.52,7,49.7
897,3.64,7,49.7
897,3.64,7,49.7
899,3.62,7,49.8
900,3.6,7,49.8
901,3.58,7,49.9
903,3.58,7,49.9
906,3.58,7,50.0
908,3.54,7,50.0
913,3.46,7,50.1
915,3.52,7,50.1
915,3.52,7,50.2
918,3.46,7,50.2
921,3.44,7,50.3
924,3.32,7,50.3
927,3.34,7,50.3
1000,3.52,8,52.2
1001,3.48,8,52.3
1001,3.48,8,52.3
1007,3.4,8,52.4
1009,3.4,8,52.4
1012,3.42,8,52.5
1014,3.38,8,52.5
1016,3.4,8,52.6
1017,3.42,8,52.6
1018,3.48,8,52.7
1018,3.48,8,52.7
1019,3.5,8,52.8
1021,3.46,8,52.8
1023,3.4,8,52.9
1024,3.36,8,52.9
1026,3.38,8,53.0
1030,3.48,8,53.0
1034,3.54,8,53.1
1038,3.68,8,53.1
1040,3.62,8,53.2
1042,3.76,9,53.2
1042,3.76,9,53.2
1044,3.9,9,53.3
1046,3.9,9,53.3
1046,3.9,9,53.4
1047,3.82,9,53.4
1047,3.82,9,53.5
1050,3.9,9,53.5
1050,3.9,9,53.6
1051,3.92,9,53.6
1053,3.94,9,53.6
1053,3.94,9,53.7
1055,3.96,9,53.7
1058,4.06,9,53.8
1058,4.06,9,53.8
1059,4.02,9,53.9
1061,4.18,9,53.9
1066,4.22,9,54.0
1067,4.24,9,54.0
1069,4.28,9,54.1
1069,4.28,9,54.1
1070,4.38,9,54.2
1072,4.44,9,54.2
1074,4.56,9,54.3
1076,4.6,9,54.3
1078,4.52,9,54.3
1079,4.48,9,54.4
1080,4.44,9,54.4
1083,4.52,9,54.5
1083,4.52,9,54.5
1085,4.5,9,54.6
1088,4.42,9,54.6
1090,4.54,9,54.7
1091,4.42,9,54.7
1094,4.46,9,54.8
1094,4.46,9,54.8
1097,4.58,9,54.9
1099,4.66,11,54.9
1101,4.52,11,55.0
1103,4.56,11,55.0
1105,4.72,11,55.1
1105,4.72,11,55.1
1105,4.72,11,55.2
1108,4.64,11,55.2
1110,4.7,11,55.2
1111,4.72,11,55.3
1114,4.88,11,55.3
1116,4.82,11,55.4
1117,4.9,11,55.4
1119,4.76,11,55.5
1121,4.8,11,55.5
1125,4.8,11,55.6
1127,4.84,11,55.6
1200,4.6,11,57.6
1203,4.48,11,57.6
1204,4.48,11,57.7
1208,4.86,13,57.7
1208,4.86,13,57.8
1209,4.96,13,57.8
1209,4.96,13,57.8
1210,4.94,13,57.9
1211,4.96,13,57.9
1213,5.1,13,58.0
1213,5.1,13,58.0
1215,4.98,13,58.1
1216,4.98,13,58.1
1216,4.98,13,58.2
1217,5.2,14,58.2
1220,5.12,14,58.3
1221,5.1,14,58.3
1222,5.2,14,58.4
1222,5.2,14,58.4
1223,5.32,14,58.5
1226,5.46,14,58.5
1227,5.46,14,58.6
1229,5.62,14,58.6
1231,5.42,14,58.6
1232,5.42,14,58.7
1234,5.42,14,58.7
1237,5.48,14,58.8
1239,5.56,14,58.8
1244,5.56,14,58.9
1245,5.6,14,58.9
1245,5.6,14,59.0
1246,5.58,14,59.0
1248,5.64,14,59.1
1249,5.64,14,59.1
1252,5.78,14,59.2
1254,5.88,14,59.2
1257,5.68,14,59.3
1258,5.54,14,59.3
1260,5.42,14,59.4
1260,5.42,14,59.4
1260,5.42,14,59.5
1263,5.46,14,59.5
1266,5.48,14,59.6
1267,5.26,14,59.6
1267,5.26,14,59.7
1269,5.72,22,59.7
1270,5.88,22,59.8
1271,5.98,22,59.8
1274,5.96,22,59.9
1275,5.94,22,59.9
1276,5.94,22,60.0
1276,5.94,22,60.0
1276,5.94,22,60.1
1278,5.8,22,60.1
1280,5.8,22,60.2
1281,5.74,22,60.2
1284,5.66,22,60.3
1287,5.88,22,60.3
1287,5.88,22,60.4
1288,5.88,22,60.4
1290,5.86,22,60.5
1292,5.84,22,60.5
1293,5.74,22,60.6
1294,5.88,22,60.6
1296,6.12,22,60.7
1300,5.98,22,60.7
1301,6.08,22,60.8
1302,6.18,22,60.8
1302,6.18,22,60.9
1302,6.18,22,60.9
1303,6.12,22,61.0
1305,6.3,22,61.0
1306,6.24,22,61.1
1307,6.34,22,61.1
1308,6.4,22,61.2
1308,6.4,22,61.2
1308,6.4,22,61.3
1309,6.62,22,61.3
1310,6.64,22,61.4
1312,6.4,22,61.4
1316,6.52,22,61.5
1318,6.54,22,61.5
1318,6.54,22,61.5
1319,6.28,22,61.6
1321,6.08,22,61.7
1322,5.96,22,61.7
1324,6.2,22,61.8
1326,6.28,22,61.8
1401,8.28,24,64.6
1404,8.04,24,64.7
1406,8.18,24,64.7
1406,8.18,24,64.8
1408,8.02,24,64.8
1409,7.94,24,64.8
1409,7.94,24,64.9
1410,7.98,24,64.9
1411,7.8,24,65.0
1414,7.88,24,65.0
1415,7.9,24,65.1
1416,7.82,24,65.1
1418,7.7,24,65.2
1422,8.0,24,65.2
1423,7.9,24,65.3
1423,7.9,24,65.3
1423,7.9,24,65.4
1424,7.92,24,65.4
1426,8.04,24,65.4
1429,8.02,24,65.5
1431,8.32,24,65.5
1432,8.34,24,65.6
1436,8.3,24,65.6
1437,8.16,24,65.7
1439,8.1,24,65.7
1442,8.28,24,65.8
1445,8.2,24,65.8
1448,8.52,24,65.9
1451,8.44,24,65.9
1453,8.48,24,66.0
1453,8.48,24,66.0
1458,8.72,24,66.1
1458,8.72,24,66.1
1458,8.72,24,66.2
1459,8.9,24,66.3
1460,9.14,24,66.3
1460,9.14,24,66.4
1461,9.28,24,66.4
1463,9.5,24,66.5
1464,9.84,24,66.5
1467,9.86,24,66.6
1469,9.72,24,66.6
1470,9.66,24,66.7
1473,9.8,24,66.7
1474,9.7,24,66.8
1474,9.7,24,66.8
1475,9.58,24,66.9
1475,9.58,24,66.9
1476,9.48,24,67.0
1479,9.66,24,67.0
1480,9.56,24,67.1
1480,9.56,24,67.1
1482,9.52,24,67.2
1483,9.44,24,67.2
1483,9.44,24,67.3
1484,9.38,24,67.3
1485,9.52,24,67.4
1485,9.52,24,67.4
1485,9.52,24,67.5
1487,9.64,24,67.5
1487,9.64,24,67.6
1487,9.64,24,67.6
1487,9.64,24,67.7
1488,9.64,24,67.7
1489,9.68,24,67.8
1490,9.6,24,67.8
1492,9.68,24,67.9
1492,9.68,24,67.9
1492,9.68,24,68.0
1492,9.68,24,68.0
1492,9.68,24,68.1
1492,9.68,24,68.1
1492,9.68,24,68.1
1492,9.68,24,68.2
1492,9.68,24,68.2
1495,9.32,24,68.3
1496,9.34,24,68.3
1497,9.32,24,68.4
1498,9.16,24,68.4
1499,8.98,24,68.5
1501,9.04,24,68.6
1502,9.1,24,68.6
1503,9.02,24,68.7
1504,8.9,24,68.7
1506,9.02,24,68.8
1507,9.08,24,68.8
1508,9.0,24,68.9
1512,8.62,24,68.9
1512,8.62,24,69.0
1513,8.48,24,69.0
1514,8.28,24,69.1
1514,8.28,24,69.1
1515,8.34,24,69.2
1517,8.52,24,69.2
1518,8.58,24,69.3
1519,8.62,24,69.3
1519,8.62,24,69.4
1519,8.62,24,69.4
1523,9.08,24,69.5
1524,9.18,24,69.5
1524,9.18,24,69.6
1524,9.18,24,69.6
1526,9.14,24,69.7
1526,9.14,24,69.7
1527,9.16,24,69.8
1600,11.04,33,73.5
1600,11.04,33,73.6
1600,11.04,33,73.6
1600,11.04,33,73.7
1600,11.04,33,73.7
1601,10.86,33,73.8
1601,10.86,33,73.8
1601,10.86,33,73.9
1601,10.86,33,73.9
1602,10.92,33,74.0
1602,10.92,33,74.0
1603,10.98,33,74.1
1604,10.82,33,74.1
1606,11.3,33,74.2
1606,11.3,33,74.3
1608,11.18,33,74.3
1610,11.48,33,74.4
1612,11.34,33,74.4
1613,11.68,33,74.5
1613,11.68,33,74.6
1614,11.58,33,74.6
1614,11.58,33,74.7
1615,11.74,33,74.7
1615,11.74,33,74.8
1617,11.5,33,74.8
1617,11.5,33,74.9
1618,11.7,33,74.9
1619,11.76,33,75.0
1620,12.14,33,75.0
1620,12.14,33,75.1
1620,12.14,33,75.1
1622,12.1,33,75.2
1622,12.1,33,75.2
1623,12.18,33,75.3
1624,12.42,33,75.3
1625,12.42,33,75.4
1626,12.46,33,75.5
1626,12.46,33,75.5
1627,12.54,33,75.6
1627,12.54,33,75.6
1627,12.54,33,75.7
1629,12.8,33,75.7
1630,13.08,33,75.8
1631,13.28,33,75.8
1632,13.0,33,75.9
1632,13.0,33,75.9
1633,13.3,33,76.0
1633,13.3,33,76.0
1633,13.3,33,76.1
1633,13.3,33,76.2
1634,13.72,33,76.2
1634,13.72,33,76.3
1636,13.26,33,76.3
1636,13.26,33,76.4
1639,13.64,33,76.4
1639,13.64,33,76.5
1639,13.64,33,76.5
1640,13.72,33,76.6
1640,13.72,33,76.6
1640,13.72,33,76.7
1640,13.72,33,76.7
1640,13.72,33,76.8
1640,13.72,33,76.8
1641,13.9,33,76.9
1642,13.74,33,76.9
1643,13.58,33,77.0
1643,13.58,33,77.0
1643,13.58,33,77.1
1643,13.58,33,77.1
1643,13.58,33,77.2
1643,13.58,33,77.2
1643,13.58,33,77.3
1643,13.58,33,77.3
1644,13.6,33,77.4
1645,13.48,33,77.4
1646,13.28,33,77.5
1647,13.4,33,77.6
1647,13.4,33,77.6
1648,13.38,33,77.7
1650,13.68,33,77.8
1651,13.74,33,77.8
1651,13.74,33,77.9
1651,13.74,33,78.0
1651,13.74,33,78.0
1651,13.74,33,78.1
1651,13.74,33,78.1
1651,13.74,33,78.2
1653,13.74,33,78.2
1654,14.02,33,78.3
1655,14.18,33,78.4
1655,14.18,33,78.4
1655,14.18,33,78.5
1656,14.08,33,78.5
1658,14.5,33,78.6
1658,14.5,33,78.6
1658,14.5,33,78.7
1658,14.5,33,78.7
1659,14.6,33,78.8
1661,14.84,33,78.8
1661,14.84,33,78.9
1661,14.84,33,79.0
1661,14.84,33,79.0
1661,14.84,33,79.1
1662,15.06,33,79.1
1663,15.3,33,79.2
1664,15.7,33,79.2
1664,15.7,33,79.3
1667,16.32,33,79.3
1668,16.16,33,79.4
1668,16.16,33,79.4
1668,16.16,33,79.5
1669,16.4,33,79.6
1669,16.4,33,79.6
1669,16.4,33,79.6
1670,16.22,33,79.7
1670,16.22,33,79.7
1671,16.68,33,79.8
1674,17.0,33,79.9
1674,17.0,33,79.9
1675,17.28,33,80.0
1675,17.28,33,80.0
1676,17.38,33,80.1
1676,17.38,33,80.1
1677,17.56,33,80.2
1677,17.56,33,80.2
1678,17.5,33,80.3
1678,17.5,33,80.3
1680,17.18,33,80.4
1680,17.18,33,80.4
1682,17.26,33,80.5
1682,17.26,33,80.5
1682,17.26,33,80.6
1683,17.4,33,80.6
1683,17.4,33,80.7
1683,17.4,33,80.7
1686,17.2,33,80.8
1686,17.2,33,80.8
1688,17.44,33,80.9
1689,17.84,33,80.9
1690,18.04,33,81.0
1690,18.04,33,81.1
1692,18.38,33,81.1
1694,19.18,33,81.2
1694,19.18,33,81.2
1694,19.18,33,81.3
1695,19.52,33,81.3
1697,19.32,33,81.4
1697,19.32,33,81.4
1697,19.32,33,81.5
1697,19.32,33,81.5
1698,19.16,33,81.6
1699,19.26,33,81.6
1700,19.78,36,81.7
1700,19.78,36,81.8
1700,19.78,36,81.8
1700,19.78,36,81.9
1700,19.78,36,81.9
1700,19.78,36,82.0
1701,19.86,36,82.0
1701,19.86,36,82.1
1701,19.86,36,82.1
1702,19.78,36,82.2
1702,19.78,36,82.2
1702,19.78,36,82.3
1704,19.94,36,82.3
1704,19.94,36,82.4
1704,19.94,36,82.4
1706,20.06,36,82.5
1707,20.0,36,82.5
1707,20.0,36,82.6
1707,20.0,36,82.7
1707,20.0,36,82.7
1709,20.18,36,82.8
1709,20.18,36,82.8
1709,20.18,36,82.9
1709,20.18,36,82.9
1709,20.18,36,83.0
1710,20.22,36,83.0
1710,20.22,36,83.1
1711,20.52,37,83.1
1712,20.26,37,83.2
1712,20.26,37,83.2
1713,20.18,37,83.3
1713,20.18,37,83.4
1714,19.74,37,83.4
1714,19.74,37,83.5
1714,19.74,37,83.5
1714,19.74,37,83.6
1714,19.74,37,83.6
1714,19.74,37,83.7
1714,19.74,37,83.7
1714,19.74,37,83.8
1714,19.74,37,83.8
1715,19.82,37,83.9
1715,19.82,37,83.9
1715,19.82,37,84.0
1715,19.82,37,84.0
1715,19.82,37,84.1
1715,19.82,37,84.1
1715,19.82,37,84.2
1715,19.82,37,84.2
1716,19.74,37,84.3
1717,20.22,37,84.3
1719,19.94,37,84.4
1719,19.94,37,84.4
1719,19.94,37,84.5
1720,20.22,37,84.6
1720,20.22,37,84.6
1720,20.22,37,84.7
1720,20.22,37,84.7
1720,20.22,37,84.8
1721,20.16,37,84.8
1722,20.2,37,84.9
1723,20.52,37,85.0
1726,20.54,37,85.0
1726,20.54,37,85.1
1800,29.52,48,98.6
1800,29.52,48,98.6
1800,29.52,48,98.7
1800,29.52,48,98.8
1801,29.58,48,98.9
1801,29.58,48,99.0
1802,29.46,48,99.0
1802,29.46,48,99.1
1803,29.64,48,99.2
1803,29.64,48,99.2
1804,29.86,48,99.3
1804,29.86,48,99.3
1804,29.86,48,99.4
1804,29.86,48,99.4
1804,29.86,48,99.5
1805,30.42,48,99.6
1805,30.42,48,99.6
1806,30.8,48,99.7
1806,30.8,48,99.7
1806,30.8,48,99.8
1806,30.8,48,99.8
1806,30.8,48,99.9
1806,30.8,48,100.0
1807,31.18,48,100.0
1807,31.18,48,100.1
1808,31.14,48,100.1
1809,31.7,48,100.2
1810,32.02,48,100.3
1811,32.52,49,100.3
1813,33.4,49,100.4
1813,33.4,49,100.4
1813,33.4,49,100.5
1814,33.14,49,100.6
1814,33.14,49,100.6
1815,32.98,49,100.7
1816,32.98,49,100.8
1816,32.98,49,100.8
1817,33.38,49,100.9
1817,33.38,49,100.9
1817,33.38,49,101.0
1818,32.88,49,101.0
1819,32.86,49,101.1
1819,32.86,49,101.2
1819,32.86,49,101.2
1819,32.86,49,101.3
1820,32.36,49,101.3
1820,32.36,49,101.4
1820,32.36,49,101.5
1820,32.36,49,101.5
1820,32.36,49,101.6
1820,32.36,49,101.6
1821,32.22,49,101.7
1821,32.22,49,101.7
1821,32.22,49,101.8
1821,32.22,49,101.8
1821,32.22,49,101.9
1821,32.22,49,102.0
1822,31.9,49,102.0
1823,32.6,50,102.1
1824,33.28,56,102.2
1824,33.28,56,102.2
1824,33.28,56,102.3
1824,33.28,56,102.3
1824,33.28,56,102.4
1824,33.28,56,102.5
1824,33.28,56,102.6
1824,33.28,56,102.6
1824,33.28,56,102.7
1824,33.28,56,102.8
1825,33.28,56,102.8
1825,33.28,56,102.9
1826,33.52,56,103.0
1826,33.52,56,103.0
1829,33.6,56,103.1
1829,33.6,56,103.2
1829,33.6,56,103.2
1829,33.6,56,103.3
1829,33.6,56,103.3
1829,33.6,56,103.4
1829,33.6,56,103.4
1830,33.64,56,103.5
1830,33.64,56,103.6
1831,33.2,56,103.6
1832,32.72,56,103.7
1833,33.24,56,103.7
1833,33.24,56,103.8
1833,33.24,56,103.9
1833,33.24,56,103.9
1833,33.24,56,104.0
1834,32.44,56,104.0
1834,32.44,56,104.1
1834,32.44,56,104.2
1834,32.44,56,104.2
1834,32.44,56,104.3
1834,32.44,56,104.3
1834,32.44,56,104.4
1834,32.44,56,104.5
1835,32.6,56,104.5
1836,32.78,56,104.6
1836,32.78,56,104.6
1838,32.68,56,104.7
1838,32.68,56,104.8
1838,32.68,56,104.8
1838,32.68,56,104.9
1839,32.26,56,104.9
1839,32.26,56,105.0
1839,32.26,56,105.0
1839,32.26,56,105.1
1839,32.26,56,105.1
1839,32.26,56,105.2
1839,32.26,56,105.2
1839,32.26,56,105.3
1839,32.26,56,105.4
1839,32.26,56,105.4
1840,32.9,56,105.5
1840,32.9,56,105.5
1840,32.9,56,105.6
1840,32.9,56,105.6
1840,32.9,56,105.7
1842,33.84,59,105.8
1842,33.84,59,105.8
1843,34.02,59,105.9
1845,34.26,59,106.0
1845,34.26,59,106.0
1845,34.26,59,106.1
1845,34.26,59,106.1
1845,34.26,59,106.2
1848,33.66,59,106.2
1848,33.66,59,106.3
1848,33.66,59,106.3
1848,33.66,59,106.4
1848,33.66,59,106.5
1848,33.66,59,106.5
1849,34.06,59,106.6
1849,34.06,59,106.6
1850,34.22,59,106.7
1851,34.6,59,106.8
1851,34.6,59,106.8
1853,34.74,59,106.9
1854,34.72,59,106.9
1855,34.38,59,107.0
1855,34.38,59,107.1
1855,34.38,59,107.1
1855,34.38,59,107.2
1855,34.38,59,107.2
1856,34.8,59,107.3
1856,34.8,59,107.4
1856,34.8,59,107.4
1856,34.8,59,107.5
1856,34.8,59,107.5
1856,34.8,59,107.6
1858,34.24,59,107.7
1858,34.24,59,107.7
1858,34.24,59,107.8
1858,34.24,59,107.8
1858,34.24,59,107.9
1858,34.24,59,108.0
1858,34.24,59,108.0
1858,34.24,59,108.1
1858,34.24,59,108.1
1858,34.24,59,108.2
1858,34.24,59,108.3
1858,34.24,59,108.3
1858,34.24,59,108.4
1859,34.02,59,108.4
1859,34.02,59,108.5
1859,34.02,59,108.5
1859,34.02,59,108.6
1859,34.02,59,108.6
1859,34.02,59,108.7
1860,34.14,59,108.8
1860,34.14,59,108.8
1860,34.14,59,108.9
1860,34.14,59,108.9
1860,34.14,59,109.0
1860,34.14,59,109.0
1860,34.14,59,109.1
1860,34.14,59,109.1
1860,34.14,59,109.2
1861,33.26,59,109.3
1861,33.26,59,109.3
1861,33.26,59,109.4
1862,32.72,59,109.4
1862,32.72,59,109.5
1862,32.72,59,109.6
1862,32.72,59,109.6
1863,33.28,59,109.7
1864,33.72,59,109.7
1864,33.72,59,109.8
1864,33.72,59,109.9
1864,33.72,59,109.9
1864,33.72,59,110.0
1864,33.72,59,110.0
1864,33.72,59,110.1
1864,33.72,59,110.1
1864,33.72,59,110.2
1864,33.72,59,110.2
1864,33.72,59,110.3
1864,33.72,59,110.4
1864,33.72,59,110.4
1865,33.62,59,110.5
1865,33.62,59,110.6
1865,33.62,59,110.6
1865,33.62,59,110.7
1866,33.26,59,110.7
1866,33.26,59,110.8
1866,33.26,59,110.9
1866,33.26,59,110.9
1866,33.26,59,111.0
1866,33.26,59,111.0
1866,33.26,59,111.1
1866,33.26,59,111.2
1866,33.26,59,111.2
1866,33.26,59,111.3
1866,33.26,59,111.4
1866,33.26,59,111.4
1866,33.26,59,111.5
1868,33.54,59,111.5
1868,33.54,59,111.6
1868,33.54,59,111.7
1869,34.32,59,111.7
1869,34.32,59,111.8
1869,34.32,59,111.8
1870,35.06,59,111.9
1870,35.06,59,112.0
1870,35.06,59,112.0
1871,35.42,59,112.1
1872,36.22,59,112.2
1872,36.22,59,112.2
1872,36.22,59,112.3
1872,36.22,59,112.3
1872,36.22,59,112.4
1873,36.26,59,112.5
1874,35.6,59,112.5
1874,35.6,59,112.6
1874,35.6,59,112.6
1874,35.6,59,112.7
1875,35.76,59,112.7
1876,35.76,59,112.8
1876,35.76,59,112.9
1877,35.64,59,112.9
1878,36.16,59,113.0
1878,36.16,59,113.1
1878,36.16,59,113.1
1878,36.16,59,113.2
1878,36.16,59,113.2
1878,36.16,59,113.3
1879,35.62,59,113.3
1879,35.62,59,113.4
1879,35.62,59,113.5
1879,35.62,59,113.5
1879,35.62,59,113.6
1879,35.62,59,113.6
1879,35.62,59,113.7
1882,36.02,59,113.7
1882,36.02,59,113.8
1882,36.02,59,113.9
1882,36.02,59,113.9
1882,36.02,59,114.0
1882,36.02,59,114.1
1882,36.02,59,114.1
1882,36.02,59,114.2
1882,36.02,59,114.2
1882,36.02,59,114.3
1882,36.02,59,114.3
1884,36.08,59,114.4
1884,36.08,59,114.5
1885,35.78,59,114.5
1885,35.78,59,114.6
1885,35.78,59,114.7
1885,35.78,59,114.7
1885,35.78,59,114.8
1886,35.88,59,114.8
1886,35.88,59,114.9
1886,35.88,59,115.0
1886,35.88,59,115.0
1886,35.88,59,115.1
1887,35.7,59,115.2
1887,35.7,59,115.2
1887,35.7,59,115.3
1887,35.7,59,115.4
1887,35.7,59,115.4
1888,35.56,59,115.5
1889,35.86,59,115.5
1889,35.86,59,115.6
1889,35.86,59,115.7
1889,35.86,59,115.7
1889,35.86,59,115.8
1890,35.94,59,115.8
1890,35.94,59,115.9
1890,35.94,59,116.0
1890,35.94,59,116.0
1890,35.94,59,116.1
1890,35.94,59,116.2
1890,35.94,59,116.2
1890,35.94,59,116.3
1890,35.94,59,116.3
1891,36.08,59,116.4
1891,36.08,59,116.4
1892,35.1,59,116.5
1892,35.1,59,116.6
1892,35.1,59,116.6
1892,35.1,59,116.7
1892,35.1,59,116.7
1892,35.1,59,116.8
1892,35.1,59,116.9
1892,35.1,59,116.9
1893,35.24,59,117.0
1893,35.24,59,117.1
1893,35.24,59,117.1
1893,35.24,59,117.2
1894,35.2,59,117.2
1894,35.2,59,117.3
1894,35.2,59,117.4
1894,35.2,59,117.4
1894,35.2,59,117.5
1894,35.2,59,117.5
1894,35.2,59,117.6
1894,35.2,59,117.7
1894,35.2,59,117.7
1894,35.2,59,117.8
1894,35.2,59,117.8
1894,35.2,59,117.9
1895,35.32,60,117.9
1895,35.32,60,118.0
1895,35.32,60,118.1
1895,35.32,60,118.1
1895,35.32,60,118.2
1897,36.0,67,118.2
1897,36.0,67,118.3
1898,36.26,67,118.4
1898,36.26,67,118.4
1898,36.26,67,118.5
1898,36.26,67,118.6
1898,36.26,67,118.6
1898,36.26,67,118.7
1898,36.26,67,118.7
1898,36.26,67,118.8
1898,36.26,67,118.9
1898,36.26,67,118.9
1901,36.22,67,119.0
1901,36.22,67,119.0
1901,36.22,67,119.1
1902,36.68,67,119.2
1902,36.68,67,119.2
1903,36.12,67,119.3
1903,36.12,67,119.3
1905,36.8,67,119.4
1905,36.8,67,119.5
1906,36.42,67,119.5
1906,36.42,67,119.6
1906,36.42,67,119.6
1906,36.42,67,119.7
1906,36.42,67,119.8
1906,36.42,67,119.8
1906,36.42,67,119.9
1906,36.42,67,119.9
1908,36.84,67,120.0
1908,36.84,67,120.0
1908,36.84,67,120.1
1908,36.84,67,120.2
1908,36.84,67,120.2
1908,36.84,67,120.3
1910,36.8,67,120.3
1910,36.8,67,120.4
1910,36.8,67,120.4
1910,36.8,67,120.5
1910,36.8,67,120.6
1910,36.8,67,120.6
1910,36.8,67,120.7
1911,37.62,67,120.7
1911,37.62,67,120.8
1911,37.62,67,120.8
1911,37.62,67,120.9
1911,37.62,67,121.0
1911,37.62,67,121.0
1911,37.62,67,121.1
1912,38.38,67,121.2
1913,38.58,67,121.2
1913,38.58,67,121.3
1913,38.58,67,121.4
1913,38.58,67,121.4
1913,38.58,67,121.5
1913,38.58,67,121.6
1913,38.58,67,121.6
1914,39.32,79,121.7
1914,39.32,79,121.7
1915,40.04,79,121.8
1915,40.04,79,121.9
1915,40.04,79,121.9
1915,40.04,79,122.0
1916,40.18,79,122.1
1917,40.36,79,122.1
1918,40.04,79,122.2
1918,40.04,79,122.2
1918,40.04,79,122.3
1918,40.04,79,122.3
1919,39.52,79,122.4
1919,39.52,79,122.4
1919,39.52,79,122.5
1919,39.52,79,122.6
1919,39.52,79,122.6
1919,39.52,79,122.7
1919,39.52,79,122.7
1919,39.52,79,122.8
1921,40.0,79,122.8
1921,40.0,79,122.9
1921,40.0,79,122.9
1921,40.0,79,123.0
1921,40.0,79,123.1
1921,40.0,79,123.1
1921,40.0,79,123.2
1921,40.0,79,123.2
1921,40.0,79,123.3
1922,39.86,79,123.3
1924,40.42,79,123.4
1925,39.62,79,123.5
1926,39.46,79,123.5
1926,39.46,79,123.6
1927,39.44,79,123.7
1927,39.44,79,123.7
2000,42.94,90,139.2
2000,42.94,90,139.3
2000,42.94,90,139.3
2000,42.94,90,139.4
2000,42.94,90,139.4
2000,42.94,90,139.5
2000,42.94,90,139.6
2000,42.94,90,139.6
2000,42.94,90,139.7
2000,42.94,90,139.8
2000,42.94,90,139.8
2002,42.42,90,139.9
2003,42.18,90,139.9
2003,42.18,90,140.0
2004,42.14,90,140.1
2004,42.14,90,140.1
2004,42.14,90,140.2
2004,42.14,90,140.2
2004,42.14,90,140.3
2004,42.14,90,140.4
2004,42.14,90,140.4
2004,42.14,90,140.5
2004,42.14,90,140.6
2004,42.14,90,140.6
2005,42.18,90,140.7
2006,41.3,90,140.7
2006,41.3,90,140.8
2006,41.3,90,140.9
2007,41.96,90,140.9
2007,41.96,90,141.0
2007,41.96,90,141.0
2007,41.96,90,141.1
2007,41.96,90,141.2
2008,43.4,90,141.2
2008,43.4,90,141.3
2008,43.4,90,141.4
2009,43.66,90,141.4
2009,43.66,90,141.5
2009,43.66,90,141.6
2009,43.66,90,141.6
2009,43.66,90,141.7
2009,43.66,90,141.7
2009,43.66,90,141.8
2009,43.66,90,141.8
2009,43.66,90,141.9
2009,43.66,90,142.0
2010,44.12,90,142.0
2010,44.12,90,142.1
2011,44.42,90,142.2
2012,44.72,90,142.2
2013,45.6,90,142.3
2013,45.6,90,142.3
2013,45.6,90,142.4
2013,45.6,90,142.5
2013,45.6,90,142.5
2014,46.48,90,142.6
2014,46.48,90,142.7
2014,46.48,90,142.7
2014,46.48,90,142.8
2014,46.48,90,142.8
2014,46.48,90,142.9
2014,46.48,90,143.0
2015,45.92,90,143.0
2015,45.92,90,143.1
2015,45.92,90,143.1
2015,45.92,90,143.2
2015,45.92,90,143.2
2015,45.92,90,143.3
2015,45.92,90,143.3
2015,45.92,90,143.4
2015,45.92,90,143.5
2015,45.92,90,143.5
2015,45.92,90,143.6
2015,45.92,90,143.6
2015,45.92,90,143.7
2015,45.92,90,143.8
2015,45.92,90,143.8
2015,45.92,90,143.9
2015,45.92,90,143.9
2015,45.92,90,144.0
2015,45.92,90,144.1
2015,45.92,90,144.1
2015,45.92,90,144.2
2016,45.84,90,144.3
2016,45.84,90,144.3
2016,45.84,90,144.4
2016,45.84,90,144.5
2017,46.24,90,144.5
2017,46.24,90,144.6
2018,47.16,90,144.7
2018,47.16,90,144.7
2018,47.16,90,144.8
2019,47.92,90,144.9
2019,47.92,90,144.9
2019,47.92,90,145.0
2021,46.98,90,145.1
2021,46.98,90,145.1
2021,46.98,90,145.2
2022,47.2,90,145.2
2022,47.2,90,145.3
2022,47.2,90,145.4
2022,47.2,90,145.4
2022,47.2,90,145.5
2022,47.2,90,145.5
2022,47.2,90,145.6
2022,47.2,90,145.7
2022,47.2,90,145.7
2022,47.2,90,145.8
2023,46.36,90,145.8
2023,46.36,90,145.9
2023,46.36,90,146.0
2024,46.36,90,146.0
2024,46.36,90,146.1
2024,46.36,90,146.2
2024,46.36,90,146.2
2025,47.2,90,146.3
2025,47.2,90,146.3
2025,47.2,90,146.4
2025,47.2,90,146.5
2025,47.2,90,146.5
2025,47.2,90,146.6
2025,47.2,90,146.7
2026,48.3,95,146.7
2027,48.36,95,146.8
2027,48.36,95,146.9
2027,48.36,95,146.9
2027,48.36,95,147.0
2027,48.36,95,147.0
2028,48.64,95,147.1
2028,48.64,95,147.2
2029,49.0,95,147.2
2029,49.0,95,147.3
2029,49.0,95,147.3
2030,49.12,95,147.4
2031,49.0,95,147.5
2031,49.0,95,147.6
2032,48.28,95,147.6
2032,48.28,95,147.7
2032,48.28,95,147.7
2032,48.28,95,147.8
2032,48.28,95,147.8
2032,48.28,95,147.9
2032,48.28,95,148.0
2032,48.28,95,148.0
2032,48.28,95,148.1
2033,48.06,95,148.1
2033,48.06,95,148.2
2034,48.14,95,148.3
2035,47.18,95,148.3
2035,47.18,95,148.4
2037,48.34,95,148.5
2037,48.34,95,148.5
2037,48.34,95,148.6
2037,48.34,95,148.7
2038,49.72,95,148.7
2038,49.72,95,148.8
2038,49.72,95,148.9
2038,49.72,95,148.9
2039,49.22,95,149.0
2040,49.52,95,149.0
2040,49.52,95,149.1
2040,49.52,95,149.1
2042,50.5,95,149.2
2042,50.5,95,149.3
2043,50.26,95,149.3
2043,50.26,95,149.4
2043,50.26,95,149.5
2044,50.44,95,149.5
2044,50.44,95,149.6
2044,50.44,95,149.7
2044,50.44,95,149.7
2044,50.44,95,149.8
2044,50.44,95,149.8
2044,50.44,95,149.9
2045,51.72,95,150.0
2045,51.72,95,150.0
2045,51.72,95,150.1
2046,50.66,95,150.2
2047,49.66,95,150.2
2047,49.66,95,150.3
2047,49.66,95,150.3
2047,49.66,95,150.4
2047,49.66,95,150.5
2047,49.66,95,150.5
2047,49.66,95,150.6
2047,49.66,95,150.6
2047,49.66,95,150.7
2047,49.66,95,150.8
2049,49.58,95,150.8
2050,49.6,95,150.9
2051,49.98,95,151.0
2051,49.98,95,151.0
2051,49.98,95,151.1
2053,50.98,95,151.1
2053,50.98,95,151.2
2053,50.98,95,151.3
2053,50.98,95,151.3
2053,50.98,95,151.4
2053,50.98,95,151.5
2053,50.98,95,151.5
2053,50.98,95,151.6
2053,50.98,95,151.6
2053,50.98,95,151.7
2053,50.98,95,151.7
2053,50.98,95,151.8
2053,50.98,95,151.9
2054,50.8,95,151.9
2054,50.8,95,152.0
2054,50.8,95,152.0
2054,50.8,95,152.1
2054,50.8,95,152.2
2054,50.8,95,152.2
2054,50.8,95,152.3
2054,50.8,95,152.3
2054,50.8,95,152.4
2055,51.52,95,152.5
2056,52.36,95,152.5
2057,50.8,95,152.6
2057,50.8,95,152.7
2057,50.8,95,152.7
2057,50.8,95,152.8
2057,50.8,95,152.8
2057,50.8,95,152.9
2057,50.8,95,153.0
2057,50.8,95,153.0
2058,49.86,95,153.1
2058,49.86,95,153.1
2059,49.84,95,153.2
2059,49.84,95,153.2
2059,49.84,95,153.3
2059,49.84,95,153.4
2059,49.84,95,153.4
2059,49.84,95,153.5
2059,49.84,95,153.5
2060,50.08,95,153.6
2060,50.08,95,153.6
2060,50.08,95,153.7
2060,50.08,95,153.7
2060,50.08,95,153.8
2060,50.08,95,153.9
2061,49.94,95,153.9
2061,49.94,95,154.0
2061,49.94,95,154.1
2061,49.94,95,154.1
2061,49.94,95,154.2
2061,49.94,95,154.2
2061,49.94,95,154.3
2061,49.94,95,154.4
2061,49.94,95,154.4
2061,49.94,95,154.5
2062,49.32,95,154.5
2062,49.32,95,154.6
2062,49.32,95,154.7
2062,49.32,95,154.7
2062,49.32,95,154.8
2062,49.32,95,154.8
2062,49.32,95,154.9
2062,49.32,95,155.0
2063,49.48,95,155.0
2063,49.48,95,155.1
2063,49.48,95,155.1
2063,49.48,95,155.2
2064,49.28,95,155.3
2064,49.28,95,155.3
2064,49.28,95,155.4
2064,49.28,95,155.4
2064,49.28,95,155.5
2064,49.28,95,155.6
2064,49.28,95,155.7
2065,49.3,95,155.8
2065,49.3,95,155.8
2066,49.7,95,155.9
2066,49.7,95,156.0
2066,49.7,95,156.0
2066,49.7,95,156.1
2066,49.7,95,156.2
2066,49.7,95,156.2
2066,49.7,95,156.3
2066,49.7,95,156.3
2067,49.62,95,156.4
2067,49.62,95,156.5
2067,49.62,95,156.5
2068,49.16,95,156.6
2069,48.62,95,156.7
2071,48.42,95,156.8
2072,48.74,95,156.8
2072,48.74,95,156.9
2072,48.74,95,157.0
2072,48.74,95,157.0
2072,48.74,95,157.1
2072,48.74,95,157.1
2072,48.74,95,157.2
2072,48.74,95,157.2
2073,49.88,95,157.3
2073,49.88,95,157.4
2074,49.32,95,157.4
2075,49.08,95,157.5
2075,49.08,95,157.6
2075,49.08,95,157.6
2075,49.08,95,157.7
2075,49.08,95,157.7
2075,49.08,95,157.8
2076,48.04,95,157.9
2076,48.04,95,157.9
2076,48.04,95,158.0
2076,48.04,95,158.0
2076,48.04,95,158.1
2076,48.04,95,158.1
2076,48.04,95,158.2
2076,48.04,95,158.3
2077,47.22,95,158.3
2077,47.22,95,158.4
2077,47.22,95,158.4
2078,47.22,95,158.5
2078,47.22,95,158.5
2078,47.22,95,158.6
2078,47.22,95,158.7
2078,47.22,95,158.7
2079,47.52,95,158.8
2079,47.52,95,158.8
2079,47.52,95,158.9
2079,47.52,95,159.0
2080,47.6,95,159.0
2080,47.6,95,159.1
2080,47.6,95,159.1
2080,47.6,95,159.2
2080,47.6,95,159.3
2080,47.6,95,159.3
2080,47.6,95,159.4
2080,47.6,95,159.4
2080,47.6,95,159.5
2080,47.6,95,159.6
2081,47.58,95,159.6
2082,47.58,95,159.7
2082,47.58,95,159.8
2082,47.58,95,159.8
2082,47.58,95,159.9
2082,47.58,95,159.9
2082,47.58,95,160.0
2082,47.58,95,160.1
2082,47.58,95,160.1
2082,47.58,95,160.2
2082,47.58,95,160.2
2083,47.2,95,160.3
2083,47.2,95,160.4
2084,47.46,95,160.4
2084,47.46,95,160.5
2084,47.46,95,160.6
2084,47.46,95,160.6
2084,47.46,95,160.7
2084,47.46,95,160.7
2084,47.46,95,160.8
2084,47.46,95,160.9
2085,47.3,95,160.9
2085,47.3,95,161.0
2085,47.3,95,161.0
2085,47.3,95,161.1
2085,47.3,95,161.1
2087,47.86,95,161.2
2087,47.86,95,161.3
2089,47.06,95,161.3
2089,47.06,95,161.4
2089,47.06,95,161.5
2089,47.06,95,161.5
2090,47.34,95,161.6
2090,47.34,95,161.6
2090,47.34,95,161.7
2091,46.4,95,161.8
2091,46.4,95,161.8
2092,46.8,95,161.9
2092,46.8,95,161.9
2093,46.96,95,162.0
2093,46.96,95,162.1
2093,46.96,95,162.1
2093,46.96,95,162.2
2094,46.56,95,162.2
2094,46.56,95,162.3
2094,46.56,95,162.4
2094,46.56,95,162.4
2094,46.56,95,162.5
2094,46.56,95,162.6
2094,46.56,95,162.6
2094,46.56,95,162.7
2094,46.56,95,162.8
2094,46.56,95,162.8
2094,46.56,95,162.9
2095,45.42,95,163.0
2095,45.42,95,163.0
2095,45.42,95,163.1
2095,45.42,95,163.1
2095,45.42,95,163.2
2095,45.42,95,163.2
2095,45.42,95,163.3
2095,45.42,95,163.4
2095,45.42,95,163.4
2095,45.42,95,163.5
2096,45.86,95,163.6
2096,45.86,95,163.6
2096,45.86,95,163.7
2096,45.86,95,163.8
2096,45.86,95,163.8
2097,46.0,95,163.9
2098,45.78,95,164.0
2098,45.78,95,164.0
2098,45.78,95,164.1
2098,45.78,95,164.1
2098,45.78,95,164.2
2098,45.78,95,164.3
2098,45.78,95,164.3
2098,45.78,95,164.4
2098,45.78,95,164.4
2100,45.12,95,164.5
2100,45.12,95,164.5
2100,45.12,95,164.6
2100,45.12,95,164.7
2100,45.12,95,164.7
2100,45.12,95,164.8
2100,45.12,95,164.8
2100,45.12,95,164.9
2100,45.12,95,165.0
2100,45.12,95,165.0
2100,45.12,95,165.1
2100,45.12,95,165.1
2101,45.72,95,165.2
2102,45.12,95,165.3
2102,45.12,95,165.3
2102,45.12,95,165.4
2102,45.12,95,165.4
2102,45.12,95,165.5
2103,44.86,95,165.5
2103,44.86,95,165.6
2103,44.86,95,165.7
2103,44.86,95,165.7
2103,44.86,95,165.8
2103,44.86,95,165.9
2103,44.86,95,165.9
2103,44.86,95,166.0
2103,44.86,95,166.1
2103,44.86,95,166.1
2103,44.86,95,166.2
2103,44.86,95,166.2
2103,44.86,95,166.3
2103,44.86,95,166.4
2103,44.86,95,166.4
2103,44.86,95,166.5
2103,44.86,95,166.5
2104,44.44,95,166.6
2105,43.96,95,166.7
2106,43.66,95,166.7
2106,43.66,95,166.8
2107,44.94,95,166.9
2107,44.94,95,166.9
2107,44.94,95,167.0
2108,45.44,95,167.0
2108,45.44,95,167.1
2108,45.44,95,167.1
2109,45.88,95,167.2
2110,45.76,95,167.3
2110,45.76,95,167.3
2110,45.76,95,167.4
2110,45.76,95,167.5
2110,45.76,95,167.5
2110,45.76,95,167.6
2110,45.76,95,167.7
2110,45.76,95,167.7
2110,45.76,95,167.8
2110,45.76,95,167.8
2110,45.76,95,167.9
2110,45.76,95,168.0
2110,45.76,95,168.0
2110,45.76,95,168.1
2111,45.66,95,168.2
2112,46.04,95,168.2
2112,46.04,95,168.3
2112,46.04,95,168.3
2112,46.04,95,168.4
2112,46.04,95,168.4
2112,46.04,95,168.5
2112,46.04,95,168.6
2112,46.04,95,168.6
2112,46.04,95,168.7
2112,46.04,95,168.7
2114,44.98,95,168.8
2114,44.98,95,168.9
2114,44.98,95,168.9
2114,44.98,95,169.0
2114,44.98,95,169.0
2114,44.98,95,169.1
2114,44.98,95,169.2
2114,44.98,95,169.2
2115,45.02,95,169.3
2115,45.02,95,169.3
2116,43.98,95,169.4
2116,43.98,95,169.5
2116,43.98,95,169.5
2116,43.98,95,169.6
2116,43.98,95,169.6
2117,43.44,95,169.7
2118,43.38,95,169.8
2118,43.38,95,169.8
2118,43.38,95,169.9
2118,43.38,95,169.9
2118,43.38,95,170.0
2118,43.38,95,170.1
2118,43.38,95,170.1
2119,43.6,95,170.2
2119,43.6,95,170.2
2119,43.6,95,170.3
2120,43.28,95,170.4
2120,43.28,95,170.4
2120,43.28,95,170.5
2121,44.38,95,170.6
2123,44.04,95,170.6
2123,44.04,95,170.7
2123,44.04,95,170.7
2124,44.62,95,170.8
2124,44.62,95,170.9
2124,44.62,95,170.9
2124,44.62,95,171.0
2125,44.6,95,171.0
2125,44.6,95,171.1
2125,44.6,95,171.2
2125,44.6,95,171.2
2125,44.6,95,171.3
2125,44.6,95,171.3
2125,44.6,95,171.4
2125,44.6,95,171.4
2127,45.82,95,171.5
2127,45.82,95,171.6
2200,49.44,95,192.8
2200,49.44,95,192.9
2200,49.44,95,192.9
2202,49.18,95,193.0
2202,49.18,95,193.0
2202,49.18,95,193.1
2202,49.18,95,193.2
2202,49.18,95,193.2
2202,49.18,95,193.3
2203,49.28,95,193.3
2203,49.28,95,193.4
2203,49.28,95,193.5
2204,48.62,95,193.5
2204,48.62,95,193.6
2204,48.62,95,193.7
2204,48.62,95,193.7
2205,49.18,95,193.8
2205,49.18,95,193.9
2205,49.18,95,193.9
2205,49.18,95,194.0
2205,49.18,95,194.1
2205,49.18,95,194.2
2205,49.18,95,194.2
2205,49.18,95,194.3
2205,49.18,95,194.4
2205,49.18,95,194.5
2205,49.18,95,194.5
2206,49.18,95,194.6
2206,49.18,95,194.7
2206,49.18,95,194.7
2206,49.18,95,194.8
2207,48.54,95,194.9
2208,48.28,95,194.9
2208,48.28,95,195.0
2208,48.28,95,195.1
2208,48.28,95,195.1
2208,48.28,95,195.2
2208,48.28,95,195.3
2208,48.28,95,195.3
2208,48.28,95,195.4
2208,48.28,95,195.4
2208,48.28,95,195.5
2208,48.28,95,195.6
2208,48.28,95,195.6
2208,48.28,95,195.7
2208,48.28,95,195.8
2208,48.28,95,195.8
2208,48.28,95,195.9
2208,48.28,95,196.0
2208,48.28,95,196.0
2209,48.48,95,196.1
2210,47.76,95,196.2
2210,47.76,95,196.2
2211,48.08,95,196.3
2211,48.08,95,196.4
2211,48.08,95,196.4
2211,48.08,95,196.5
2211,48.08,95,196.6
2211,48.08,95,196.6
2211,48.08,95,196.7
2213,47.54,95,196.7
2213,47.54,95,196.8
2213,47.54,95,196.9
2213,47.54,95,196.9
2213,47.54,95,197.0
2213,47.54,95,197.1
2213,47.54,95,197.1
2213,47.54,95,197.2
2214,47.72,95,197.3
2215,47.5,95,197.3
2215,47.5,95,197.4
2215,47.5,95,197.5
2215,47.5,95,197.5
2215,47.5,95,197.6
2215,47.5,95,197.6
2217,48.4,95,197.7
2217,48.4,95,197.8
2219,47.04,95,197.9
2219,47.04,95,197.9
2219,47.04,95,198.0
2219,47.04,95,198.1
2220,47.5,95,198.1
2220,47.5,95,198.2
2220,47.5,95,198.2
2220,47.5,95,198.3
2221,47.32,95,198.4
2222,47.52,95,198.4
2222,47.52,95,198.5
2223,47.44,95,198.6
2223,47.44,95,198.6
2223,47.44,95,198.7
2223,47.44,95,198.8
2223,47.44,95,198.8
2223,47.44,95,198.9
2223,47.44,95,198.9
2224,47.5,95,199.0
2224,47.5,95,199.0
2224,47.5,95,199.1
2224,47.5,95,199.2
2224,47.5,95,199.2
2224,47.5,95,199.3
2224,47.5,95,199.3
2224,47.5,95,199.4
2224,47.5,95,199.5
2224,47.5,95,199.5
2224,47.5,95,199.6
2224,47.5,95,199.7
2225,47.54,95,199.7
2225,47.54,95,199.8
2225,47.54,95,199.9
2225,47.54,95,200.0
2225,47.54,95,200.0
2225,47.54,95,200.1
2225,47.54,95,200.2
2225,47.54,95,200.2
2225,47.54,95,200.3
2226,47.62,95,200.4
2226,47.62,95,200.4
2226,47.62,95,200.5
2226,47.62,95,200.5
2226,47.62,95,200.6
2226,47.62,95,200.7
2227,47.96,95,200.7
2227,47.96,95,200.8
2227,47.96,95,200.9
2227,47.96,95,200.9
2227,47.96,95,201.0
2227,47.96,95,201.0
2227,47.96,95,201.1
2227,47.96,95,201.2
2228,47.8,95,201.2
2230,47.18,95,201.3
2230,47.18,95,201.4
2231,48.2,95,201.4
2231,48.2,95,201.5
2232,48.16,95,201.6
2232,48.16,95,201.6
2232,48.16,95,201.7
2232,48.16,95,201.7
2233,48.6,95,201.8
2233,48.6,95,201.9
2233,48.6,95,201.9
2233,48.6,95,202.0
2233,48.6,95,202.1
2233,48.6,95,202.1
2233,48.6,95,202.2
2233,48.6,95,202.3
2233,48.6,95,202.3
2233,48.6,95,202.4
2233,48.6,95,202.4
2234,48.58,95,202.5
2234,48.58,95,202.6
2234,48.58,95,202.6
2234,48.58,95,202.7
2235,48.22,95,202.8
2236,48.46,95,202.8
2236,48.46,95,202.9
2236,48.46,95,203.0
2236,48.46,95,203.0
2236,48.46,95,203.1
2236,48.46,95,203.1
2236,48.46,95,203.2
2236,48.46,95,203.3
2236,48.46,95,203.3
2236,48.46,95,203.4
2236,48.46,95,203.4
2236,48.46,95,203.5
2237,48.14,95,203.6
2237,48.14,95,203.6
2237,48.14,95,203.7
2237,48.14,95,203.8
2237,48.14,95,203.8
2238,47.22,95,203.9
2239,47.18,95,204.0
2239,47.18,95,204.0
2239,47.18,95,204.1
2240,46.64,95,204.1
2240,46.64,95,204.2
2240,46.64,95,204.3
2241,45.88,95,204.3
2241,45.88,95,204.4
2241,45.88,95,204.4
2241,45.88,95,204.5
2242,45.58,95,204.6
2242,45.58,95,204.6
2242,45.58,95,204.7
2242,45.58,95,204.7
2242,45.58,95,204.8
2242,45.58,95,204.9
2242,45.58,95,204.9
2242,45.58,95,205.0
2242,45.58,95,205.1
2242,45.58,95,205.1
2242,45.58,95,205.2
2242,45.58,95,205.2
2242,45.58,95,205.3
2242,45.58,95,205.4
2242,45.58,95,205.4
2242,45.58,95,205.5
2242,45.58,95,205.6
2242,45.58,95,205.6
2242,45.58,95,205.7
2242,45.58,95,205.8
2242,45.58,95,205.8
2242,45.58,95,205.9
2242,45.58,95,206.0
2242,45.58,95,206.0
2242,45.58,95,206.1
2242,45.58,95,206.1
2243,45.86,95,206.2
2243,45.86,95,206.3
2243,45.86,95,206.3
2243,45.86,95,206.4
2243,45.86,95,206.5
2243,45.86,95,206.5
2243,45.86,95,206.6
2244,45.94,95,206.6
2245,45.74,95,206.7
2245,45.74,95,206.8
2245,45.74,95,206.8
2245,45.74,95,206.9
2245,45.74,95,207.0
2245,45.74,95,207.0
2245,45.74,95,207.1
2246,46.0,95,207.2
2246,46.0,95,207.2
2246,46.0,95,207.3
2247,46.68,95,207.4
2247,46.68,95,207.4
2247,46.68,95,207.5
2247,46.68,95,207.5
2247,46.68,95,207.6
2247,46.68,95,207.7
2247,46.68,95,207.8
2248,46.72,95,207.8
2248,46.72,95,207.9
2249,46.32,95,207.9
2250,46.0,95,208.0
2250,46.0,95,208.1
2250,46.0,95,208.2
2250,46.0,95,208.3
2250,46.0,95,208.3
2250,46.0,95,208.4
2250,46.0,95,208.5
2250,46.0,95,208.6
2250,46.0,95,208.6
2251,45.48,95,208.7
2251,45.48,95,208.7
2252,45.52,95,208.8
2252,45.52,95,208.9
2252,45.52,95,208.9
2254,46.46,95,209.0
2254,46.46,95,209.1
2255,45.94,95,209.1
2255,45.94,95,209.2
2255,45.94,95,209.3
2255,45.94,95,209.3
2256,46.0,95,209.4
2256,46.0,95,209.4
2256,46.0,95,209.5
2256,46.0,95,209.6
2257,45.96,95,209.6
2257,45.96,95,209.7
2257,45.96,95,209.7
2257,45.96,95,209.8
2258,46.08,95,209.9
2258,46.08,95,209.9
2258,46.08,95,210.0
2258,46.08,95,210.1
2258,46.08,95,210.1
2259,45.5,95,210.2
2259,45.5,95,210.2
2259,45.5,95,210.3
2260,46.0,95,210.4
2260,46.0,95,210.4
2260,46.0,95,210.5
2261,45.86,95,210.6
2261,45.86,95,210.6
2262,45.38,95,210.7
2262,45.38,95,210.7
2263,46.04,95,210.8
2264,45.34,95,210.9
2264,45.34,95,210.9
2264,45.34,95,211.0
2264,45.34,95,211.1
2265,45.12,95,211.2
2265,45.12,95,211.2
2265,45.12,95,211.3
2266,44.2,95,211.4
2267,43.48,95,211.4
2267,43.48,95,211.5
2267,43.48,95,211.5
2267,43.48,95,211.6
2267,43.48,95,211.7
2267,43.48,95,211.7
2267,43.48,95,211.8
2268,43.78,95,211.8
2268,43.78,95,211.9
2268,43.78,95,212.0
2269,44.68,95,212.0
2269,44.68,95,212.1
2269,44.68,95,212.2
2270,44.8,95,212.2
2270,44.8,95,212.3
2270,44.8,95,212.4
2271,44.78,95,212.4
2272,45.22,95,212.5
2272,45.22,95,212.6
2272,45.22,95,212.6
2272,45.22,95,212.7
2272,45.22,95,212.8
2272,45.22,95,212.8
2273,46.0,95,212.9
2273,46.0,95,213.0
2273,46.0,95,213.0
2273,46.0,95,213.1
2275,46.4,95,213.1
2277,46.08,95,213.2
2277,46.08,95,213.3
2277,46.08,95,213.3
2277,46.08,95,213.4
2277,46.08,95,213.4
2277,46.08,95,213.5
2277,46.08,95,213.6
2277,46.08,95,213.6
2277,46.08,95,213.7
2278,46.08,95,213.7
2278,46.08,95,213.8
2278,46.08,95,213.9
2278,46.08,95,213.9
2278,46.08,95,214.0
2278,46.08,95,214.0
2278,46.08,95,214.1
2278,46.08,95,214.2
2279,46.38,95,214.3
2279,46.38,95,214.3
2280,46.96,95,214.4
2282,47.46,95,214.5
2282,47.46,95,214.5
2282,47.46,95,214.6
2282,47.46,95,214.7
2282,47.46,95,214.7
2282,47.46,95,214.8
2282,47.46,95,214.8
2282,47.46,95,214.9
2282,47.46,95,214.9
2282,47.46,95,215.0
2282,47.46,95,215.1
2282,47.46,95,215.1
2282,47.46,95,215.2
2282,47.46,95,215.2
2282,47.46,95,215.3
2282,47.46,95,215.4
2282,47.46,95,215.4
2282,47.46,95,215.5
2282,47.46,95,215.5
2283,47.28,95,215.6
2283,47.28,95,215.7
2284,46.82,95,215.7
2284,46.82,95,215.8
2284,46.82,95,215.8
2284,46.82,95,215.9
2286,47.54,95,216.0
2286,47.54,95,216.0
2286,47.54,95,216.1
2287,47.74,95,216.2
2288,48.72,95,216.2
2288,48.72,95,216.3
2288,48.72,95,216.4
2289,48.4,95,216.5
2289,48.4,95,216.5
2289,48.4,95,216.6
2289,48.4,95,216.6
2289,48.4,95,216.7
2289,48.4,95,216.8
2291,47.68,95,216.8
2291,47.68,95,216.9
2291,47.68,95,216.9
2291,47.68,95,217.0
2291,47.68,95,217.1
2291,47.68,95,217.1
2291,47.68,95,217.2
2291,47.68,95,217.2
2291,47.68,95,217.3
2291,47.68,95,217.3
2291,47.68,95,217.4
2291,47.68,95,217.5
2291,47.68,95,217.5
2291,47.68,95,217.6
2291,47.68,95,217.6
2292,47.88,95,217.7
2292,47.88,95,217.7
2292,47.88,95,217.8
2292,47.88,95,217.9
2292,47.88,95,217.9
2292,47.88,95,218.0
2292,47.88,95,218.0
2292,47.88,95,218.1
2292,47.88,95,218.2
2293,47.58,95,218.2
2293,47.58,95,218.3
2293,47.58,95,218.3
2294,47.64,95,218.4
2295,48.04,95,218.5
2295,48.04,95,218.5
2295,48.04,95,218.6
2295,48.04,95,218.6
2295,48.04,95,218.7
2295,48.04,95,218.8
2296,48.24,95,218.8
2296,48.24,95,218.9
2297,48.66,95,218.9
2297,48.66,95,219.0
2298,48.86,95,219.1
2298,48.86,95,219.1
2299,48.76,95,219.2
2299,48.76,95,219.2
2300,49.0,95,219.3
2300,49.0,95,219.4
2300,49.0,95,219.4
2300,49.0,95,219.5
2300,49.0,95,219.6
2300,49.0,95,219.6
2300,49.0,95,219.7
2301,49.44,95,219.7
2302,48.7,95,219.8
2302,48.7,95,219.9
2302,48.7,95,219.9
2302,48.7,95,220.0
2302,48.7,95,220.0
2302,48.7,95,220.1
2303,49.66,95,220.2
2303,49.66,95,220.3
2303,49.66,95,220.3
2303,49.66,95,220.4
2304,48.48,95,220.5
2304,48.48,95,220.5
2305,48.76,95,220.6
2306,48.74,95,220.7
2306,48.74,95,220.7
2306,48.74,95,220.8
2306,48.74,95,220.9
2306,48.74,95,220.9
2306,48.74,95,221.0
2306,48.74,95,221.1
2307,49.12,95,221.1
2307,49.12,95,221.2
2307,49.12,95,221.3
2307,49.12,95,221.3
2308,49.1,95,221.4
2308,49.1,95,221.5
2309,50.32,95,221.5
2309,50.32,95,221.6
2309,50.32,95,221.6
2309,50.32,95,221.7
2309,50.32,95,221.8
2310,50.28,95,221.8
2311,50.24,95,221.9
2311,50.24,95,222.0
2311,50.24,95,222.0
2311,50.24,95,222.1
2311,50.24,95,222.1
2311,50.24,95,222.2
2312,50.66,95,222.2
2312,50.66,95,222.3
2313,50.62,95,222.4
2313,50.62,95,222.4
2315,50.46,95,222.5
2315,50.46,95,222.6
2316,50.44,95,222.6
2316,50.44,95,222.7
2317,51.0,95,222.8
2317,51.0,95,222.8
2317,51.0,95,222.9
2317,51.0,95,223.0
2318,50.5,95,223.1
2318,50.5,95,223.1
2318,50.5,95,223.2
2318,50.5,95,223.3
2319,49.72,95,223.4
2319,49.72,95,223.4
2320,49.56,95,223.5
2320,49.56,95,223.6
2320,49.56,95,223.6
2320,49.56,95,223.7
2320,49.56,95,223.8
2320,49.56,95,223.8
2321,48.9,95,223.9
2321,48.9,95,224.0
2321,48.9,95,224.0
2321,48.9,95,224.1
2321,48.9,95,224.1
2322,48.32,95,224.2
2322,48.32,95,224.3
2322,48.32,95,224.3
2322,48.32,95,224.4
2323,48.08,95,224.5
2324,46.86,95,224.5
2324,46.86,95,224.6
2324,46.86,95,224.7
2325,47.4,95,224.7
2326,47.14,95,224.8
2401,39.26,95,240.4
2401,39.26,95,240.5
2402,39.36,95,240.6
2402,39.36,95,240.6
2402,39.36,95,240.7
2402,39.36,95,240.8
2402,39.36,95,240.8
2402,39.36,95,240.9
2402,39.36,95,240.9
2402,39.36,95,241.0
2402,39.36,95,241.1
2402,39.36,95,241.1
2403,38.84,95,241.2
2405,39.06,95,241.3
2405,39.06,95,241.3
2405,39.06,95,241.4
2407,38.96,95,241.5
2407,38.96,95,241.5
2407,38.96,95,241.6
2407,38.96,95,241.6
2408,38.48,95,241.7
2408,38.48,95,241.8
2409,39.28,95,241.8
2409,39.28,95,241.9
2410,39.94,95,242.0
2410,39.94,95,242.0
2410,39.94,95,242.1
2410,39.94,95,242.2
2410,39.94,95,242.2
2411,40.4,95,242.3
2411,40.4,95,242.3
2411,40.4,95,242.4
2411,40.4,95,242.5
2411,40.4,95,242.5
2411,40.4,95,242.6
2412,39.86,95,242.6
2412,39.86,95,242.7
2412,39.86,95,242.8
2412,39.86,95,242.8
2412,39.86,95,242.9
2412,39.86,95,243.0
2413,39.78,95,243.0
2414,39.38,95,243.1
2415,39.4,95,243.2
2416,39.02,95,243.2
2416,39.02,95,243.3
2416,39.02,95,243.4
2416,39.02,95,243.4
2416,39.02,95,243.5
2417,38.64,95,243.6
2417,38.64,95,243.6
2417,38.64,95,243.7
2418,38.2,95,243.8
2418,38.2,95,243.8
2420,37.3,95,243.9
2420,37.3,95,244.0
2420,37.3,95,244.0
2420,37.3,95,244.1
2420,37.3,95,244.2
2421,37.74,95,244.2
2423,38.46,95,244.3
2423,38.46,95,244.4
2423,38.46,95,244.4
2423,38.46,95,244.5
2423,38.46,95,244.5
2423,38.46,95,244.6
2423,38.46,95,244.7
2424,38.86,95,244.7
2424,38.86,95,244.8
2424,38.86,95,244.9
2426,39.76,95,244.9
2426,39.76,95,245.0
2427,39.64,95,245.0
2427,39.64,95,245.1
2427,39.64,95,245.1
2428,38.76,95,245.2
2428,38.76,95,245.3
2428,38.76,95,245.3
2428,38.76,95,245.4
2429,39.02,95,245.4
2429,39.02,95,245.5
2429,39.02,95,245.5
2429,39.02,95,245.6
2429,39.02,95,245.6
2429,39.02,95,245.7
2429,39.02,95,245.8
2431,39.76,95,245.8
2431,39.76,95,245.9
2431,39.76,95,246.0
2432,39.66,95,246.0
2432,39.66,95,246.1
2433,39.7,95,246.2
2434,39.48,95,246.3
2434,39.48,95,246.3
2434,39.48,95,246.4
2434,39.48,95,246.4
2435,39.62,95,246.5
2435,39.62,95,246.6
2435,39.62,95,246.7
2435,39.62,95,246.7
2436,38.7,95,246.8
2436,38.7,95,246.9
2436,38.7,95,247.0
2436,38.7,95,247.0
2436,38.7,95,247.1
2436,38.7,95,247.2
2436,38.7,95,247.2
2436,38.7,95,247.3
2436,38.7,95,247.3
2438,40.42,95,247.4
2438,40.42,95,247.5
2438,40.42,95,247.5
2438,40.42,95,247.6
2438,40.42,95,247.7
2438,40.42,95,247.7
2439,39.8,95,247.8
2440,39.9,95,247.8
2441,39.4,95,247.9
2441,39.4,95,248.0
2442,39.12,95,248.0
2442,39.12,95,248.1
2444,38.3,95,248.2
2446,37.94,95,248.2
2446,37.94,95,248.3
2449,38.38,95,248.4
2449,38.38,95,248.4
2449,38.38,95,248.5
2450,39.1,95,248.6
2451,40.44,95,248.6
2451,40.44,95,248.7
2451,40.44,95,248.8
2452,39.46,95,248.9
2452,39.46,95,249.0
2452,39.46,95,249.1
2453,39.4,95,249.1
2453,39.4,95,249.2
2454,38.74,95,249.3
2456,38.4,95,249.3
2456,38.4,95,249.4
2457,38.46,95,249.5
2457,38.46,95,249.5
2457,38.46,95,249.6
2457,38.46,95,249.7
2457,38.46,95,249.7
2458,37.78,95,249.8
2458,37.78,95,249.8
2458,37.78,95,249.9
2459,37.4,95,250.0
2459,37.4,95,250.0
2459,37.4,95,250.1
2459,37.4,95,250.2
2460,37.06,95,250.2
2461,37.04,95,250.3
2461,37.04,95,250.4
2461,37.04,95,250.4
2461,37.04,95,250.5
2461,37.04,95,250.6
2461,37.04,95,250.7
2461,37.04,95,250.8
2461,37.04,95,250.8
2461,37.04,95,250.9
2461,37.04,95,251.0
2461,37.04,95,251.0
2462,37.12,95,251.1
2462,37.12,95,251.2
2462,37.12,95,251.2
2464,37.12,95,251.3
2464,37.12,95,251.4
2464,37.12,95,251.4
2464,37.12,95,251.5
2464,37.12,95,251.6
2465,36.9,95,251.6
2465,36.9,95,251.7
2465,36.9,95,251.8
2465,36.9,95,251.8
2465,36.9,95,251.9
2465,36.9,95,251.9
2465,36.9,95,252.0
2465,36.9,95,252.1
2465,36.9,95,252.1
2465,36.9,95,252.2
2465,36.9,95,252.3
2465,36.9,95,252.3
2465,36.9,95,252.4
2466,37.46,95,252.5
2466,37.46,95,252.5
2467,38.36,95,252.6
2467,38.36,95,252.6
2471,38.3,95,252.7
2471,38.3,95,252.8
2471,38.3,95,252.8
2472,38.54,95,252.9
2472,38.54,95,253.0
2472,38.54,95,253.0
2472,38.54,95,253.1
2472,38.54,95,253.1
2472,38.54,95,253.2
2472,38.54,95,253.2
2472,38.54,95,253.3
2472,38.54,95,253.4
2472,38.54,95,253.4
2472,38.54,95,253.5
2472,38.54,95,253.6
2472,38.54,95,253.6
2472,38.54,95,253.7
2472,38.54,95,253.8
2472,38.54,95,253.8
2472,38.54,95,253.9
2474,39.24,95,254.0
2474,39.24,95,254.0
2474,39.24,95,254.1
2476,38.48,95,254.1
2476,38.48,95,254.2
2476,38.48,95,254.2
2476,38.48,95,254.3
2476,38.48,95,254.4
2476,38.48,95,254.4
2476,38.48,95,254.5
2478,39.94,95,254.5
2478,39.94,95,254.6
2479,39.7,95,254.7
2479,39.7,95,254.7
2479,39.7,95,254.8
2480,40.24,95,254.9
2481,39.5,95,254.9
2481,39.5,95,255.0
2481,39.5,95,255.0
2481,39.5,95,255.1
2481,39.5,95,255.2
2481,39.5,95,255.2
2481,39.5,95,255.3
2481,39.5,95,255.3
2481,39.5,95,255.4
2481,39.5,95,255.5
2481,39.5,95,255.5
2481,39.5,95,255.6
2481,39.5,95,255.7
2481,39.5,95,255.7
2481,39.5,95,255.8
2481,39.5,95,255.8
2482,39.06,95,255.9
2482,39.06,95,256.0
2482,39.06,95,256.0
2482,39.06,95,256.1
2482,39.06,95,256.1
2482,39.06,95,256.2
2482,39.06,95,256.3
2482,39.06,95,256.3
2482,39.06,95,256.4
2483,38.8,95,256.5
2484,39.54,95,256.5
2484,39.54,95,256.6
2484,39.54,95,256.7
2484,39.54,95,256.7
2484,39.54,95,256.8
2484,39.54,95,256.8
2485,38.82,95,256.9
2485,38.82,95,257.0
2485,38.82,95,257.0
2485,38.82,95,257.1
2485,38.82,95,257.2
2485,38.82,95,257.2
2485,38.82,95,257.3
2485,38.82,95,257.3
2485,38.82,95,257.4
2485,38.82,95,257.4
2485,38.82,95,257.5
2485,38.82,95,257.6
2486,38.98,95,257.6
2486,38.98,95,257.7
2486,38.98,95,257.8
2486,38.98,95,257.8
2487,39.0,95,257.9
2487,39.0,95,258.0
2487,39.0,95,258.0
2489,37.92,95,258.1
2489,37.92,95,258.2
2489,37.92,95,258.2
2490,37.92,95,258.3
2491,38.94,95,258.3
2491,38.94,95,258.4
2491,38.94,95,258.5
2491,38.94,95,258.5
2491,38.94,95,258.6
2491,38.94,95,258.7
2491,38.94,95,258.7
2491,38.94,95,258.8
2491,38.94,95,258.8
2492,39.32,95,258.9
2492,39.32,95,259.0
2492,39.32,95,259.0
2492,39.32,95,259.1
2492,39.32,95,259.1
2493,39.42,95,259.2
2493,39.42,95,259.3
2494,39.22,95,259.3
2494,39.22,95,259.4
2494,39.22,95,259.4
2494,39.22,95,259.5
2494,39.22,95,259.6
2494,39.22,95,259.6
2494,39.22,95,259.7
2495,39.78,95,259.8
2495,39.78,95,259.8
2495,39.78,95,259.9
2496,40.04,95,260.0
2496,40.04,95,260.0
2496,40.04,95,260.1
2496,40.04,95,260.2
2496,40.04,95,260.2
2497,40.4,95,260.3
2497,40.4,95,260.4
2497,40.4,95,260.5
2497,40.4,95,260.5
2498,40.82,95,260.6
2498,40.82,95,260.7
2498,40.82,95,260.7
2498,40.82,95,260.8
2499,40.18,95,260.9
2499,40.18,95,260.9
2500,39.32,95,261.0
2500,39.32,95,261.1
2500,39.32,95,261.2
2500,39.32,95,261.3
2501,38.76,95,261.3
2502,40.48,95,261.4
2502,40.48,95,261.5
2502,40.48,95,261.5
2503,40.14,95,261.6
2503,40.14,95,261.7
2503,40.14,95,261.7
2503,40.14,95,261.8
2503,40.14,95,261.9
2503,40.14,95,261.9
2503,40.14,95,262.0
2503,40.14,95,262.0
2504,41.02,95,262.1
2504,41.02,95,262.2
2504,41.02,95,262.2
2505,40.76,95,262.3
2506,41.52,95,262.3
2507,41.1,95,262.4
2507,41.1,95,262.5
2507,41.1,95,262.5
2507,41.1,95,262.6
2508,41.74,95,262.6
2508,41.74,95,262.7
2508,41.74,95,262.8
2509,41.64,95,262.8
2509,41.64,95,262.9
2510,41.34,95,262.9
2511,40.62,95,263.0
2511,40.62,95,263.1
2511,40.62,95,263.1
2511,40.62,95,263.2
2511,40.62,95,263.2
2511,40.62,95,263.3
2511,40.62,95,263.4
2512,42.42,100,263.4
2513,43.12,100,263.5
2513,43.12,100,263.6
2514,43.4,100,263.6
2514,43.4,100,263.7
2514,43.4,100,263.8
2514,43.4,100,263.8
2514,43.4,100,263.9
2515,43.58,100,264.0
2516,44.52,100,264.1
2516,44.52,100,264.1
2516,44.52,100,264.2
2516,44.52,100,264.2
2516,44.52,100,264.3
2517,43.46,100,264.3
2517,43.46,100,264.4
2517,43.46,100,264.5
2517,43.46,100,264.5
2518,43.72,100,264.6
2518,43.72,100,264.7
2518,43.72,100,264.7
2519,44.3,100,264.8
2519,44.3,100,264.8
2520,43.54,100,264.9
2520,43.54,100,264.9
2520,43.54,100,265.0
2520,43.54,100,265.1
2520,43.54,100,265.1
2520,43.54,100,265.2
2520,43.54,100,265.3
2520,43.54,100,265.3
2520,43.54,100,265.4
2520,43.54,100,265.4
2520,43.54,100,265.5
2521,43.4,100,265.6
2522,42.76,100,265.6
2522,42.76,100,265.7
2522,42.76,100,265.7
2523,42.58,100,265.8
2523,42.58,100,265.9
2523,42.58,100,265.9
2523,42.58,100,266.0
2523,42.58,100,266.1
2523,42.58,100,266.1
2524,41.84,100,266.2
2524,41.84,100,266.3
2524,41.84,100,266.3
2524,41.84,100,266.4
2524,41.84,100,266.4
2525,42.04,100,266.5
2525,42.04,100,266.6
2525,42.04,100,266.6
2525,42.04,100,266.7
2525,42.04,100,266.8
2525,42.04,100,266.8
2526,42.0,100,266.9
2526,42.0,100,266.9
2527,42.74,100,267.0
2600,39.3,100,281.9
2600,39.3,100,281.9
2600,39.3,100,282.0
2600,39.3,100,282.0
2601,39.86,100,282.1
2603,39.5,100,282.2
2604,38.6,100,282.2
2604,38.6,100,282.3
2604,38.6,100,282.4
2604,38.6,100,282.4
2604,38.6,100,282.5
2605,39.18,100,282.6
2605,39.18,100,282.6
2605,39.18,100,282.7
2605,39.18,100,282.8
2605,39.18,100,282.8
2607,38.98,100,282.9
2607,38.98,100,283.0
2607,38.98,100,283.1
2608,39.38,100,283.1
2609,38.88,100,283.2
2609,38.88,100,283.3
2611,39.62,100,283.4
2611,39.62,100,283.4
2614,39.5,100,283.5
2614,39.5,100,283.6
2614,39.5,100,283.6
2616,38.08,100,283.7
2616,38.08,100,283.8
2616,38.08,100,283.8
2616,38.08,100,283.9
2617,38.2,100,284.0
2617,38.2,100,284.0
2619,37.78,100,284.1
2619,37.78,100,284.1
2621,38.64,100,284.2
2621,38.64,100,284.3
2621,38.64,100,284.3
2621,38.64,100,284.4
2622,38.2,100,284.5
2623,38.82,100,284.5
2623,38.82,100,284.6
2623,38.82,100,284.6
2623,38.82,100,284.7
2623,38.82,100,284.7
2623,38.82,100,284.8
2623,38.82,100,284.9
2624,39.46,100,284.9
2624,39.46,100,285.0
2624,39.46,100,285.0
2624,39.46,100,285.1
2624,39.46,100,285.2
2624,39.46,100,285.2
2624,39.46,100,285.3
2624,39.46,100,285.3
2624,39.46,100,285.4
2624,39.46,100,285.5
2624,39.46,100,285.5
2624,39.46,100,285.6
2624,39.46,100,285.6
2624,39.46,100,285.7
2624,39.46,100,285.8
2624,39.46,100,285.8
2624,39.46,100,285.9
2624,39.46,100,285.9
2624,39.46,100,286.0
2625,38.98,100,286.1
2625,38.98,100,286.1
2625,38.98,100,286.2
2625,38.98,100,286.3
2626,38.92,100,286.4
2627,38.76,100,286.4
2627,38.76,100,286.5
2627,38.76,100,286.6
2627,38.76,100,286.6
2627,38.76,100,286.7
2627,38.76,100,286.8
2627,38.76,100,286.8
2628,38.98,100,286.9
2628,38.98,100,287.0
2629,38.7,100,287.1
2630,38.24,100,287.1
2630,38.24,100,287.2
2630,38.24,100,287.3
2630,38.24,100,287.4
2630,38.24,100,287.4
2630,38.24,100,287.5
2631,38.76,100,287.6
2631,38.76,100,287.7
2631,38.76,100,287.8
2631,38.76,100,287.8
2633,39.02,100,287.9
2633,39.02,100,288.0
2633,39.02,100,288.0
2633,39.02,100,288.1
2633,39.02,100,288.2
2633,39.02,100,288.2
2633,39.02,100,288.3
2633,39.02,100,288.4
2633,39.02,100,288.5
2634,38.52,100,288.5
2634,38.52,100,288.6
2634,38.52,100,288.6
2634,38.52,100,288.7
2634,38.52,100,288.8
2635,38.08,100,288.8
2635,38.08,100,288.9
2635,38.08,100,289.0
2635,38.08,100,289.0
2635,38.08,100,289.1
2636,38.34,100,289.1
2636,38.34,100,289.2
2636,38.34,100,289.3
2636,38.34,100,289.3
2636,38.34,100,289.4
2636,38.34,100,289.5
2636,38.34,100,289.5
2636,38.34,100,289.6
2637,39.28,100,289.7
2638,39.96,100,289.7
2638,39.96,100,289.8
2639,40.02,100,289.9
2639,40.02,100,290.0
2639,40.02,100,290.0
2639,40.02,100,290.1
2639,40.02,100,290.2
2639,40.02,100,290.2
2639,40.02,100,290.3
2639,40.02,100,290.4
2639,40.02,100,290.5
2639,40.02,100,290.5
2639,40.02,100,290.6
2639,40.02,100,290.7
2639,40.02,100,290.7
2639,40.02,100,290.8
2639,40.02,100,290.9
2639,40.02,100,290.9
2640,40.66,100,291.0
2640,40.66,100,291.1
2640,40.66,100,291.1
2640,40.66,100,291.2
2640,40.66,100,291.3
2640,40.66,100,291.4
2640,40.66,100,291.4
2640,40.66,100,291.5
2641,40.52,100,291.6
2641,40.52,100,291.6
2642,40.12,100,291.7
2642,40.12,100,291.7
2643,40.04,100,291.8
2644,40.08,100,291.9
2644,40.08,100,291.9
2644,40.08,100,292.0
2644,40.08,100,292.1
2644,40.08,100,292.1
2645,40.7,100,292.2
2645,40.7,100,292.2
2646,40.84,100,292.3
2648,41.62,100,292.4
2648,41.62,100,292.4
2648,41.62,100,292.5
2649,41.66,100,292.5
2649,41.66,100,292.6
2649,41.66,100,292.7
2650,42.26,100,292.7
2650,42.26,100,292.8
2650,42.26,100,292.8
2650,42.26,100,292.9
2650,42.26,100,292.9
2650,42.26,100,293.0
2650,42.26,100,293.1
2650,42.26,100,293.2
2650,42.26,100,293.2
2650,42.26,100,293.3
2650,42.26,100,293.4
2650,42.26,100,293.4
2651,42.34,100,293.5
2651,42.34,100,293.6
2651,42.34,100,293.7
2651,42.34,100,293.8
2651,42.34,100,293.9
2651,42.34,100,293.9
2651,42.34,100,294.0
2653,42.84,100,294.1
2653,42.84,100,294.2
2653,42.84,100,294.2
2653,42.84,100,294.3
2653,42.84,100,294.3
2653,42.84,100,294.4
2654,42.26,100,294.5
2655,42.6,100,294.5
2655,42.6,100,294.6
2655,42.6,100,294.7
2656,42.18,100,294.7
2656,42.18,100,294.8
2656,42.18,100,294.8
2656,42.18,100,294.9
2656,42.18,100,295.0
2656,42.18,100,295.0
2656,42.18,100,295.1
2657,42.06,100,295.2
2657,42.06,100,295.2
2657,42.06,100,295.3
2657,42.06,100,295.4
2657,42.06,100,295.4
2658,42.04,100,295.5
2659,42.14,100,295.6
2660,42.48,100,295.7
2660,42.48,100,295.7
2660,42.48,100,295.8
2661,41.68,100,295.9
2661,41.68,100,295.9
2662,42.08,100,296.0
2662,42.08,100,296.1
2663,42.42,100,296.1
2663,42.42,100,296.2
2663,42.42,100,296.2
2664,42.32,100,296.3
2665,42.78,100,296.4
2665,42.78,100,296.4
2665,42.78,100,296.5
2665,42.78,100,296.6
2665,42.78,100,296.6
2666,43.4,100,296.7
2666,43.4,100,296.8
2666,43.4,100,296.8
2666,43.4,100,296.9
2666,43.4,100,296.9
2666,43.4,100,297.0
2666,43.4,100,297.1
2669,43.5,100,297.1
2670,43.6,100,297.2
2670,43.6,100,297.3
2671,44.12,100,297.3
2671,44.12,100,297.4
2672,44.12,100,297.5
2672,44.12,100,297.5
2675,42.0,100,297.6
2676,41.96,100,297.7
2677,41.9,100,297.8
2677,41.9,100,297.9
2678,42.24,100,298.0
2678,42.24,100,298.0
2678,42.24,100,298.1
2678,42.24,100,298.2
2678,42.24,100,298.2
2678,42.24,100,298.3
2678,42.24,100,298.3
2679,42.04,100,298.4
2679,42.04,100,298.5
2681,42.22,100,298.5
2683,42.2,100,298.6
2683,42.2,100,298.7
2683,42.2,100,298.7
2683,42.2,100,298.8
2684,41.56,100,298.8
2684,41.56,100,298.9
2684,41.56,100,299.0
2685,41.26,100,299.0
2686,41.36,100,299.1
2686,41.36,100,299.2
2687,40.3,100,299.2
2687,40.3,100,299.3
2689,39.54,100,299.3
2690,38.88,100,299.4
2691,38.82,100,299.5
2691,38.82,100,299.5
2691,38.82,100,299.6
2692,39.44,100,299.6
2692,39.44,100,299.7
2692,39.44,100,299.8
2692,39.44,100,299.8
2692,39.44,100,299.9
2692,39.44,100,299.9
2693,40.44,100,300.0
2694,40.04,100,300.1
2694,40.04,100,300.1
2694,40.04,100,300.2
2694,40.04,100,300.2
2694,40.04,100,300.3
2694,40.04,100,300.4
2694,40.04,100,300.4
2694,40.04,100,300.5
2694,40.04,100,300.6
2695,39.02,100,300.6
2695,39.02,100,300.7
2695,39.02,100,300.7
2695,39.02,100,300.8
2695,39.02,100,300.9
2695,39.02,100,300.9
2696,38.62,100,301.0
2696,38.62,100,301.0
2696,38.62,100,301.1
2696,38.62,100,301.1
2696,38.62,100,301.2
2696,38.62,100,301.3
2696,38.62,100,301.3
2696,38.62,100,301.4
2696,38.62,100,301.4
2696,38.62,100,301.5
2696,38.62,100,301.6
2696,38.62,100,301.6
2696,38.62,100,301.7
2696,38.62,100,301.8
2696,38.62,100,301.8
2697,37.96,100,301.9
2698,37.58,100,302.0
2698,37.58,100,302.0
2699,37.18,100,302.1
2699,37.18,100,302.2
2699,37.18,100,302.2
2699,37.18,100,302.3
2699,37.18,100,302.3
2699,37.18,100,302.4
2699,37.18,100,302.5
2700,36.7,100,302.5
2700,36.7,100,302.6
2700,36.7,100,302.6
2701,36.52,100,302.7
2702,36.48,100,302.8
2702,36.48,100,302.9
2702,36.48,100,302.9
2702,36.48,100,303.0
2702,36.48,100,303.1
2702,36.48,100,303.1
2702,36.48,100,303.2
2705,36.3,100,303.3
2705,36.3,100,303.4
2706,36.64,100,303.4
2707,36.3,100,303.5
2707,36.3,100,303.6
2708,36.34,100,303.7
2708,36.34,100,303.8
2708,36.34,100,303.8
2709,36.78,100,303.9
2709,36.78,100,304.0
2709,36.78,100,304.0
2709,36.78,100,304.1
2709,36.78,100,304.2
2709,36.78,100,304.2
2709,36.78,100,304.3
2709,36.78,100,304.3
2709,36.78,100,304.4
2710,36.4,100,304.4
2711,36.54,100,304.5
2712,36.88,100,304.6
2712,36.88,100,304.6
2712,36.88,100,304.7
2712,36.88,100,304.7
2712,36.88,100,304.8
2712,36.88,100,304.8
2712,36.88,100,304.9
2712,36.88,100,305.0
2712,36.88,100,305.0
2713,36.54,100,305.1
2713,36.54,100,305.2
2713,36.54,100,305.2
2714,36.2,100,305.3
2714,36.2,100,305.3
2715,36.24,100,305.4
2717,36.64,100,305.4
2718,36.68,100,305.5
2719,37.1,100,305.6
2719,37.1,100,305.6
2719,37.1,100,305.7
2719,37.1,100,305.8
2719,37.1,100,305.8
2720,36.36,100,305.9
2721,35.52,100,306.0
2721,35.52,100,306.0
2721,35.52,100,306.1
2721,35.52,100,306.1
2721,35.52,100,306.2
2721,35.52,100,306.3
2721,35.52,100,306.3
2721,35.52,100,306.4
2721,35.52,100,306.4
2721,35.52,100,306.5
2721,35.52,100,306.6
2721,35.52,100,306.6
2721,35.52,100,306.7
2721,35.52,100,306.7
2721,35.52,100,306.8
2722,35.98,100,306.9
2723,35.66,100,306.9
2723,35.66,100,307.0
2723,35.66,100,307.1
2723,35.66,100,307.1
2723,35.66,100,307.2
2723,35.66,100,307.2
2723,35.66,100,307.3
2723,35.66,100,307.3
2724,36.64,100,307.4
2725,37.7,100,307.5
2725,37.7,100,307.5
2725,37.7,100,307.6
2725,37.7,100,307.7
2725,37.7,100,307.7
2725,37.7,100,307.8
2725,37.7,100,307.9
2726,36.3,100,307.9
2726,36.3,100,308.0
2726,36.3,100,308.1
2726,36.3,100,308.1
2726,36.3,100,308.2
2727,36.26,100,308.3
2727,36.26,100,308.3
2727,36.26,100,308.4
2727,36.26,100,308.5
2727,36.26,100,308.5
2727,36.26,100,308.6
2727,36.26,100,308.6
2727,36.26,100,308.7
2727,36.26,100,308.8
2800,27.72,100,331.3
2800,27.72,100,331.4
2800,27.72,100,331.4
2802,28.68,100,331.5
2802,28.68,100,331.6
2803,29.18,100,331.6
2804,29.62,100,331.7
2804,29.62,100,331.7
2804,29.62,100,331.8
2804,29.62,100,331.9
2804,29.62,100,331.9
2805,29.3,100,332.0
2805,29.3,100,332.0
2805,29.3,100,332.1
2805,29.3,100,332.2
2805,29.3,100,332.2
2806,29.54,100,332.3
2807,28.56,100,332.4
2809,29.28,100,332.4
2809,29.28,100,332.5
2809,29.28,100,332.6
2809,29.28,100,332.7
2809,29.28,100,332.7
2809,29.28,100,332.8
2809,29.28,100,332.9
2809,29.28,100,332.9
2809,29.28,100,333.0
2809,29.28,100,333.1
2809,29.28,100,333.1
2810,29.02,100,333.2
2810,29.02,100,333.2
2810,29.02,100,333.3
2810,29.02,100,333.4
2810,29.02,100,333.4
2810,29.02,100,333.5
2810,29.02,100,333.5
2810,29.02,100,333.6
2810,29.02,100,333.7
2810,29.02,100,333.7
2812,30.22,100,333.8
2812,30.22,100,333.9
2812,30.22,100,334.0
2812,30.22,100,334.0
2812,30.22,100,334.1
2812,30.22,100,334.2
2812,30.22,100,334.2
2812,30.22,100,334.3
2812,30.22,100,334.3
2813,30.8,100,334.4
2814,31.34,100,334.5
2814,31.34,100,334.5
2815,31.94,100,334.6
2815,31.94,100,334.7
2815,31.94,100,334.7
2815,31.94,100,334.8
2815,31.94,100,334.9
2815,31.94,100,335.0
2815,31.94,100,335.0
2815,31.94,100,335.1
2815,31.94,100,335.1
2816,32.14,100,335.2
2816,32.14,100,335.3
2816,32.14,100,335.3
2816,32.14,100,335.4
2816,32.14,100,335.5
2816,32.14,100,335.5
2816,32.14,100,335.6
2816,32.14,100,335.6
2816,32.14,100,335.7
2816,32.14,100,335.8
2816,32.14,100,335.8
2816,32.14,100,335.9
2816,32.14,100,336.0
2816,32.14,100,336.0
2816,32.14,100,336.1
2817,32.82,100,336.1
2817,32.82,100,336.2
2817,32.82,100,336.3
2817,32.82,100,336.3
2817,32.82,100,336.4
2817,32.82,100,336.5
2817,32.82,100,336.5
2817,32.82,100,336.6
2817,32.82,100,336.7
2817,32.82,100,336.7
2817,32.82,100,336.8
2817,32.82,100,336.9
2817,32.82,100,336.9
2818,31.98,100,337.0
2818,31.98,100,337.0
2818,31.98,100,337.1
2818,31.98,100,337.2
2819,31.36,100,337.2
2819,31.36,100,337.3
2819,31.36,100,337.4
2820,30.38,100,337.4
2820,30.38,100,337.5
2821,30.74,100,337.6
2821,30.74,100,337.6
2821,30.74,100,337.7
2821,30.74,100,337.8
2821,30.74,100,337.8
2821,30.74,100,337.9
2821,30.74,100,337.9
2821,30.74,100,338.0
2821,30.74,100,338.0
2821,30.74,100,338.1
2821,30.74,100,338.2
2822,30.3,100,338.2
2822,30.3,100,338.3
2822,30.3,100,338.4
2822,30.3,100,338.4
2824,30.86,100,338.5
2824,30.86,100,338.5
2825,31.18,100,338.6
2825,31.18,100,338.7
2826,32.06,100,338.7
2826,32.06,100,338.8
2826,32.06,100,338.9
2827,32.42,100,338.9
2827,32.42,100,339.0
2828,32.84,100,339.1
2828,32.84,100,339.1
2829,32.58,100,339.2
2829,32.58,100,339.3
2829,32.58,100,339.3
2830,32.26,100,339.4
2831,31.94,100,339.4
2831,31.94,100,339.5
2831,31.94,100,339.6
2831,31.94,100,339.6
2831,31.94,100,339.7
2831,31.94,100,339.7
2834,33.46,100,339.8
2835,33.34,100,339.9
2835,33.34,100,339.9
2835,33.34,100,340.0
2835,33.34,100,340.0
2835,33.34,100,340.1
2836,33.78,100,340.2
2836,33.78,100,340.2
2836,33.78,100,340.3
2836,33.78,100,340.4
2836,33.78,100,340.4
2836,33.78,100,340.5
2836,33.78,100,340.5
2836,33.78,100,340.6
2836,33.78,100,340.7
2836,33.78,100,340.7
2836,33.78,100,340.8
2836,33.78,100,340.9
2836,33.78,100,340.9
2836,33.78,100,341.0
2837,35.4,100,341.0
2837,35.4,100,341.1
2837,35.4,100,341.2
2837,35.4,100,341.2
2837,35.4,100,341.3
2838,35.12,100,341.3
2838,35.12,100,341.4
2838,35.12,100,341.5
2838,35.12,100,341.5
2838,35.12,100,341.6
2838,35.12,100,341.6
2838,35.12,100,341.7
2838,35.12,100,341.8
2839,35.66,100,341.8
2840,36.26,100,341.9
2840,36.26,100,341.9
2840,36.26,100,342.0
2840,36.26,100,342.1
2840,36.26,100,342.2
2841,36.28,100,342.2
2841,36.28,100,342.3
2841,36.28,100,342.4
2841,36.28,100,342.5
2841,36.28,100,342.5
2841,36.28,100,342.6
2841,36.28,100,342.7
2841,36.28,100,342.7
2842,36.04,100,342.8
2842,36.04,100,342.9
2842,36.04,100,342.9
2842,36.04,100,343.0
2842,36.04,100,343.1
2842,36.04,100,343.2
2842,36.04,100,343.3
2843,36.52,100,343.4
2844,37.44,100,343.5
2844,37.44,100,343.6
2845,36.44,100,343.7
2845,36.44,100,343.8
2847,36.04,100,343.9
2848,36.36,100,343.9
2848,36.36,100,344.0
2848,36.36,100,344.1
2849,36.72,100,344.1
2850,36.9,100,344.2
2852,37.18,100,344.3
2852,37.18,100,344.3
2853,36.82,100,344.4
2853,36.82,100,344.4
2854,37.24,100,344.5
2854,37.24,100,344.6
2855,37.88,100,344.6
2855,37.88,100,344.7
2855,37.88,100,344.7
2857,38.3,100,344.8
2858,37.88,100,344.9
2859,38.18,100,345.0
2861,38.16,100,345.0
2862,37.64,100,345.1
2862,37.64,100,345.2
2862,37.64,100,345.2
2862,37.64,100,345.3
2862,37.64,100,345.4
2862,37.64,100,345.4
2863,37.92,100,345.5
2863,37.92,100,345.6
2863,37.92,100,345.6
2864,37.42,100,345.7
2865,37.64,100,345.8
2866,36.9,100,345.8
2866,36.9,100,345.9
2867,37.5,100,346.0
2867,37.5,100,346.0
2867,37.5,100,346.1
2867,37.5,100,346.2
2867,37.5,100,346.2
2867,37.5,100,346.3
2867,37.5,100,346.3
2867,37.5,100,346.4
2867,37.5,100,346.5
2867,37.5,100,346.5
2867,37.5,100,346.6
2868,37.7,100,346.6
2868,37.7,100,346.7
2868,37.7,100,346.8
2868,37.7,100,346.8
2868,37.7,100,346.9
2868,37.7,100,347.0
2868,37.7,100,347.0
2868,37.7,100,347.1
2869,37.86,100,347.2
2869,37.86,100,347.2
2869,37.86,100,347.3
2869,37.86,100,347.3
2869,37.86,100,347.4
2869,37.86,100,347.4
2870,37.78,100,347.5
2870,37.78,100,347.6
2870,37.78,100,347.6
2870,37.78,100,347.7
2870,37.78,100,347.7
2870,37.78,100,347.8
2870,37.78,100,347.9
2870,37.78,100,347.9
2870,37.78,100,348.0
2870,37.78,100,348.1
2870,37.78,100,348.1
2871,38.58,100,348.2
2871,38.58,100,348.3
2871,38.58,100,348.3
2871,38.58,100,348.4
2871,38.58,100,348.5
2872,38.78,100,348.5
2872,38.78,100,348.6
2872,38.78,100,348.6
2872,38.78,100,348.7
2872,38.78,100,348.8
2873,38.94,100,348.8
2873,38.94,100,348.9
2873,38.94,100,349.0
2873,38.94,100,349.0
2874,37.94,100,349.1
2874,37.94,100,349.2
2875,38.22,100,349.2
2876,37.34,100,349.3
2876,37.34,100,349.4
2877,37.8,100,349.4
2879,38.8,100,349.5
2879,38.8,100,349.6
2879,38.8,100,349.6
2879,38.8,100,349.7
2879,38.8,100,349.7
2880,38.28,100,349.8
2882,39.72,100,349.9
2882,39.72,100,349.9
2882,39.72,100,350.0
2882,39.72,100,350.1
2882,39.72,100,350.1
2882,39.72,100,350.2
2882,39.72,100,350.2
2882,39.72,100,350.3
2882,39.72,100,350.4
2882,39.72,100,350.4
2882,39.72,100,350.5
2882,39.72,100,350.6
2883,39.48,100,350.7
2883,39.48,100,350.7
2884,39.66,100,350.8
2884,39.66,100,350.9
2884,39.66,100,350.9
2886,39.82,100,351.0
2886,39.82,100,351.0
2886,39.82,100,351.1
2886,39.82,100,351.2
2886,39.82,100,351.2
2886,39.82,100,351.3
2886,39.82,100,351.3
2886,39.82,100,351.4
2886,39.82,100,351.5
2886,39.82,100,351.5
2887,38.92,100,351.6
2887,38.92,100,351.7
2888,38.08,100,351.7
2889,38.22,100,351.8
2889,38.22,100,351.9
2890,37.54,100,351.9
2890,37.54,100,352.0
2890,37.54,100,352.1
2890,37.54,100,352.1
2890,37.54,100,352.2
2890,37.54,100,352.3
2890,37.54,100,352.3
2890,37.54,100,352.4
2890,37.54,100,352.5
2891,37.98,100,352.5
2891,37.98,100,352.6
2891,37.98,100,352.7
2891,37.98,100,352.7
2891,37.98,100,352.8
2891,37.98,100,352.8
2891,37.98,100,352.9
2891,37.98,100,353.0
2892,37.9,100,353.0
2892,37.9,100,353.1
2892,37.9,100,353.1
2892,37.9,100,353.2
2892,37.9,100,353.3
2892,37.9,100,353.3
2892,37.9,100,353.4
2894,37.14,100,353.5
2895,37.34,100,353.5
2895,37.34,100,353.6
2895,37.34,100,353.6
2895,37.34,100,353.7
2895,37.34,100,353.8
2895,37.34,100,353.8
2896,37.28,100,353.9
2896,37.28,100,354.0
2897,36.96,100,354.0
2897,36.96,100,354.1
2897,36.96,100,354.1
2897,36.96,100,354.2
2897,36.96,100,354.3
2898,37.24,100,354.3
2898,37.24,100,354.4
2898,37.24,100,354.5
2898,37.24,100,354.5
2898,37.24,100,354.6
2898,37.24,100,354.7
2898,37.24,100,354.7
2898,37.24,100,354.8
2899,36.86,100,354.9
2900,37.2,100,355.0
2900,37.2,100,355.0
2900,37.2,100,355.1
2900,37.2,100,355.2
2900,37.2,100,355.2
2900,37.2,100,355.3
2900,37.2,100,355.4
2901,37.62,100,355.4
2901,37.62,100,355.5
2901,37.62,100,355.5
2901,37.62,100,355.6
2901,37.62,100,355.7
2901,37.62,100,355.7
2901,37.62,100,355.8
2901,37.62,100,355.9
2901,37.62,100,355.9
2901,37.62,100,356.0
2901,37.62,100,356.1
2902,37.72,100,356.1
2902,37.72,100,356.2
2903,38.02,100,356.3
2903,38.02,100,356.3
2903,38.02,100,356.4
2903,38.02,100,356.5
2903,38.02,100,356.5
2903,38.02,100,356.6
2905,38.18,100,356.7
2906,38.38,100,356.7
2906,38.38,100,356.8
2906,38.38,100,356.9
2906,38.38,100,356.9
2907,39.04,100,357.0
2908,40.06,100,357.1
2908,40.06,100,357.1
2908,40.06,100,357.2
2910,40.54,100,357.3
2910,40.54,100,357.3
2910,40.54,100,357.4
2911,40.82,100,357.5
2911,40.82,100,357.5
2911,40.82,100,357.6
2911,40.82,100,357.7
2912,41.04,100,357.7
2912,41.04,100,357.8
2912,41.04,100,357.9
2913,41.24,100,357.9
2913,41.24,100,358.0
2913,41.24,100,358.1
2913,41.24,100,358.2
2913,41.24,100,358.2
2914,41.36,100,358.3
2915,41.02,100,358.4
2915,41.02,100,358.5
2916,41.14,100,358.5
2917,41.0,100,358.6
2917,41.0,100,358.7
2917,41.0,100,358.7
2917,41.0,100,358.8
2917,41.0,100,358.9
2917,41.0,100,359.0
2918,40.14,100,359.0
2918,40.14,100,359.1
2920,40.34,100,359.2
2921,40.22,100,359.3
2921,40.22,100,359.3
2921,40.22,100,359.4
2921,40.22,100,359.5
2921,40.22,100,359.6
2922,40.46,100,359.6
2923,40.72,100,359.7
2923,40.72,100,359.8
2923,40.72,100,359.8
2923,40.72,100,359.9
2923,40.72,100,360.0
2923,40.72,100,360.0
2923,40.72,100,360.1
2923,40.72,100,360.2
2924,41.12,100,360.2
2924,41.12,100,360.3
2924,41.12,100,360.4
2925,41.34,100,360.5
2925,41.34,100,360.6
2925,41.34,100,360.6
2925,41.34,100,360.7
2925,41.34,100,360.8
2925,41.34,100,360.8
2925,41.34,100,360.9
2925,41.34,100,361.0
2926,41.82,100,361.1
2926,41.82,100,361.1
2927,41.64,100,361.2
2927,41.64,100,361.3
2927,41.64,100,361.3
3000,46.64,107,385.6
