partie,score,record,moyenne,pas,pas_par_pomme,score_par_sec_jeu,secondes
1,3,3,3.0,257,85.67,0.0584,0.58
2,0,3,1.5,301,nan,0.0,1.35
3,4,4,2.333,446,111.5,0.0448,2.53
4,2,4,2.25,321,160.5,0.0312,3.49
5,2,4,2.2,316,158.0,0.0316,4.45
6,3,4,2.333,190,63.33,0.0789,5.19
7,2,4,2.286,303,151.5,0.033,6.14
8,2,4,2.25,191,95.5,0.0524,6.92
9,3,4,2.333,174,58.0,0.0862,7.78
10,2,4,2.3,150,75.0,0.0667,8.44
11,2,4,2.273,364,182.0,0.0275,9.49
12,2,4,2.25,265,132.5,0.0377,10.35
13,2,4,2.231,233,116.5,0.0429,11.16
14,2,4,2.214,141,70.5,0.0709,11.8
15,2,4,2.2,324,162.0,0.0309,12.78
16,2,4,2.188,34,17.0,0.2941,13.23
17,2,4,2.176,89,44.5,0.1124,13.78
18,2,4,2.167,91,45.5,0.1099,14.34
19,3,4,2.211,241,80.33,0.0622,15.17
20,2,4,2.2,257,128.5,0.0389,16.07
21,3,4,2.238,232,77.33,0.0647,17.01
22,4,4,2.318,244,61.0,0.082,18.08
23,3,4,2.348,719,239.67,0.0209,19.98
24,3,4,2.375,56,18.67,0.2679,20.5
25,2,4,2.36,136,68.0,0.0735,21.24
26,4,4,2.423,573,143.25,0.0349,22.99
27,2,4,2.407,157,78.5,0.0637,23.75
28,4,4,2.464,199,49.75,0.1005,24.58
29,6,6,2.586,487,81.17,0.0616,26.07
30,4,6,2.633,214,53.5,0.0935,27.15
31,4,6,2.677,173,43.25,0.1156,28.2
32,5,6,2.75,70,14.0,0.3571,28.75
33,5,6,2.818,262,52.4,0.0954,29.82
34,5,6,2.882,202,40.4,0.1238,30.64
35,3,6,2.886,132,44.0,0.1136,31.51
36,2,6,2.861,101,50.5,0.099,32.17
37,2,6,2.838,179,89.5,0.0559,32.95
38,2,6,2.816,75,37.5,0.1333,33.52
39,14,14,3.103,409,29.21,0.1711,34.82
40,6,14,3.175,259,43.17,0.1158,35.77
41,5,14,3.22,157,31.4,0.1592,36.54
42,2,14,3.19,61,30.5,0.1639,37.1
43,9,14,3.326,286,31.78,0.1573,38.2
44,3,14,3.318,101,33.67,0.1485,38.83
45,19,19,3.667,472,24.84,0.2013,40.25
46,10,19,3.804,204,20.4,0.2451,41.1
47,5,19,3.83,146,29.2,0.1712,41.82
48,2,19,3.792,19,9.5,0.5263,42.3
49,9,19,3.898,269,29.89,0.1673,43.26
50,3,19,3.88,130,43.33,0.1154,43.97
51,5,19,3.902,88,17.6,0.2841,44.58
52,7,19,3.962,200,28.57,0.175,45.48
53,14,19,4.151,382,27.29,0.1832,46.68
54,2,19,4.111,36,18.0,0.2778,47.19
55,8,19,4.182,111,13.88,0.3604,47.84
56,10,19,4.286,259,25.9,0.1931,48.79
57,22,22,4.596,374,17.0,0.2941,49.98
58,11,22,4.707,177,16.09,0.3107,50.77
59,9,22,4.78,139,15.44,0.3237,51.51
60,24,24,5.1,411,17.12,0.292,52.81
61,28,28,5.475,500,17.86,0.28,54.31
62,28,28,5.839,479,17.11,0.2923,56.08
63,14,28,5.968,261,18.64,0.2682,57.16
64,9,28,6.016,242,26.89,0.186,58.08
65,26,28,6.323,449,17.27,0.2895,59.47
66,6,28,6.318,104,17.33,0.2885,60.14
67,24,28,6.582,424,17.67,0.283,61.51
68,22,28,6.809,302,13.73,0.3642,62.59
69,12,28,6.884,154,12.83,0.3896,63.37
70,28,28,7.186,426,15.21,0.3286,64.73
71,31,31,7.521,476,15.35,0.3256,66.22
72,49,49,8.097,689,14.06,0.3556,68.33
73,20,49,8.26,318,15.9,0.3145,69.44
74,14,49,8.338,173,12.36,0.4046,70.22
75,18,49,8.467,220,12.22,0.4091,71.21
76,31,49,8.763,391,12.61,0.3964,72.54
77,33,49,9.078,468,14.18,0.3526,73.97
78,44,49,9.526,667,15.16,0.3298,75.85
79,51,51,10.051,705,13.82,0.3617,77.83
80,49,51,10.537,880,17.96,0.2784,80.32
81,72,72,11.296,1274,17.69,0.2826,84.06
82,90,90,12.256,1712,19.02,0.2629,88.44
83,66,90,12.904,1009,15.29,0.3271,91.14
84,49,90,13.333,873,17.82,0.2806,93.48
85,58,90,13.859,1020,17.59,0.2843,96.12
86,49,90,14.267,629,12.84,0.3895,97.9
87,69,90,14.897,1390,20.14,0.2482,101.4
88,47,90,15.261,748,15.91,0.3142,103.64
89,68,90,15.854,1015,14.93,0.335,106.41
90,90,90,16.678,1308,14.53,0.344,109.87
91,61,90,17.165,966,15.84,0.3157,112.64
92,92,92,17.978,1913,20.79,0.2405,117.57
93,78,92,18.624,1401,17.96,0.2784,121.19
94,93,93,19.415,2177,23.41,0.2136,127.18
95,81,93,20.063,1490,18.4,0.2718,131.15
96,53,93,20.406,875,16.51,0.3029,133.61
97,83,93,21.052,1615,19.46,0.257,138.19
98,27,93,21.112,289,10.7,0.4671,139.26
99,93,93,21.838,1959,21.06,0.2374,144.46
100,112,112,22.74,2647,23.63,0.2116,151.22
101,83,112,23.337,1681,20.25,0.2469,155.83
102,80,112,23.892,1562,19.52,0.2561,159.85
103,67,112,24.311,1277,19.06,0.2623,163.14
104,70,112,24.75,1149,16.41,0.3046,166.27
105,66,112,25.143,875,13.26,0.3771,168.92
106,81,112,25.67,1696,20.94,0.2388,173.25
107,84,112,26.215,1276,15.19,0.3292,176.66
108,49,112,26.426,828,16.9,0.2959,178.96
109,89,112,27.0,1633,18.35,0.2725,183.28
110,65,112,27.345,1299,19.98,0.2502,186.74
111,65,112,27.685,1100,16.92,0.2955,189.7
112,49,112,27.875,657,13.41,0.3729,191.7
113,68,112,28.23,1276,18.76,0.2665,195.24
114,41,112,28.342,614,14.98,0.3339,197.31
115,47,112,28.504,758,16.13,0.31,199.6
116,97,112,29.095,1959,20.2,0.2476,205.09
117,68,112,29.427,952,14.0,0.3571,207.73
118,89,112,29.932,1917,21.54,0.2321,212.75
119,66,112,30.235,1223,18.53,0.2698,215.96
120,118,118,30.967,2843,24.09,0.2075,223.35
121,69,118,31.281,1005,14.57,0.3433,226.08
122,93,118,31.787,1667,17.92,0.2789,230.48
123,104,118,32.374,2266,21.79,0.2295,236.35
124,74,118,32.71,1256,16.97,0.2946,239.73
125,92,118,33.184,1644,17.87,0.2798,244.02
126,64,118,33.429,1143,17.86,0.28,247.09
127,102,118,33.969,2320,22.75,0.2198,253.98
128,86,118,34.375,1692,19.67,0.2541,258.54
129,60,118,34.574,703,11.72,0.4267,260.57
130,86,118,34.969,1255,14.59,0.3426,264.51
131,95,118,35.427,2168,22.82,0.2191,270.52
132,55,118,35.576,822,14.95,0.3345,272.75
133,106,118,36.105,2485,23.44,0.2133,279.23
134,88,118,36.493,1453,16.51,0.3028,283.1
135,76,118,36.785,1325,17.43,0.2868,286.57
136,79,118,37.096,1891,23.94,0.2089,291.41
137,112,118,37.642,2646,23.62,0.2116,298.43
138,83,118,37.971,1645,19.82,0.2523,302.75
139,100,118,38.417,2456,24.56,0.2036,309.1
140,89,118,38.779,1645,18.48,0.2705,313.43
141,100,118,39.213,1925,19.25,0.2597,318.62
142,68,118,39.415,1168,17.18,0.2911,321.85
143,91,118,39.776,1815,19.95,0.2507,326.7
144,87,118,40.104,1493,17.16,0.2914,331.1
145,83,118,40.4,1450,17.47,0.2862,334.96
146,73,118,40.623,1169,16.01,0.3122,338.23
147,105,118,41.061,2126,20.25,0.2469,343.86
148,73,118,41.277,1488,20.38,0.2453,347.76
149,76,118,41.51,1473,19.38,0.258,351.64
150,63,118,41.653,1018,16.16,0.3094,354.42
151,30,118,41.576,407,13.57,0.3686,355.73
152,59,118,41.691,980,16.61,0.301,358.38
153,90,118,42.007,1651,18.34,0.2726,362.73
154,62,118,42.136,1111,17.92,0.279,365.64
155,95,118,42.477,1565,16.47,0.3035,369.74
156,87,118,42.763,1547,17.78,0.2812,373.77
157,54,118,42.834,931,17.24,0.29,376.27
158,47,118,42.861,656,13.96,0.3582,378.14
159,82,118,43.107,1728,21.07,0.2373,382.59
160,90,118,43.4,1348,14.98,0.3338,386.18
161,48,118,43.429,666,13.88,0.3604,388.19
162,45,118,43.438,628,13.96,0.3583,390.08
163,72,118,43.613,1316,18.28,0.2736,393.68
164,112,118,44.03,2065,18.44,0.2712,399.51
165,78,118,44.236,1182,15.15,0.3299,402.21
166,38,118,44.199,532,14.0,0.3571,403.35
167,49,118,44.228,660,13.47,0.3712,404.55
168,98,118,44.548,1799,18.36,0.2724,407.65
169,89,118,44.811,1705,19.16,0.261,410.58
170,82,118,45.029,1259,15.35,0.3257,412.78
171,51,118,45.064,801,15.71,0.3184,414.57
172,86,118,45.302,1903,22.13,0.226,419.34
173,72,118,45.457,1272,17.67,0.283,422.69
174,102,118,45.782,2120,20.78,0.2406,427.23
175,96,118,46.069,1633,17.01,0.2939,429.93
176,104,118,46.398,2116,20.35,0.2457,433.37
177,106,118,46.734,1886,17.79,0.281,436.47
178,93,118,46.994,1364,14.67,0.3409,438.78
179,40,118,46.955,545,13.62,0.367,439.98
180,86,118,47.172,1513,17.59,0.2842,442.49
181,42,118,47.144,636,15.14,0.3302,443.61
182,88,118,47.368,1863,21.17,0.2362,446.69
183,98,118,47.645,1793,18.3,0.2733,449.68
184,40,118,47.603,487,12.18,0.4107,450.62
185,82,118,47.789,1405,17.13,0.2918,452.94
186,108,118,48.113,3077,28.49,0.1755,458.03
187,106,118,48.422,2196,20.72,0.2413,461.96
188,24,118,48.293,273,11.38,0.4396,462.59
189,79,118,48.455,1296,16.41,0.3048,464.84
190,73,118,48.584,1173,16.07,0.3112,466.82
191,87,118,48.785,1755,20.17,0.2479,469.81
192,66,118,48.875,1233,18.68,0.2676,471.98
193,99,118,49.135,2550,25.76,0.1941,476.42
194,100,118,49.397,1736,17.36,0.288,479.53
195,90,118,49.605,1790,19.89,0.2514,482.64
196,86,118,49.791,1894,22.02,0.227,485.99
197,96,118,50.025,2104,21.92,0.2281,489.57
198,101,118,50.283,1868,18.5,0.2703,493.08
199,62,118,50.342,1074,17.32,0.2886,495.04
200,86,118,50.52,1601,18.62,0.2686,498.04
201,105,118,50.791,2063,19.65,0.2545,501.88
202,12,118,50.599,130,10.83,0.4615,502.37
203,72,118,50.704,1051,14.6,0.3425,504.32
204,99,118,50.941,2086,21.07,0.2373,507.88
205,94,118,51.151,1525,16.22,0.3082,511.16
206,30,118,51.049,339,11.3,0.4425,512.34
207,106,118,51.314,1810,17.08,0.2928,518.81
208,84,118,51.471,2026,24.12,0.2073,528.77
209,71,118,51.565,1247,17.56,0.2847,533.49
210,86,118,51.729,1991,23.15,0.216,548.37
211,84,118,51.882,1704,20.29,0.2465,565.14
212,109,118,52.151,2444,22.42,0.223,579.54
213,105,118,52.399,2500,23.81,0.21,598.24
214,100,118,52.621,1577,15.77,0.3171,603.69
215,35,118,52.54,522,14.91,0.3352,605.49
216,89,118,52.708,1496,16.81,0.2975,610.36
217,82,118,52.843,1446,17.63,0.2835,614.15
218,97,118,53.046,1970,20.31,0.2462,618.99
219,91,118,53.219,2002,22.0,0.2273,622.29
220,65,118,53.273,1054,16.22,0.3083,624.08
221,86,118,53.421,1628,18.93,0.2641,626.77
222,93,118,53.599,1922,20.67,0.2419,629.95
223,104,118,53.825,1983,19.07,0.2622,633.28
224,38,118,53.754,474,12.47,0.4008,634.24
225,104,118,53.978,2064,19.85,0.2519,637.78
226,83,118,54.106,1526,18.39,0.272,640.37
227,93,118,54.278,1857,19.97,0.2504,643.5
228,99,118,54.474,2297,23.2,0.2155,647.32
229,85,118,54.607,1749,20.58,0.243,650.18
230,93,118,54.774,2156,23.18,0.2157,653.68
231,90,118,54.926,1839,20.43,0.2447,656.72
232,70,118,54.991,1170,16.71,0.2991,658.71
233,102,118,55.193,1907,18.7,0.2674,661.79
234,70,118,55.256,1290,18.43,0.2713,663.96
235,99,118,55.443,2077,20.98,0.2383,667.35
236,53,118,55.432,745,14.06,0.3557,668.65
237,28,118,55.316,324,11.57,0.4321,669.31
238,89,118,55.458,1774,19.93,0.2508,672.25
239,34,118,55.368,533,15.68,0.3189,673.22
240,93,118,55.525,1920,20.65,0.2422,676.52
241,107,118,55.739,2058,19.23,0.26,680.04
242,65,118,55.777,899,13.83,0.3615,681.76
243,83,118,55.889,1911,23.02,0.2172,685.18
244,105,118,56.09,2375,22.62,0.2211,689.25
245,82,118,56.196,1772,21.61,0.2314,692.31
246,106,118,56.398,2279,21.5,0.2326,696.46
247,89,118,56.53,1821,20.46,0.2444,699.71
248,56,118,56.528,876,15.64,0.3196,701.37
249,83,118,56.635,1352,16.29,0.307,703.82
250,37,118,56.556,501,13.54,0.3693,704.83
251,95,118,56.709,1856,19.54,0.2559,708.21
252,22,118,56.571,241,10.95,0.4564,708.83
253,93,118,56.715,1760,18.92,0.2642,712.35
254,85,118,56.827,1907,22.44,0.2229,715.75
255,64,118,56.855,1141,17.83,0.2805,717.83
256,89,118,56.98,1706,19.17,0.2608,720.86
257,86,118,57.093,1817,21.13,0.2367,723.96
258,89,118,57.217,1726,19.39,0.2578,727.26
259,96,118,57.367,1819,18.95,0.2639,730.38
260,58,118,57.369,1006,17.34,0.2883,732.11
261,62,118,57.387,996,16.06,0.3112,733.87
262,73,118,57.447,1493,20.45,0.2445,736.4
263,104,118,57.624,2015,19.38,0.2581,739.91
264,39,118,57.553,488,12.51,0.3996,740.97
265,56,118,57.547,759,13.55,0.3689,742.31
266,51,118,57.523,740,14.51,0.3446,743.58
267,78,118,57.599,1264,16.21,0.3085,745.72
268,47,118,57.56,570,12.13,0.4123,746.85
269,106,118,57.74,2184,20.6,0.2427,750.67
270,50,118,57.711,842,16.84,0.2969,752.1
271,103,118,57.878,2023,19.64,0.2546,755.5
272,90,118,57.996,1755,19.5,0.2564,758.4
273,96,118,58.136,1947,20.28,0.2465,761.75
274,80,118,58.215,1254,15.68,0.319,763.91
275,76,118,58.28,1443,18.99,0.2633,766.3
276,81,118,58.362,1584,19.56,0.2557,769.01
277,82,118,58.448,1715,20.91,0.2391,771.94
278,46,118,58.403,566,12.3,0.4064,772.97
279,113,118,58.599,2502,22.14,0.2258,777.12
280,44,118,58.546,615,13.98,0.3577,778.23
281,66,118,58.573,967,14.65,0.3413,779.87
282,38,118,58.5,499,13.13,0.3808,780.8
283,62,118,58.512,1191,19.21,0.2603,782.75
284,60,118,58.518,992,16.53,0.3024,784.58
285,84,118,58.607,1872,22.29,0.2244,787.75
286,87,118,58.706,1651,18.98,0.2635,790.48
287,92,118,58.822,1632,17.74,0.2819,793.21
288,70,118,58.861,1584,22.63,0.221,796.28
289,85,118,58.952,1336,15.72,0.3181,798.51
290,90,118,59.059,1806,20.07,0.2492,801.59
291,80,118,59.131,1505,18.81,0.2658,804.08
292,80,118,59.202,1798,22.48,0.2225,807.01
293,83,118,59.283,1814,21.86,0.2288,810.03
294,106,118,59.442,2221,20.95,0.2386,813.65
295,108,118,59.607,1899,17.58,0.2844,816.83
296,83,118,59.686,1638,19.73,0.2534,819.58
297,68,118,59.714,1167,17.16,0.2913,821.69
298,89,118,59.812,1793,20.15,0.2482,825.12
299,89,118,59.91,2062,23.17,0.2158,828.61
300,35,118,59.827,606,17.31,0.2888,829.7
301,63,118,59.837,1072,17.02,0.2938,831.63
302,53,118,59.815,869,16.4,0.3049,833.1
303,96,118,59.934,2251,23.45,0.2132,836.79
304,80,118,60.0,1831,22.89,0.2185,839.79
305,82,118,60.072,1479,18.04,0.2772,842.24
306,72,118,60.111,1384,19.22,0.2601,844.52
307,95,118,60.225,2065,21.74,0.23,847.91
308,36,118,60.146,455,12.64,0.3956,848.78
309,114,118,60.32,2390,20.96,0.2385,852.87
310,77,118,60.374,1373,17.83,0.2804,855.81
311,98,118,60.495,2018,20.59,0.2428,859.22
312,108,118,60.647,2420,22.41,0.2231,863.86
313,42,118,60.588,585,13.93,0.359,865.37
314,107,118,60.736,2301,21.5,0.2325,869.76
315,50,118,60.702,758,15.16,0.3298,871.17
316,78,118,60.756,1420,18.21,0.2746,874.07
317,60,118,60.754,926,15.43,0.324,876.08
318,85,118,60.83,1800,21.18,0.2361,879.32
319,72,118,60.865,1301,18.07,0.2767,881.98
320,52,118,60.837,828,15.92,0.314,883.69
321,55,118,60.819,952,17.31,0.2889,885.8
322,78,118,60.873,1320,16.92,0.2955,888.47
323,96,118,60.981,2040,21.25,0.2353,891.55
324,60,118,60.978,1084,18.07,0.2768,893.24
325,82,118,61.043,1485,18.11,0.2761,895.51
326,27,118,60.939,317,11.74,0.4259,896.12
327,94,118,61.04,2173,23.12,0.2163,899.34
328,96,118,61.146,2351,24.49,0.2042,902.76
329,40,118,61.082,582,14.55,0.3436,903.7
330,89,118,61.167,2143,24.08,0.2077,906.81
331,88,118,61.248,1675,19.03,0.2627,909.31
332,81,118,61.307,1642,20.27,0.2467,911.71
333,105,118,61.438,2018,19.22,0.2602,914.68
334,36,118,61.362,525,14.58,0.3429,915.55
335,59,118,61.355,900,15.25,0.3278,917.06
336,104,118,61.482,2275,21.88,0.2286,920.46
337,40,118,61.418,461,11.53,0.4338,921.25
338,113,118,61.571,1953,17.28,0.2893,924.14
339,50,118,61.537,773,15.46,0.3234,925.34
340,92,118,61.626,1643,17.86,0.28,927.82
341,97,118,61.73,1737,17.91,0.2792,930.4
342,68,118,61.749,1024,15.06,0.332,932.04
343,86,118,61.819,1838,21.37,0.2339,934.75
344,76,118,61.86,1414,18.61,0.2687,936.83
345,39,118,61.794,630,16.15,0.3095,937.82
346,93,118,61.884,1947,20.94,0.2388,940.72
347,34,118,61.804,482,14.18,0.3527,941.53
348,72,118,61.833,1228,17.06,0.2932,943.37
349,77,118,61.877,1666,21.64,0.2311,945.8
350,59,118,61.869,1081,18.32,0.2729,947.42
351,106,118,61.994,2075,19.58,0.2554,950.5
352,110,118,62.131,2246,20.42,0.2449,953.8
353,50,118,62.096,700,14.0,0.3571,954.9
354,86,118,62.164,1660,19.3,0.259,957.38
355,20,118,62.045,241,12.05,0.4149,957.89
356,49,118,62.008,760,15.51,0.3224,959.06
357,109,118,62.14,2102,19.28,0.2593,962.17
358,87,118,62.209,1667,19.16,0.2609,964.63
359,96,118,62.304,1989,20.72,0.2413,967.53
360,93,118,62.389,1762,18.95,0.2639,970.12
361,96,118,62.482,1976,20.58,0.2429,973.03
362,73,118,62.511,1339,18.34,0.2726,974.99
363,63,118,62.512,1225,19.44,0.2571,976.79
364,86,118,62.577,1868,21.72,0.2302,979.54
365,50,118,62.542,700,14.0,0.3571,980.64
366,79,118,62.587,1515,19.18,0.2607,982.87
367,71,118,62.61,1459,20.55,0.2433,985.01
368,96,118,62.701,2021,21.05,0.2375,987.96
369,95,118,62.789,1690,17.79,0.2811,990.48
370,87,118,62.854,1498,17.22,0.2904,992.7
371,103,118,62.962,2002,19.44,0.2572,995.63
372,104,118,63.073,2088,20.08,0.249,998.71
373,93,118,63.153,1778,19.12,0.2615,1001.38
374,99,118,63.249,1979,19.99,0.2501,1004.28
375,49,118,63.211,607,12.39,0.4036,1005.25
376,62,118,63.207,972,15.68,0.3189,1006.72
377,80,118,63.252,1572,19.65,0.2545,1009.02
378,90,118,63.323,1642,18.24,0.2741,1011.52
379,80,118,63.367,1231,15.39,0.3249,1013.35
380,59,118,63.355,942,15.97,0.3132,1014.78
381,77,118,63.391,1462,18.99,0.2633,1016.93
382,79,118,63.432,1356,17.16,0.2913,1018.94
383,74,118,63.46,1487,20.09,0.2488,1021.12
384,86,118,63.518,1680,19.53,0.256,1023.62
385,38,118,63.452,522,13.74,0.364,1024.5
386,81,118,63.497,1373,16.95,0.295,1026.61
387,59,118,63.486,887,15.03,0.3326,1027.98
388,85,118,63.541,1531,18.01,0.2776,1030.29
389,34,118,63.465,482,14.18,0.3527,1031.11
390,100,118,63.559,1695,16.95,0.295,1033.68
391,96,118,63.642,1844,19.21,0.2603,1036.46
392,79,118,63.681,1640,20.76,0.2409,1038.86
393,94,118,63.758,1868,19.87,0.2516,1041.62
394,114,118,63.886,1974,17.32,0.2888,1044.56
395,93,118,63.959,1779,19.13,0.2614,1047.5
396,101,118,64.053,2303,22.8,0.2193,1050.93
397,49,118,64.015,849,17.33,0.2886,1052.26
398,35,118,63.942,424,12.11,0.4127,1053.1
399,40,118,63.882,514,12.85,0.3891,1053.95
400,37,118,63.815,411,11.11,0.4501,1054.68
