partie,score,record,score_moyen,epsilon,victoire
1,0,0,0.000,1.000,0
2,0,0,0.000,0.990,0
3,0,0,0.000,0.980,0
4,0,0,0.000,0.970,0
5,0,0,0.000,0.960,0
6,0,0,0.000,0.950,0
7,1,1,0.143,0.940,0
8,0,1,0.125,0.930,0
9,0,1,0.111,0.920,0
10,0,1,0.100,0.910,0
11,1,1,0.182,0.900,0
12,1,1,0.250,0.890,0
13,0,1,0.231,0.880,0
14,0,1,0.214,0.870,0
15,0,1,0.200,0.860,0
16,0,1,0.188,0.850,0
17,0,1,0.176,0.840,0
18,0,1,0.167,0.830,0
19,1,1,0.211,0.820,0
20,0,1,0.200,0.810,0
21,0,1,0.190,0.800,0
22,1,1,0.227,0.790,0
23,0,1,0.217,0.780,0
24,1,1,0.250,0.770,0
25,0,1,0.240,0.760,0
26,0,1,0.231,0.750,0
27,1,1,0.259,0.740,0
28,0,1,0.250,0.730,0
29,2,2,0.310,0.720,0
30,0,2,0.300,0.710,0
31,1,2,0.323,0.700,0
32,0,2,0.312,0.690,0
33,1,2,0.333,0.680,0
34,0,2,0.324,0.670,0
35,0,2,0.314,0.660,0
36,2,2,0.361,0.650,0
37,0,2,0.351,0.640,0
38,0,2,0.342,0.630,0
39,2,2,0.385,0.620,0
40,1,2,0.400,0.610,0
41,0,2,0.390,0.600,0
42,0,2,0.381,0.590,0
43,0,2,0.372,0.580,0
44,1,2,0.386,0.570,0
45,2,2,0.422,0.560,0
46,0,2,0.413,0.550,0
47,3,3,0.468,0.540,0
48,0,3,0.458,0.530,0
49,1,3,0.469,0.520,0
50,0,3,0.460,0.510,0
51,0,3,0.451,0.500,0
52,2,3,0.481,0.490,0
53,2,3,0.509,0.480,0
54,4,4,0.574,0.470,0
55,0,4,0.564,0.460,0
56,2,4,0.589,0.450,0
57,1,4,0.596,0.440,0
58,3,4,0.638,0.430,0
59,2,4,0.661,0.420,0
60,0,4,0.650,0.410,0
61,4,4,0.705,0.400,0
62,1,4,0.710,0.390,0
63,4,4,0.762,0.380,0
64,1,4,0.766,0.370,0
65,3,4,0.800,0.360,0
66,3,4,0.833,0.350,0
67,2,4,0.851,0.340,0
68,0,4,0.838,0.330,0
69,4,4,0.884,0.320,0
70,2,4,0.900,0.310,0
71,1,4,0.901,0.300,0
72,0,4,0.889,0.290,0
73,0,4,0.877,0.280,0
74,1,4,0.878,0.270,0
75,1,4,0.880,0.260,0
76,1,4,0.882,0.250,0
77,3,4,0.909,0.240,0
78,1,4,0.910,0.230,0
79,3,4,0.937,0.220,0
80,6,6,1.000,0.210,0
81,2,6,1.012,0.200,0
82,2,6,1.024,0.190,0
83,2,6,1.036,0.180,0
84,2,6,1.048,0.170,0
85,4,6,1.082,0.160,0
86,9,9,1.174,0.150,0
87,14,14,1.322,0.140,0
88,10,14,1.420,0.130,0
89,5,14,1.461,0.120,0
90,3,14,1.478,0.110,0
91,5,14,1.516,0.100,0
92,5,14,1.554,0.090,0
93,10,14,1.645,0.080,0
94,8,14,1.713,0.070,0
95,15,15,1.853,0.060,0
96,8,15,1.917,0.050,0
97,15,15,2.052,0.040,0
98,28,28,2.316,0.030,0
99,24,28,2.535,0.020,0
100,4,28,2.550,0.010,0
101,15,28,2.673,0.010,0
102,12,28,2.765,0.010,0
103,7,28,2.806,0.010,0
104,20,28,2.971,0.010,0
105,4,28,2.981,0.010,0
106,9,28,3.038,0.010,0
107,7,28,3.075,0.010,0
108,14,28,3.176,0.010,0
109,13,28,3.266,0.010,0
110,7,28,3.300,0.010,0
111,17,28,3.423,0.010,0
112,16,28,3.536,0.010,0
113,10,28,3.593,0.010,0
114,16,28,3.702,0.010,0
115,11,28,3.765,0.010,0
116,7,28,3.793,0.010,0
117,9,28,3.838,0.010,0
118,20,28,3.975,0.010,0
119,6,28,3.992,0.010,0
120,26,28,4.175,0.010,0
121,12,28,4.240,0.010,0
122,4,28,4.238,0.010,0
123,15,28,4.325,0.010,0
124,14,28,4.403,0.010,0
125,6,28,4.416,0.010,0
126,0,28,4.381,0.010,0
127,7,28,4.402,0.010,0
128,9,28,4.438,0.010,0
129,5,28,4.442,0.010,0
130,22,28,4.577,0.010,0
131,11,28,4.626,0.010,0
132,19,28,4.735,0.010,0
133,4,28,4.729,0.010,0
134,6,28,4.739,0.010,0
135,24,28,4.881,0.010,0
136,19,28,4.985,0.010,0
137,12,28,5.036,0.010,0
138,16,28,5.116,0.010,0
139,20,28,5.223,0.010,0
140,7,28,5.236,0.010,0
141,15,28,5.305,0.010,0
142,18,28,5.394,0.010,0
143,13,28,5.448,0.010,0
144,6,28,5.451,0.010,0
145,14,28,5.510,0.010,0
146,9,28,5.534,0.010,0
147,16,28,5.605,0.010,0
148,19,28,5.696,0.010,0
149,0,28,5.658,0.010,0
150,6,28,5.660,0.010,0
151,14,28,5.715,0.010,0
152,7,28,5.724,0.010,0
153,15,28,5.784,0.010,0
154,7,28,5.792,0.010,0
155,19,28,5.877,0.010,0
156,20,28,5.968,0.010,0
157,16,28,6.032,0.010,0
158,18,28,6.108,0.010,0
159,20,28,6.195,0.010,0
160,16,28,6.256,0.010,0
161,24,28,6.366,0.010,0
162,20,28,6.451,0.010,0
163,6,28,6.448,0.010,0
164,25,28,6.561,0.010,0
165,13,28,6.600,0.010,0
166,20,28,6.681,0.010,0
167,16,28,6.737,0.010,0
168,17,28,6.798,0.010,0
169,6,28,6.793,0.010,0
170,12,28,6.824,0.010,0
171,19,28,6.895,0.010,0
172,7,28,6.895,0.010,0
173,15,28,6.942,0.010,0
174,23,28,7.034,0.010,0
175,21,28,7.114,0.010,0
176,25,28,7.216,0.010,0
177,5,28,7.203,0.010,0
178,12,28,7.230,0.010,0
179,8,28,7.235,0.010,0
180,11,28,7.256,0.010,0
181,15,28,7.298,0.010,0
182,29,29,7.418,0.010,0
183,28,29,7.530,0.010,0
184,18,29,7.587,0.010,0
185,12,29,7.611,0.010,0
186,14,29,7.645,0.010,0
187,26,29,7.743,0.010,0
188,16,29,7.787,0.010,0
189,34,34,7.926,0.010,0
190,10,34,7.937,0.010,0
191,11,34,7.953,0.010,0
192,9,34,7.958,0.010,0
193,10,34,7.969,0.010,0
194,14,34,8.000,0.010,0
195,17,34,8.046,0.010,0
196,23,34,8.122,0.010,0
197,28,34,8.223,0.010,0
198,8,34,8.222,0.010,0
199,20,34,8.281,0.010,0
200,14,34,8.310,0.010,0
201,15,34,8.343,0.010,0
202,3,34,8.317,0.010,0
203,4,34,8.296,0.010,0
204,12,34,8.314,0.010,0
205,11,34,8.327,0.010,0
206,17,34,8.369,0.010,0
207,23,34,8.440,0.010,0
208,11,34,8.452,0.010,0
209,21,34,8.512,0.010,0
210,4,34,8.490,0.010,0
211,26,34,8.573,0.010,0
212,14,34,8.599,0.010,0
213,10,34,8.606,0.010,0
214,23,34,8.673,0.010,0
215,27,34,8.758,0.010,0
216,23,34,8.824,0.010,0
217,28,34,8.912,0.010,0
218,16,34,8.945,0.010,0
219,24,34,9.014,0.010,0
220,12,34,9.027,0.010,0
221,28,34,9.113,0.010,0
222,2,34,9.081,0.010,0
223,19,34,9.126,0.010,0
224,25,34,9.196,0.010,0
225,25,34,9.267,0.010,0
226,9,34,9.265,0.010,0
227,25,34,9.335,0.010,0
228,11,34,9.342,0.010,0
229,17,34,9.376,0.010,0
230,17,34,9.409,0.010,0
231,24,34,9.472,0.010,0
232,19,34,9.513,0.010,0
233,30,34,9.601,0.010,0
234,18,34,9.637,0.010,0
235,28,34,9.715,0.010,0
236,27,34,9.788,0.010,0
237,8,34,9.781,0.010,0
238,19,34,9.819,0.010,0
239,12,34,9.828,0.010,0
240,14,34,9.846,0.010,0
241,13,34,9.859,0.010,0
242,12,34,9.868,0.010,0
243,6,34,9.852,0.010,0
244,25,34,9.914,0.010,0
245,19,34,9.951,0.010,0
246,8,34,9.943,0.010,0
247,15,34,9.964,0.010,0
248,32,34,10.052,0.010,0
249,18,34,10.084,0.010,0
250,17,34,10.112,0.010,0
251,12,34,10.120,0.010,0
252,26,34,10.183,0.010,0
253,19,34,10.217,0.010,0
254,14,34,10.232,0.010,0
255,26,34,10.294,0.010,0
256,19,34,10.328,0.010,0
257,20,34,10.366,0.010,0
258,2,34,10.333,0.010,0
259,28,34,10.402,0.010,0
260,6,34,10.385,0.010,0
261,16,34,10.406,0.010,0
262,20,34,10.443,0.010,0
263,24,34,10.494,0.010,0
264,26,34,10.553,0.010,0
265,12,34,10.558,0.010,0
266,18,34,10.586,0.010,0
267,7,34,10.573,0.010,0
268,27,34,10.634,0.010,0
269,23,34,10.680,0.010,0
270,26,34,10.737,0.010,0
271,20,34,10.771,0.010,0
272,27,34,10.831,0.010,0
273,21,34,10.868,0.010,0
274,18,34,10.894,0.010,0
275,20,34,10.927,0.010,0
276,21,34,10.964,0.010,0
277,14,34,10.975,0.010,0
278,25,34,11.025,0.010,0
279,26,34,11.079,0.010,0
280,25,34,11.129,0.010,0
281,16,34,11.146,0.010,0
282,34,34,11.227,0.010,0
283,20,34,11.258,0.010,0
284,20,34,11.289,0.010,0
285,23,34,11.330,0.010,0
286,8,34,11.318,0.010,0
287,15,34,11.331,0.010,0
288,34,34,11.410,0.010,0
289,2,34,11.377,0.010,0
290,19,34,11.403,0.010,0
291,12,34,11.405,0.010,0
292,28,34,11.462,0.010,0
293,19,34,11.488,0.010,0
294,20,34,11.517,0.010,0
295,33,34,11.590,0.010,0
296,11,34,11.588,0.010,0
297,8,34,11.576,0.010,0
298,20,34,11.604,0.010,0
299,35,35,11.682,0.010,0
300,22,35,11.717,0.010,0
301,18,35,11.738,0.010,0
302,18,35,11.758,0.010,0
303,30,35,11.818,0.010,0
304,6,35,11.799,0.010,0
305,18,35,11.820,0.010,0
306,12,35,11.820,0.010,0
307,12,35,11.821,0.010,0
308,25,35,11.864,0.010,0
309,32,35,11.929,0.010,0
310,18,35,11.948,0.010,0
311,11,35,11.945,0.010,0
312,10,35,11.939,0.010,0
313,15,35,11.949,0.010,0
314,24,35,11.987,0.010,0
315,9,35,11.978,0.010,0
316,32,35,12.041,0.010,0
317,20,35,12.066,0.010,0
318,25,35,12.107,0.010,0
319,19,35,12.129,0.010,0
320,34,35,12.197,0.010,0
321,13,35,12.199,0.010,0
322,11,35,12.196,0.010,0
323,20,35,12.220,0.010,0
324,9,35,12.210,0.010,0
325,22,35,12.240,0.010,0
326,18,35,12.258,0.010,0
327,17,35,12.272,0.010,0
328,38,38,12.351,0.010,0
329,25,38,12.389,0.010,0
330,8,38,12.376,0.010,0
331,14,38,12.381,0.010,0
332,18,38,12.398,0.010,0
333,19,38,12.417,0.010,0
334,14,38,12.422,0.010,0
335,10,38,12.415,0.010,0
336,10,38,12.408,0.010,0
337,28,38,12.454,0.010,0
338,20,38,12.476,0.010,0
339,26,38,12.516,0.010,0
340,24,38,12.550,0.010,0
341,18,38,12.566,0.010,0
342,26,38,12.605,0.010,0
343,4,38,12.580,0.010,0
344,22,38,12.608,0.010,0
345,32,38,12.664,0.010,0
346,18,38,12.679,0.010,0
347,25,38,12.715,0.010,0
348,22,38,12.741,0.010,0
349,24,38,12.774,0.010,0
350,29,38,12.820,0.010,0
351,12,38,12.818,0.010,0
352,16,38,12.827,0.010,0
353,16,38,12.836,0.010,0
354,42,42,12.918,0.010,0
355,18,42,12.932,0.010,0
356,3,42,12.904,0.010,0
357,16,42,12.913,0.010,0
358,24,42,12.944,0.010,0
359,26,42,12.981,0.010,0
360,39,42,13.053,0.010,0
361,19,42,13.069,0.010,0
362,35,42,13.130,0.010,0
363,12,42,13.127,0.010,0
364,20,42,13.146,0.010,0
365,10,42,13.137,0.010,0
366,29,42,13.180,0.010,0
367,23,42,13.207,0.010,0
368,29,42,13.250,0.010,0
369,18,42,13.263,0.010,0
370,16,42,13.270,0.010,0
371,29,42,13.313,0.010,0
372,31,42,13.360,0.010,0
373,22,42,13.383,0.010,0
374,15,42,13.388,0.010,0
375,16,42,13.395,0.010,0
376,48,48,13.487,0.010,0
377,21,48,13.507,0.010,0
378,9,48,13.495,0.010,0
379,16,48,13.501,0.010,0
380,29,48,13.542,0.010,0
381,22,48,13.564,0.010,0
382,21,48,13.584,0.010,0
383,13,48,13.582,0.010,0
384,13,48,13.581,0.010,0
385,11,48,13.574,0.010,0
386,22,48,13.596,0.010,0
387,13,48,13.594,0.010,0
388,25,48,13.624,0.010,0
389,24,48,13.650,0.010,0
390,24,48,13.677,0.010,0
391,1,48,13.645,0.010,0
392,18,48,13.656,0.010,0
393,20,48,13.672,0.010,0
394,36,48,13.728,0.010,0
395,14,48,13.729,0.010,0
396,10,48,13.720,0.010,0
397,23,48,13.743,0.010,0
398,10,48,13.734,0.010,0
399,11,48,13.727,0.010,0
400,19,48,13.740,0.010,0
401,22,48,13.761,0.010,0
402,33,48,13.808,0.010,0
403,23,48,13.831,0.010,0
404,31,48,13.874,0.010,0
405,25,48,13.901,0.010,0
406,22,48,13.921,0.010,0
407,8,48,13.907,0.010,0
408,15,48,13.909,0.010,0
409,17,48,13.917,0.010,0
410,16,48,13.922,0.010,0
411,26,48,13.951,0.010,0
412,24,48,13.976,0.010,0
413,31,48,14.017,0.010,0
1,1,1,1.000,0.9700,637,23.5,0
2,0,1,0.500,0.9409,938,35.5,0
3,2,2,1.000,0.9127,1308,61.1,0
4,2,2,1.250,0.8853,1886,81.6,0
5,0,2,1.000,0.8587,2187,94.7,0
6,2,2,1.167,0.8330,2293,99.4,0
7,2,2,1.286,0.8080,2703,116.2,0
8,2,2,1.375,0.7837,2948,127.4,0
9,2,2,1.444,0.7602,3117,134.3,0
10,4,4,1.700,0.7374,3284,144.7,0
11,2,4,1.727,0.7153,3539,155.8,0
12,2,4,1.750,0.6938,3772,166.6,0
13,2,4,1.769,0.6730,3916,172.9,0
14,2,4,1.786,0.6528,4100,182.4,0
15,2,4,1.800,0.6333,4362,193.8,0
16,0,4,1.688,0.6143,4780,201.2,0
17,2,4,1.706,0.5958,4860,202.3,0
18,2,4,1.722,0.5780,4894,202.9,0
19,2,4,1.737,0.5606,5102,206.4,0
20,2,4,1.750,0.5438,5112,206.6,0
21,2,4,1.762,0.5275,5417,210.4,0
22,2,4,1.773,0.5117,5495,211.1,0
23,2,4,1.783,0.4963,5531,211.5,0
24,2,4,1.792,0.4814,5590,212.1,0
25,3,4,1.840,0.4670,5691,213.3,0
26,2,4,1.846,0.4530,5769,214.0,0
27,2,4,1.852,0.4394,5891,215.5,0
28,2,4,1.857,0.4262,6065,217.3,0
29,5,5,1.966,0.4134,6326,220.9,0
30,2,5,1.967,0.4010,6444,222.3,0
31,8,8,2.161,0.3890,6603,224.3,0
32,5,8,2.250,0.3773,6712,225.9,0
33,5,8,2.333,0.3660,6879,228.1,0
34,6,8,2.441,0.3550,7026,230.1,0
35,2,8,2.429,0.3444,7129,231.2,0
36,5,8,2.500,0.3340,7251,232.9,0
37,3,8,2.514,0.3240,7364,234.4,0
38,3,8,2.526,0.3143,7537,236.5,0
39,6,8,2.615,0.3049,7721,238.5,0
40,3,8,2.625,0.2957,7864,240.0,0
41,5,8,2.683,0.2868,7999,241.5,0
42,5,8,2.738,0.2782,8066,242.3,0
43,2,8,2.721,0.2699,8089,242.5,0
44,5,8,2.773,0.2618,8168,243.4,0
45,8,8,2.889,0.2539,8334,245.1,0
46,2,8,2.870,0.2463,8430,246.2,0
47,13,13,3.085,0.2389,8667,248.9,0
48,4,13,3.104,0.2318,8811,250.6,0
49,12,13,3.286,0.2248,9114,254.5,0
50,5,13,3.320,0.2181,9206,255.6,0
51,7,13,3.392,0.2115,9301,256.9,0
52,3,13,3.385,0.2052,9391,258.2,0
53,8,13,3.472,0.1990,9617,261.2,0
54,6,13,3.519,0.1931,9706,262.2,0
55,8,13,3.600,0.1873,9821,263.8,0
56,3,13,3.589,0.1816,9900,264.6,0
57,6,13,3.632,0.1762,10002,265.6,0
58,3,13,3.621,0.1709,10078,266.5,0
59,10,13,3.729,0.1658,10195,267.7,0
60,9,13,3.817,0.1608,10323,269.0,0
61,19,19,4.066,0.1560,10653,273.1,0
62,15,19,4.242,0.1513,11019,277.9,0
63,7,19,4.286,0.1468,11152,279.1,0
64,13,19,4.422,0.1424,11317,280.9,0
65,18,19,4.631,0.1381,11602,283.3,0
66,10,19,4.712,0.1339,11755,284.4,0
67,7,19,4.746,0.1299,11939,285.5,0
68,3,19,4.721,0.1260,11980,285.7,0
69,9,19,4.783,0.1223,12098,286.4,0
70,3,19,4.757,0.1186,12153,286.7,0
71,11,19,4.845,0.1150,12380,288.1,0
72,14,19,4.972,0.1116,12568,289.1,0
73,3,19,4.945,0.1082,12669,289.6,0
74,11,19,5.027,0.1050,12918,290.9,0
75,17,19,5.187,0.1018,13129,292.1,0
76,4,19,5.171,0.0988,13245,292.7,0
77,14,19,5.286,0.0958,13421,293.7,0
78,16,19,5.423,0.0929,13594,294.5,0
79,13,19,5.519,0.0902,13772,295.4,0
80,16,19,5.650,0.0874,14024,296.7,0
81,7,19,5.667,0.0848,14150,297.3,0
82,6,19,5.671,0.0823,14304,298.1,0
83,24,24,5.892,0.0798,14813,300.7,0
84,8,24,5.917,0.0774,14951,301.4,0
85,19,24,6.071,0.0751,15235,302.8,0
86,11,24,6.128,0.0728,15410,303.6,0
87,12,24,6.195,0.0707,15550,304.3,0
88,10,24,6.239,0.0685,15691,305.0,0
89,12,24,6.303,0.0665,15845,305.8,0
90,14,24,6.389,0.0645,16003,306.6,0
91,18,24,6.516,0.0626,16314,308.2,0
92,15,24,6.609,0.0607,16506,309.1,0
93,5,24,6.591,0.0589,16612,309.6,0
94,12,24,6.649,0.0571,16802,310.7,0
95,30,30,6.895,0.0554,17131,312.4,0
96,19,30,7.021,0.0537,17344,313.5,0
97,17,30,7.124,0.0521,17542,314.4,0
98,19,30,7.245,0.0505,17785,315.6,0
99,3,30,7.202,0.0490,17823,315.8,0
100,4,30,7.170,0.0476,17875,316.1,0
101,15,30,7.310,0.0461,18061,319.1,0
102,25,30,7.560,0.0447,18310,320.1,0
103,6,30,7.600,0.0434,18362,320.3,0
104,8,30,7.660,0.0421,18465,320.7,0
105,9,30,7.750,0.0408,18572,321.2,0
106,8,30,7.810,0.0396,18645,321.5,0
107,8,30,7.870,0.0384,18734,321.9,0
108,14,30,7.990,0.0373,18864,322.4,0
109,18,30,8.150,0.0362,19092,323.4,0
110,37,37,8.480,0.0351,19507,325.2,0
111,25,37,8.710,0.0340,19774,326.3,0
112,26,37,8.950,0.0330,20096,327.7,0
113,27,37,9.200,0.0320,20426,329.1,0
114,15,37,9.330,0.0310,20615,329.9,0
115,13,37,9.440,0.0301,20804,330.7,0
116,23,37,9.670,0.0292,21123,332.2,0
117,6,37,9.710,0.0283,21194,332.5,0
118,12,37,9.810,0.0275,21337,333.2,0
119,30,37,10.090,0.0267,21624,334.5,0
120,35,37,10.420,0.0259,22041,336.3,0
121,17,37,10.570,0.0251,22242,337.3,0
122,22,37,10.770,0.0243,22480,338.4,0
123,25,37,11.000,0.0236,22796,339.9,0
124,29,37,11.270,0.0229,23160,341.6,0
125,23,37,11.470,0.0222,23447,342.9,0
126,39,39,11.840,0.0215,24021,345.5,0
127,22,39,12.040,0.0209,24298,346.8,0
128,7,39,12.090,0.0203,24382,347.2,0
129,18,39,12.220,0.0197,24610,348.2,0
130,35,39,12.550,0.0191,25031,350.1,0
131,23,39,12.700,0.0185,25311,351.5,0
132,13,39,12.780,0.0179,25455,352.1,0
133,28,39,13.010,0.0174,25776,353.7,0
134,16,39,13.110,0.0169,25926,354.4,0
135,25,39,13.340,0.0164,26206,355.6,0
136,21,39,13.500,0.0159,26474,356.9,0
137,17,39,13.640,0.0154,26685,357.9,0
138,26,39,13.870,0.0149,27051,359.6,0
139,14,39,13.950,0.0145,27191,360.3,0
140,24,39,14.160,0.0141,27463,361.5,0
141,10,39,14.210,0.0136,27550,362.0,0
142,34,39,14.500,0.0132,28015,364.2,0
143,17,39,14.650,0.0128,28211,365.2,0
144,19,39,14.790,0.0124,28399,366.1,0
145,19,39,14.900,0.0121,28615,367.1,0
146,23,39,15.110,0.0117,28834,368.2,0
147,30,39,15.280,0.0114,29329,370.8,0
148,26,39,15.500,0.0110,29654,372.3,0
149,15,39,15.530,0.0107,29835,373.2,0
150,20,39,15.680,0.0104,30059,374.3,0
151,17,39,15.780,0.0101,30276,375.2,0
152,36,39,16.110,0.0100,30673,377.0,0
153,20,39,16.230,0.0100,30833,377.8,0
154,22,39,16.390,0.0100,31084,379.0,0
155,15,39,16.460,0.0100,31464,380.6,0
156,35,39,16.780,0.0100,31871,381.9,0
157,16,39,16.880,0.0100,32079,382.7,0
158,21,39,17.060,0.0100,32362,383.7,0
159,17,39,17.130,0.0100,32523,384.3,0
160,24,39,17.280,0.0100,32837,385.6,0
161,36,39,17.450,0.0100,33273,387.3,0
162,14,39,17.440,0.0100,33440,387.9,0
163,13,39,17.500,0.0100,33533,388.2,0
164,30,39,17.670,0.0100,33929,389.6,0
165,29,39,17.780,0.0100,34308,390.7,0
166,22,39,17.900,0.0100,34571,391.8,0
167,31,39,18.140,0.0100,34951,393.1,0
168,18,39,18.290,0.0100,35164,393.9,0
169,14,39,18.340,0.0100,35311,394.4,0
170,33,39,18.640,0.0100,35687,395.9,0
171,27,39,18.800,0.0100,36002,397.1,0
172,11,39,18.770,0.0100,36119,397.5,0
173,28,39,19.020,0.0100,36454,398.6,0
174,15,39,19.060,0.0100,36657,399.2,0
175,27,39,19.160,0.0100,37024,400.5,0
176,10,39,19.220,0.0100,37134,401.0,0
177,14,39,19.220,0.0100,37281,401.6,0
178,37,39,19.430,0.0100,37728,403.3,0
179,25,39,19.550,0.0100,38078,404.4,0
180,48,48,19.870,0.0100,38742,407.0,0
181,15,48,19.950,0.0100,38897,407.5,0
182,33,48,20.220,0.0100,39323,409.0,0
183,28,48,20.260,0.0100,39662,410.1,0
184,15,48,20.330,0.0100,39829,410.7,0
185,12,48,20.260,0.0100,39964,411.2,0
186,30,48,20.450,0.0100,40273,412.2,0
187,22,48,20.550,0.0100,40510,412.9,0
188,12,48,20.570,0.0100,40630,413.4,0
189,14,48,20.590,0.0100,40758,414.0,0
190,22,48,20.670,0.0100,40977,414.8,0
191,14,48,20.630,0.0100,41157,415.6,0
192,17,48,20.650,0.0100,41384,416.4,0
193,23,48,20.830,0.0100,41643,417.2,0
194,27,48,20.980,0.0100,41979,418.5,0
195,10,48,20.780,0.0100,42069,418.9,0
196,10,48,20.690,0.0100,42177,419.3,0
197,24,48,20.760,0.0100,42447,420.3,0
198,29,48,20.860,0.0100,42820,421.5,0
199,10,48,20.930,0.0100,42902,421.8,0
200,16,48,21.050,0.0100,43088,422.4,0
201,22,48,21.120,0.0100,43337,423.5,0
202,19,48,21.060,0.0100,43496,424.0,0
203,29,48,21.290,0.0100,43854,425.5,0
204,16,48,21.370,0.0100,44096,426.3,0
205,5,48,21.330,0.0100,44142,426.5,0
206,9,48,21.340,0.0100,44272,426.9,0
207,13,48,21.390,0.0100,44372,427.2,0
208,33,48,21.580,0.0100,44752,428.7,0
209,29,48,21.690,0.0100,45091,430.1,0
210,25,48,21.570,0.0100,45415,431.2,0
211,16,48,21.480,0.0100,45630,431.9,0
212,22,48,21.440,0.0100,45885,432.9,0
213,32,48,21.490,0.0100,46237,434.1,0
214,19,48,21.530,0.0100,46450,434.9,0
215,43,48,21.830,0.0100,47028,437.1,0
216,20,48,21.800,0.0100,47294,438.2,0
217,5,48,21.790,0.0100,47339,438.4,0
218,17,48,21.840,0.0100,47522,439.2,0
219,20,48,21.740,0.0100,47705,440.0,0
220,14,48,21.530,0.0100,47844,440.5,0
221,16,48,21.520,0.0100,48026,441.3,0
222,25,48,21.550,0.0100,48327,442.4,0
223,26,48,21.560,0.0100,48648,443.7,0
224,32,48,21.590,0.0100,49042,445.1,0
225,16,48,21.520,0.0100,49249,445.8,0
226,44,48,21.570,0.0100,49799,448.0,0
227,10,48,21.450,0.0100,49898,448.4,0
228,13,48,21.510,0.0100,50076,449.0,0
229,26,48,21.590,0.0100,50340,449.8,0
230,26,48,21.500,0.0100,50596,450.8,0
231,39,48,21.660,0.0100,51064,452.5,0
232,13,48,21.660,0.0100,51208,453.1,0
233,38,48,21.760,0.0100,51718,454.8,0
234,20,48,21.800,0.0100,51940,455.6,0
235,33,48,21.880,0.0100,52347,457.0,0
236,37,48,22.040,0.0100,52757,458.7,0
237,23,48,22.100,0.0100,52993,459.7,0
238,21,48,22.050,0.0100,53239,460.5,0
239,12,48,22.030,0.0100,53368,461.0,0
240,24,48,22.030,0.0100,53623,461.9,0
241,34,48,22.270,0.0100,53962,463.2,0
242,22,48,22.150,0.0100,54286,464.4,0
243,15,48,22.130,0.0100,54414,464.9,0
244,26,48,22.200,0.0100,54693,465.8,0
245,13,48,22.140,0.0100,54836,466.3,0
246,22,48,22.130,0.0100,55069,467.2,0
247,6,48,21.890,0.0100,55132,467.4,0
248,30,48,21.930,0.0100,55502,468.6,0
249,18,48,21.960,0.0100,55706,469.3,0
250,12,48,21.880,0.0100,55851,469.9,0
251,14,48,21.850,0.0100,55983,470.4,0
252,18,48,21.670,0.0100,56160,471.1,0
253,37,48,21.840,0.0100,56622,473.0,0
254,17,48,21.790,0.0100,56805,473.8,0
255,36,48,22.000,0.0100,57241,475.4,0
256,24,48,21.890,0.0100,57509,476.4,0
257,16,48,21.890,0.0100,57674,477.2,0
258,22,48,21.900,0.0100,57907,478.0,0
259,22,48,21.950,0.0100,58123,478.8,0
260,19,48,21.900,0.0100,58339,479.5,0
261,15,48,21.690,0.0100,58472,480.0,0
262,28,48,21.830,0.0100,58839,481.4,0
263,15,48,21.850,0.0100,59037,482.1,0
264,26,48,21.810,0.0100,59393,483.3,0
265,27,48,21.790,0.0100,59712,484.5,0
266,16,48,21.730,0.0100,59876,485.1,0
267,25,48,21.670,0.0100,60179,486.4,0
268,20,48,21.690,0.0100,60567,487.9,0
269,32,48,21.870,0.0100,60908,489.2,0
270,17,48,21.710,0.0100,61096,490.0,0
271,29,48,21.730,0.0100,61400,491.2,0
272,22,48,21.840,0.0100,61615,492.1,0
273,33,48,21.890,0.0100,61979,493.5,0
274,18,48,21.920,0.0100,62179,494.3,0
275,12,48,21.770,0.0100,62312,494.9,0
276,26,48,21.930,0.0100,62653,496.2,0
277,20,48,21.990,0.0100,62871,497.1,0
278,26,48,21.880,0.0100,63175,498.3,0
279,34,48,21.970,0.0100,63611,500.1,0
280,10,48,21.590,0.0100,63700,500.4,0
281,23,48,21.670,0.0100,63944,501.4,0
282,12,48,21.460,0.0100,64083,502.0,0
283,42,48,21.600,0.0100,64551,504.0,0
284,46,48,21.910,0.0100,65033,506.0,0
285,35,48,22.140,0.0100,65386,507.4,0
286,26,48,22.100,0.0100,65704,508.7,0
287,22,48,22.100,0.0100,65996,509.9,0
288,19,48,22.170,0.0100,66190,510.7,0
289,21,48,22.240,0.0100,66429,511.7,0
290,35,48,22.370,0.0100,66896,513.7,0
291,12,48,22.350,0.0100,67039,514.3,0
292,43,48,22.610,0.0100,67497,516.2,0
293,27,48,22.650,0.0100,67872,517.8,0
294,21,48,22.590,0.0100,68093,518.9,0
295,22,48,22.710,0.0100,68347,520.1,0
296,17,48,22.780,0.0100,68546,521.0,0
297,21,48,22.750,0.0100,68785,522.1,0
298,22,48,22.680,0.0100,69017,523.1,0
299,40,48,22.980,0.0100,69407,524.8,0
300,14,48,22.960,0.0100,69595,525.5,0
301,34,48,23.080,0.0100,69988,531.0,0
302,8,48,22.970,0.0100,70097,531.9,0
303,39,48,23.070,0.0100,70599,536.0,0
304,25,48,23.160,0.0100,70917,538.8,0
305,18,48,23.290,0.0100,71120,540.3,0
306,26,48,23.460,0.0100,71407,542.7,0
307,34,48,23.670,0.0100,71700,545.2,0
308,11,48,23.450,0.0100,71800,546.0,0
309,13,48,23.290,0.0100,71949,547.1,0
310,32,48,23.360,0.0100,72396,550.6,0
311,33,48,23.530,0.0100,72785,553.6,0
312,18,48,23.490,0.0100,72943,554.8,0
313,16,48,23.330,0.0100,73138,556.3,0
314,19,48,23.330,0.0100,73390,558.2,0
315,18,48,23.080,0.0100,73532,559.2,0
316,41,48,23.290,0.0100,74051,563.3,0
317,16,48,23.400,0.0100,74268,564.9,0
318,22,48,23.450,0.0100,74484,566.6,0
319,28,48,23.530,0.0100,74828,569.2,0
320,36,48,23.750,0.0100,75294,572.7,0
321,29,48,23.880,0.0100,75596,575.2,0
322,23,48,23.860,0.0100,75890,577.4,0
323,22,48,23.820,0.0100,76199,579.7,0
324,30,48,23.800,0.0100,76621,583.2,0
325,14,48,23.780,0.0100,76782,584.6,0
326,25,48,23.590,0.0100,77077,587.2,0
327,19,48,23.680,0.0100,77344,589.6,0
328,28,48,23.830,0.0100,77691,592.4,0
329,13,48,23.700,0.0100,77810,593.3,0
330,8,48,23.520,0.0100,77875,593.9,0
331,45,48,23.580,0.0100,78420,598.3,0
332,18,48,23.630,0.0100,78635,600.1,0
333,28,48,23.530,0.0100,79003,603.2,0
334,13,48,23.460,0.0100,79151,604.4,0
335,17,48,23.300,0.0100,79291,605.6,0
336,29,48,23.220,0.0100,79648,608.4,0
337,14,48,23.130,0.0100,79766,609.4,0
338,38,48,23.300,0.0100,80128,612.3,0
339,23,48,23.410,0.0100,80401,614.6,0
340,21,48,23.380,0.0100,80630,616.4,0
341,26,48,23.300,0.0100,80903,618.5,0
342,19,48,23.270,0.0100,81093,620.0,0
343,24,48,23.360,0.0100,81378,622.3,0
344,8,48,23.180,0.0100,81438,622.8,0
345,16,48,23.210,0.0100,81646,624.4,0
346,21,48,23.200,0.0100,81826,625.8,0
347,16,48,23.300,0.0100,82055,627.7,0
348,15,48,23.150,0.0100,82197,628.8,0
349,12,48,23.090,0.0100,82296,629.5,0
350,16,48,23.130,0.0100,82497,631.1,0
351,21,48,23.200,0.0100,82718,632.9,0
352,38,48,23.400,0.0100,83205,637.2,0
353,12,48,23.150,0.0100,83337,638.3,0
354,17,48,23.150,0.0100,83558,640.2,0
355,21,48,23.000,0.0100,83775,642.0,0
356,20,48,22.960,0.0100,83988,643.6,0
357,38,48,23.180,0.0100,84451,647.4,0
358,15,48,23.110,0.0100,84671,649.2,0
359,20,48,23.090,0.0100,84963,651.5,0
360,29,48,23.190,0.0100,85278,654.0,0
361,6,48,23.100,0.0100,85334,654.5,0
362,23,48,23.050,0.0100,85597,656.7,0
363,22,48,23.120,0.0100,85802,658.4,0
364,26,48,23.120,0.0100,86140,661.5,0
365,18,48,23.030,0.0100,86368,663.4,0
366,20,48,23.070,0.0100,86549,664.9,0
367,28,48,23.100,0.0100,86850,667.4,0
368,24,48,23.140,0.0100,87078,669.1,0
369,22,48,23.040,0.0100,87278,670.8,0
370,8,48,22.950,0.0100,87355,671.5,0
371,17,48,22.830,0.0100,87576,673.2,0
372,3,48,22.640,0.0100,87601,673.4,0
373,26,48,22.570,0.0100,87927,675.9,0
374,24,48,22.630,0.0100,88210,678.2,0
375,15,48,22.660,0.0100,88380,679.6,0
376,14,48,22.540,0.0100,88514,680.7,0
377,17,48,22.510,0.0100,88694,682.2,0
378,28,48,22.530,0.0100,89011,684.8,0
379,37,48,22.560,0.0100,89483,688.8,0
380,38,48,22.840,0.0100,89953,692.9,0
381,10,48,22.710,0.0100,90056,693.8,0
382,20,48,22.790,0.0100,90250,695.5,0
383,2,48,22.390,0.0100,90264,695.6,0
384,29,48,22.220,0.0100,90571,698.3,0
385,25,48,22.120,0.0100,90836,700.7,0
386,28,48,22.140,0.0100,91154,703.3,0
387,25,48,22.170,0.0100,91544,706.5,0
388,34,48,22.320,0.0100,91962,709.8,0
389,36,48,22.470,0.0100,92393,713.2,0
390,13,48,22.250,0.0100,92535,714.3,0
391,17,48,22.300,0.0100,92741,716.0,0
392,17,48,22.040,0.0100,92924,717.3,0
393,14,48,21.910,0.0100,93072,718.5,0
394,35,48,22.050,0.0100,93482,721.7,0
395,26,48,22.090,0.0100,93787,723.9,0
396,15,48,22.070,0.0100,93952,725.3,0
397,24,48,22.100,0.0100,94261,727.5,0
398,19,48,22.070,0.0100,94459,729.0,0
399,37,48,22.040,0.0100,94881,732.4,0
400,23,48,22.130,0.0100,95147,734.8,0
401,26,48,22.050,0.0100,95396,740.1,0
402,24,48,22.210,0.0100,95638,742.1,0
