algo,controle,risque,graine,score,temps_s,fin
audacieux,queue,0.5,0,137,395.8,mort
audacieux,queue,0.5,1,101,235.2,mort
audacieux,queue,0.5,2,98,235.2,mort
audacieux,queue,0.5,3,83,175.4,mort
audacieux,queue,0.5,4,130,354.6,mort
audacieux,queue,0.5,5,128,357.0,mort
audacieux,queue,0.5,6,135,420.4,mort
audacieux,queue,0.5,7,158,637.2,mort
audacieux,queue,0.5,8,82,163.4,mort
audacieux,queue,0.5,9,145,431.6,mort
audacieux,queue,0.5,10,202,861.4,mort
audacieux,queue,0.5,11,199,863.0,mort
audacieux,queue,0.5,12,94,203.8,mort
audacieux,queue,0.5,13,133,364.6,mort
audacieux,queue,0.5,14,181,676.4,mort
audacieux,queue,0.5,15,217,953.2,mort
audacieux,queue,0.5,16,130,375.4,mort
audacieux,queue,0.5,17,95,224.0,mort
audacieux,queue,0.5,18,91,203.0,mort
audacieux,queue,0.5,19,188,763.2,mort
audacieux,queue,0.5,20,152,460.4,mort
audacieux,queue,0.5,21,140,439.0,mort
audacieux,queue,0.5,22,180,821.8,mort
audacieux,queue,0.5,23,199,905.0,mort
audacieux,queue,0.5,24,148,467.2,mort
audacieux,queue,0.5,25,100,193.8,mort
audacieux,queue,0.5,26,216,1591.4,boucle
audacieux,queue,0.5,27,188,763.0,mort
audacieux,queue,0.5,28,124,326.0,mort
audacieux,queue,0.5,29,138,394.4,mort
audacieux,queue,0.5,30,109,228.0,mort
audacieux,queue,0.5,31,102,224.0,mort
audacieux,queue,0.5,32,135,407.8,mort
audacieux,queue,0.5,33,111,310.0,mort
audacieux,queue,0.5,34,126,322.8,mort
audacieux,queue,0.5,35,182,695.8,mort
audacieux,queue,0.5,36,101,220.4,mort
audacieux,queue,0.5,37,111,245.0,mort
audacieux,queue,0.5,38,157,586.2,mort
audacieux,queue,0.5,39,77,163.8,mort
audacieux,queue,0.5,40,142,476.8,mort
audacieux,queue,0.5,41,146,495.2,mort
audacieux,queue,0.5,42,215,1867.6,boucle
audacieux,queue,0.5,43,166,577.8,mort
audacieux,queue,0.5,44,124,382.0,mort
audacieux,queue,0.5,45,81,157.0,mort
audacieux,queue,0.5,46,169,613.4,mort
audacieux,queue,0.5,47,220,1646.4,boucle
audacieux,queue,0.5,48,171,604.2,mort
audacieux,queue,0.5,49,89,191.8,mort
audacieux,queue,0.5,50,181,768.4,mort
audacieux,queue,0.5,51,79,171.6,mort
audacieux,queue,0.5,52,132,321.4,mort
audacieux,queue,0.5,53,181,779.2,mort
audacieux,queue,0.5,54,85,170.4,mort
audacieux,queue,0.5,55,117,285.8,mort
audacieux,queue,0.5,56,214,1735.8,boucle
audacieux,queue,0.5,57,157,655.4,mort
audacieux,queue,0.5,58,106,281.4,mort
audacieux,queue,0.5,59,139,444.0,mort
audacieux,queue,0.5,60,189,790.2,mort
audacieux,queue,0.5,61,140,404.0,mort
audacieux,queue,0.5,62,99,222.8,mort
audacieux,queue,0.5,63,165,663.6,mort
audacieux,queue,0.5,64,118,279.8,mort
audacieux,queue,0.5,65,152,467.8,mort
audacieux,queue,0.5,66,137,430.8,mort
audacieux,queue,0.5,67,76,135.2,mort
audacieux,queue,0.5,68,181,629.0,mort
audacieux,queue,0.5,69,138,414.8,mort
audacieux,queue,0.5,70,108,230.4,mort
audacieux,queue,0.5,71,123,294.6,mort
audacieux,queue,0.5,72,219,1760.6,boucle
audacieux,queue,0.5,73,140,412.2,mort
audacieux,queue,0.5,74,215,1836.2,boucle
audacieux,queue,0.5,75,202,947.2,mort
audacieux,queue,0.5,76,82,181.0,mort
audacieux,queue,0.5,77,113,296.2,mort
audacieux,queue,0.5,78,95,207.8,mort
audacieux,queue,0.5,79,191,785.8,mort
audacieux,queue,0.5,80,121,323.2,mort
audacieux,queue,0.5,81,167,648.6,mort
audacieux,queue,0.5,82,85,183.2,mort
audacieux,queue,0.5,83,188,692.0,mort
audacieux,queue,0.5,84,145,438.2,mort
audacieux,queue,0.5,85,223,1065.4,victoire
audacieux,queue,0.5,86,97,226.0,mort
audacieux,queue,0.5,87,162,738.4,mort
audacieux,queue,0.5,88,155,489.4,mort
audacieux,queue,0.5,89,161,538.6,mort
audacieux,queue,0.5,90,170,553.6,mort
audacieux,queue,0.5,91,183,725.8,mort
audacieux,queue,0.5,92,103,232.6,mort
audacieux,queue,0.5,93,191,804.6,mort
audacieux,queue,0.5,94,185,689.2,mort
audacieux,queue,0.5,95,98,208.0,mort
audacieux,queue,0.5,96,167,592.6,mort
audacieux,queue,0.5,97,90,197.8,mort
audacieux,queue,0.5,98,168,553.6,mort
audacieux,queue,0.5,99,94,204.4,mort
audacieux,queue,0.5,100,193,839.8,mort
audacieux,queue,0.5,101,84,158.4,mort
audacieux,queue,0.5,102,127,336.8,mort
audacieux,queue,0.5,103,213,1786.4,boucle
audacieux,queue,0.5,104,181,760.8,mort
audacieux,queue,0.5,105,165,644.0,mort
audacieux,queue,0.5,106,66,115.4,mort
audacieux,queue,0.5,107,110,277.8,mort
audacieux,queue,0.5,108,211,1311.2,mort
audacieux,queue,0.5,109,78,141.0,mort
audacieux,queue,0.5,110,129,406.8,mort
audacieux,queue,0.5,111,187,659.4,mort
audacieux,queue,0.5,112,204,962.4,mort
audacieux,queue,0.5,113,127,373.4,mort
audacieux,queue,0.5,114,220,1787.8,boucle
audacieux,queue,0.5,115,166,681.6,mort
audacieux,queue,0.5,116,193,773.6,mort
audacieux,queue,0.5,117,139,438.8,mort
audacieux,queue,0.5,118,131,393.8,mort
audacieux,queue,0.5,119,175,695.0,mort
audacieux,queue,0.5,120,170,727.8,mort
audacieux,queue,0.5,121,153,493.6,mort
audacieux,queue,0.5,122,144,455.2,mort
audacieux,queue,0.5,123,96,221.2,mort
audacieux,queue,0.5,124,176,706.0,mort
audacieux,queue,0.5,125,95,230.4,mort
audacieux,queue,0.5,126,217,1784.8,boucle
audacieux,queue,0.5,127,159,564.4,mort
audacieux,queue,0.5,128,213,1618.0,boucle
audacieux,queue,0.5,129,117,273.6,mort
audacieux,queue,0.5,130,102,238.6,mort
audacieux,queue,0.5,131,136,398.0,mort
audacieux,queue,0.5,132,184,709.6,mort
audacieux,queue,0.5,133,150,516.2,mort
audacieux,queue,0.5,134,201,848.4,mort
audacieux,queue,0.5,135,157,497.0,mort
audacieux,queue,0.5,136,88,184.8,mort
audacieux,queue,0.5,137,184,771.8,mort
audacieux,queue,0.5,138,124,288.0,mort
audacieux,queue,0.5,139,161,569.0,mort
audacieux,queue,0.5,140,216,1710.4,boucle
audacieux,queue,0.5,141,106,264.8,mort
audacieux,queue,0.5,142,91,190.4,mort
audacieux,queue,0.5,143,206,859.2,mort
audacieux,queue,0.5,144,156,540.6,mort
audacieux,queue,0.5,145,124,350.4,mort
audacieux,queue,0.5,146,124,290.6,mort
audacieux,queue,0.5,147,72,138.2,mort
audacieux,queue,0.5,148,110,233.6,mort
audacieux,queue,0.5,149,106,236.0,mort
audacieux,queue,0.5,150,146,408.8,mort
audacieux,queue,0.5,151,150,493.2,mort
audacieux,queue,0.5,152,150,438.4,mort
audacieux,queue,0.5,153,84,158.0,mort
audacieux,queue,0.5,154,135,394.4,mort
audacieux,queue,0.5,155,127,353.6,mort
audacieux,queue,0.5,156,149,485.4,mort
audacieux,queue,0.5,157,139,443.6,mort
audacieux,queue,0.5,158,116,317.4,mort
audacieux,queue,0.5,159,154,485.0,mort
audacieux,queue,0.5,160,122,344.0,mort
audacieux,queue,0.5,161,217,1588.8,boucle
audacieux,queue,0.5,162,117,293.8,mort
audacieux,queue,0.5,163,221,1852.2,boucle
audacieux,queue,0.5,164,166,589.8,mort
audacieux,queue,0.5,165,115,262.8,mort
audacieux,queue,0.5,166,119,342.0,mort
audacieux,queue,0.5,167,148,506.2,mort
audacieux,queue,0.5,168,98,210.6,mort
audacieux,queue,0.5,169,154,488.4,mort
audacieux,queue,0.5,170,155,559.6,mort
audacieux,queue,0.5,171,135,474.8,mort
audacieux,queue,0.5,172,124,323.4,mort
audacieux,queue,0.5,173,113,291.0,mort
audacieux,queue,0.5,174,122,312.0,mort
audacieux,queue,0.5,175,137,383.0,mort
audacieux,queue,0.5,176,138,405.2,mort
audacieux,queue,0.5,177,105,249.2,mort
audacieux,queue,0.5,178,157,535.6,mort
audacieux,queue,0.5,179,155,551.0,mort
audacieux,queue,0.5,180,121,312.0,mort
audacieux,queue,0.5,181,169,610.6,mort
audacieux,queue,0.5,182,170,642.0,mort
audacieux,queue,0.5,183,112,266.0,mort
audacieux,queue,0.5,184,137,388.0,mort
audacieux,queue,0.5,185,148,461.2,mort
audacieux,queue,0.5,186,173,634.0,mort
audacieux,queue,0.5,187,189,869.4,mort
audacieux,queue,0.5,188,112,288.2,mort
audacieux,queue,0.5,189,199,887.0,mort
audacieux,queue,0.5,190,195,805.4,mort
audacieux,queue,0.5,191,161,556.6,mort
audacieux,queue,0.5,192,163,511.6,mort
audacieux,queue,0.5,193,197,861.6,mort
audacieux,queue,0.5,194,87,172.8,mort
audacieux,queue,0.5,195,158,570.6,mort
audacieux,queue,0.5,196,123,315.8,mort
audacieux,queue,0.5,197,195,835.6,mort
audacieux,queue,0.5,198,169,657.2,mort
audacieux,queue,0.5,199,202,830.4,mort
audacieux,queue,0.5,200,112,230.6,mort
audacieux,queue,0.5,201,186,796.4,mort
audacieux,queue,0.5,202,139,368.4,mort
audacieux,queue,0.5,203,206,914.2,mort
audacieux,queue,0.5,204,87,211.6,mort
audacieux,queue,0.5,205,220,1144.2,mort
audacieux,queue,0.5,206,175,674.8,mort
audacieux,queue,0.5,207,151,538.6,mort
audacieux,queue,0.5,208,156,483.4,mort
audacieux,queue,0.5,209,210,1001.0,mort
audacieux,queue,0.5,210,173,687.0,mort
audacieux,queue,0.5,211,214,1217.6,mort
audacieux,queue,0.5,212,170,655.2,mort
audacieux,queue,0.5,213,221,1175.0,mort
audacieux,queue,0.5,214,130,351.0,mort
audacieux,queue,0.5,215,91,177.4,mort
audacieux,queue,0.5,216,102,190.6,mort
audacieux,queue,0.5,217,169,574.0,mort
audacieux,queue,0.5,218,136,397.6,mort
audacieux,queue,0.5,219,141,465.2,mort
audacieux,queue,0.5,220,107,268.2,mort
audacieux,queue,0.5,221,139,496.2,mort
audacieux,queue,0.5,222,72,128.0,mort
audacieux,queue,0.5,223,127,296.6,mort
audacieux,queue,0.5,224,143,479.8,mort
audacieux,queue,0.5,225,187,782.4,mort
audacieux,queue,0.5,226,223,1169.4,victoire
audacieux,queue,0.5,227,179,643.4,mort
audacieux,queue,0.5,228,112,248.2,mort
audacieux,queue,0.5,229,119,288.4,mort
audacieux,queue,0.5,230,124,311.8,mort
audacieux,queue,0.5,231,105,243.4,mort
audacieux,queue,0.5,232,147,455.6,mort
audacieux,queue,0.5,233,182,618.0,mort
audacieux,queue,0.5,234,185,648.8,mort
audacieux,queue,0.5,235,119,299.6,mort
audacieux,queue,0.5,236,58,100.4,mort
audacieux,queue,0.5,237,189,913.0,mort
audacieux,queue,0.5,238,132,414.0,mort
audacieux,queue,0.5,239,215,1748.0,boucle
audacieux,queue,0.5,240,116,311.8,mort
audacieux,queue,0.5,241,126,341.4,mort
audacieux,queue,0.5,242,118,296.4,mort
audacieux,queue,0.5,243,203,1010.6,mort
audacieux,queue,0.5,244,196,858.0,mort
audacieux,queue,0.5,245,159,568.2,mort
audacieux,queue,0.5,246,218,1165.0,mort
audacieux,queue,0.5,247,123,339.0,mort
audacieux,queue,0.5,248,223,1220.8,victoire
audacieux,queue,0.5,249,118,281.6,mort
audacieux,queue,0.5,250,159,510.0,mort
audacieux,queue,0.5,251,126,379.0,mort
audacieux,queue,0.5,252,163,492.8,mort
audacieux,queue,0.5,253,148,482.4,mort
audacieux,queue,0.5,254,106,260.8,mort
audacieux,queue,0.5,255,195,983.4,mort
audacieux,queue,0.5,256,191,848.6,mort
audacieux,queue,0.5,257,136,393.6,mort
audacieux,queue,0.5,258,211,1393.6,mort
audacieux,queue,0.5,259,72,138.4,mort
audacieux,queue,0.5,260,223,1013.4,victoire
audacieux,queue,0.5,261,110,264.8,mort
audacieux,queue,0.5,262,140,348.8,mort
audacieux,queue,0.5,263,223,1257.0,victoire
audacieux,queue,0.5,264,174,626.0,mort
audacieux,queue,0.5,265,196,835.2,mort
audacieux,queue,0.5,266,107,207.4,mort
audacieux,queue,0.5,267,136,395.0,mort
audacieux,queue,0.5,268,92,174.2,mort
audacieux,queue,0.5,269,104,220.2,mort
audacieux,queue,0.5,270,154,518.8,mort
audacieux,queue,0.5,271,85,166.0,mort
audacieux,queue,0.5,272,138,486.8,mort
audacieux,queue,0.5,273,167,600.4,mort
audacieux,queue,0.5,274,107,243.6,mort
audacieux,queue,0.5,275,221,1322.4,mort
audacieux,queue,0.5,276,99,243.0,mort
audacieux,queue,0.5,277,137,415.2,mort
audacieux,queue,0.5,278,60,109.2,mort
audacieux,queue,0.5,279,136,405.4,mort
audacieux,queue,0.5,280,141,394.4,mort
audacieux,queue,0.5,281,144,376.6,mort
audacieux,queue,0.5,282,136,390.6,mort
audacieux,queue,0.5,283,203,966.8,mort
audacieux,queue,0.5,284,177,814.6,mort
audacieux,queue,0.5,285,92,198.6,mort
audacieux,queue,0.5,286,95,212.0,mort
audacieux,queue,0.5,287,215,1587.4,boucle
audacieux,queue,0.5,288,191,707.2,mort
audacieux,queue,0.5,289,221,1209.4,mort
audacieux,queue,0.5,290,128,368.2,mort
audacieux,queue,0.5,291,153,452.4,mort
audacieux,queue,0.5,292,157,573.4,mort
audacieux,queue,0.5,293,90,183.6,mort
audacieux,queue,0.5,294,148,491.6,mort
audacieux,queue,0.5,295,133,348.0,mort
audacieux,queue,0.5,296,150,535.2,mort
audacieux,queue,0.5,297,59,85.0,mort
audacieux,queue,0.5,298,197,667.2,mort
audacieux,queue,0.5,299,103,268.8,mort
audacieux,queue,0.5,300,117,299.4,mort
audacieux,queue,0.5,301,181,721.6,mort
audacieux,queue,0.5,302,195,846.4,mort
audacieux,queue,0.5,303,179,700.0,mort
audacieux,queue,0.5,304,221,1115.8,mort
audacieux,queue,0.5,305,151,549.0,mort
audacieux,queue,0.5,306,192,797.0,mort
audacieux,queue,0.5,307,123,295.8,mort
audacieux,queue,0.5,308,183,802.2,mort
audacieux,queue,0.5,309,135,347.8,mort
audacieux,queue,0.5,310,216,1208.8,mort
audacieux,queue,0.5,311,209,1090.0,mort
audacieux,queue,0.5,312,200,842.2,mort
audacieux,queue,0.5,313,90,179.4,mort
audacieux,queue,0.5,314,122,314.8,mort
audacieux,queue,0.5,315,161,546.8,mort
audacieux,queue,0.5,316,82,166.6,mort
audacieux,queue,0.5,317,101,248.6,mort
audacieux,queue,0.5,318,215,1078.6,mort
audacieux,queue,0.5,319,124,314.6,mort
audacieux,queue,0.5,320,198,884.6,mort
audacieux,queue,0.5,321,137,452.0,mort
audacieux,queue,0.5,322,173,639.4,mort
audacieux,queue,0.5,323,138,427.4,mort
audacieux,queue,0.5,324,127,386.0,mort
audacieux,queue,0.5,325,203,1061.8,mort
audacieux,queue,0.5,326,118,303.8,mort
audacieux,queue,0.5,327,125,344.8,mort
audacieux,queue,0.5,328,204,1560.6,boucle
audacieux,queue,0.5,329,153,551.6,mort
audacieux,queue,0.5,330,189,672.6,mort
audacieux,queue,0.5,331,99,249.8,mort
audacieux,queue,0.5,332,176,631.8,mort
audacieux,queue,0.5,333,214,966.4,mort
audacieux,queue,0.5,334,143,406.0,mort
audacieux,queue,0.5,335,96,234.4,mort
audacieux,queue,0.5,336,157,605.0,mort
audacieux,queue,0.5,337,177,586.4,mort
audacieux,queue,0.5,338,137,407.8,mort
audacieux,queue,0.5,339,179,624.8,mort
audacieux,queue,0.5,340,165,544.8,mort
audacieux,queue,0.5,341,65,109.2,mort
audacieux,queue,0.5,342,114,251.8,mort
audacieux,queue,0.5,343,143,494.0,mort
audacieux,queue,0.5,344,205,946.0,mort
audacieux,queue,0.5,345,219,1517.8,boucle
audacieux,queue,0.5,346,176,720.6,mort
audacieux,queue,0.5,347,158,575.0,mort
audacieux,queue,0.5,348,101,231.8,mort
audacieux,queue,0.5,349,175,757.0,mort
audacieux,queue,0.5,350,149,482.8,mort
audacieux,queue,0.5,351,95,201.8,mort
audacieux,queue,0.5,352,168,560.4,mort
audacieux,queue,0.5,353,143,410.0,mort
audacieux,queue,0.5,354,105,235.8,mort
audacieux,queue,0.5,355,192,785.4,mort
audacieux,queue,0.5,356,193,793.2,mort
audacieux,queue,0.5,357,100,220.6,mort
audacieux,queue,0.5,358,108,282.2,mort
audacieux,queue,0.5,359,212,1585.4,boucle
audacieux,queue,0.5,360,121,330.4,mort
audacieux,queue,0.5,361,105,274.0,mort
audacieux,queue,0.5,362,93,195.0,mort
audacieux,queue,0.5,363,135,363.2,mort
audacieux,queue,0.5,364,204,883.0,mort
audacieux,queue,0.5,365,93,201.8,mort
audacieux,queue,0.5,366,218,1257.0,mort
audacieux,queue,0.5,367,141,452.6,mort
audacieux,queue,0.5,368,160,558.4,mort
audacieux,queue,0.5,369,166,549.8,mort
audacieux,queue,0.5,370,156,447.2,mort
audacieux,queue,0.5,371,145,403.6,mort
audacieux,queue,0.5,372,187,848.0,mort
audacieux,queue,0.5,373,154,524.8,mort
audacieux,queue,0.5,374,122,286.2,mort
audacieux,queue,0.5,375,148,423.8,mort
audacieux,queue,0.5,376,209,1003.4,mort
audacieux,queue,0.5,377,223,1037.8,victoire
audacieux,queue,0.5,378,121,300.4,mort
audacieux,queue,0.5,379,116,308.6,mort
audacieux,queue,0.5,380,194,773.4,mort
audacieux,queue,0.5,381,184,682.2,mort
audacieux,queue,0.5,382,201,924.0,mort
audacieux,queue,0.5,383,93,178.6,mort
audacieux,queue,0.5,384,209,1017.6,mort
audacieux,queue,0.5,385,181,695.2,mort
audacieux,queue,0.5,386,172,679.2,mort
audacieux,queue,0.5,387,185,796.6,mort
audacieux,queue,0.5,388,117,291.2,mort
audacieux,queue,0.5,389,213,1274.6,mort
audacieux,queue,0.5,390,209,1037.2,mort
audacieux,queue,0.5,391,89,196.6,mort
audacieux,queue,0.5,392,160,533.8,mort
audacieux,queue,0.5,393,117,328.8,mort
audacieux,queue,0.5,394,97,224.8,mort
audacieux,queue,0.5,395,149,407.2,mort
audacieux,queue,0.5,396,162,608.0,mort
audacieux,queue,0.5,397,167,633.6,mort
audacieux,queue,0.5,398,130,387.8,mort
audacieux,queue,0.5,399,123,334.0,mort
glouton,espace,loin_queue,12,116,296.2,mort
glouton,espace,loin_queue,13,119,305.4,mort
glouton,espace,loin_queue,14,208,1136.8,mort
glouton,espace,loin_queue,15,148,624.2,mort
glouton,espace,loin_queue,24,77,165.8,mort
glouton,espace,loin_queue,25,215,1936.2,boucle
glouton,espace,loin_queue,26,103,185.2,mort
glouton,espace,loin_queue,27,115,277.8,mort
glouton,espace,loin_queue,4,128,350.0,mort
glouton,espace,loin_queue,5,105,214.4,mort
glouton,espace,loin_queue,6,189,976.4,mort
glouton,espace,loin_queue,7,211,1596.6,boucle
glouton,espace,loin_queue,0,205,1030.8,mort
glouton,espace,loin_queue,1,223,1007.4,victoire
glouton,espace,loin_queue,2,136,430.2,mort
glouton,espace,loin_queue,3,215,781.0,mort
glouton,espace,loin_queue,32,121,345.2,mort
glouton,espace,loin_queue,33,127,355.4,mort
glouton,espace,loin_queue,34,211,982.0,mort
glouton,espace,loin_queue,35,216,1820.2,boucle
glouton,espace,loin_queue,36,109,272.8,mort
glouton,espace,loin_queue,37,78,166.0,mort
glouton,espace,loin_queue,38,214,1570.2,boucle
glouton,espace,loin_queue,39,215,1837.6,boucle
glouton,espace,loin_queue,20,215,1571.4,boucle
glouton,espace,loin_queue,21,220,1589.6,boucle
glouton,espace,loin_queue,22,133,483.8,mort
glouton,espace,loin_queue,23,119,309.4,mort
glouton,espace,loin_queue,8,111,287.4,mort
glouton,espace,loin_queue,9,217,1647.2,boucle
glouton,espace,loin_queue,10,162,998.2,mort
glouton,espace,loin_queue,11,223,977.6,victoire
glouton,espace,loin_queue,16,200,1048.2,mort
glouton,espace,loin_queue,17,216,1499.2,boucle
glouton,espace,loin_queue,18,211,1380.4,boucle
glouton,espace,loin_queue,19,129,402.4,mort
glouton,espace,loin_queue,28,189,1611.8,boucle
glouton,espace,loin_queue,29,216,1597.6,boucle
glouton,espace,loin_queue,30,220,1485.2,boucle
glouton,espace,loin_queue,31,78,165.2,mort
glouton,espace,loin_queue,64,106,256.4,mort
glouton,espace,loin_queue,65,217,933.0,mort
glouton,espace,loin_queue,66,137,579.2,mort
glouton,espace,loin_queue,67,212,777.8,mort
glouton,espace,loin_queue,68,177,1398.4,boucle
glouton,espace,loin_queue,69,223,887.0,victoire
glouton,espace,loin_queue,70,113,244.8,mort
glouton,espace,loin_queue,71,133,354.8,mort
glouton,espace,loin_queue,76,130,366.0,mort
glouton,espace,loin_queue,77,129,345.6,mort
glouton,espace,loin_queue,78,215,1623.8,boucle
glouton,espace,loin_queue,79,97,211.8,mort
glouton,espace,loin_queue,40,216,910.6,mort
glouton,espace,loin_queue,41,217,1545.8,boucle
glouton,espace,loin_queue,42,209,889.4,mort
glouton,espace,loin_queue,43,217,1589.2,boucle
glouton,espace,loin_queue,44,218,1809.8,boucle
glouton,espace,loin_queue,45,216,1560.4,boucle
glouton,espace,loin_queue,46,217,1439.2,boucle
glouton,espace,loin_queue,47,137,517.8,mort
glouton,espace,loin_queue,60,209,984.6,mort
glouton,espace,loin_queue,61,154,866.6,mort
glouton,espace,loin_queue,62,117,334.8,mort
glouton,espace,loin_queue,63,218,1931.0,boucle
glouton,espace,loin_queue,48,222,1036.0,mort
glouton,espace,loin_queue,49,213,1040.6,mort
glouton,espace,loin_queue,50,223,1035.8,victoire
glouton,espace,loin_queue,51,209,1362.4,mort
glouton,espace,loin_queue,52,213,1652.4,boucle
glouton,espace,loin_queue,53,218,1521.4,boucle
glouton,espace,loin_queue,54,211,1604.0,boucle
glouton,espace,loin_queue,55,134,417.6,mort
glouton,espace,loin_queue,56,213,1692.0,boucle
glouton,espace,loin_queue,57,213,1713.8,boucle
glouton,espace,loin_queue,58,129,335.0,mort
glouton,espace,loin_queue,59,207,1132.8,mort
glouton,espace,loin_queue,72,211,872.4,mort
glouton,espace,loin_queue,73,216,1638.6,boucle
glouton,espace,loin_queue,74,218,1470.6,boucle
glouton,espace,loin_queue,75,215,1552.8,boucle
glouton,espace,loin_queue,100,93,202.2,mort
glouton,espace,loin_queue,101,134,415.0,mort
glouton,espace,loin_queue,102,109,235.6,mort
glouton,espace,loin_queue,103,211,1444.2,boucle
glouton,espace,loin_queue,84,117,318.6,mort
glouton,espace,loin_queue,85,213,1112.2,mort
glouton,espace,loin_queue,86,92,195.0,mort
glouton,espace,loin_queue,87,216,1713.2,boucle
glouton,espace,loin_queue,92,98,184.0,mort
glouton,espace,loin_queue,93,184,1454.8,boucle
glouton,espace,loin_queue,94,207,884.6,mort
glouton,espace,loin_queue,95,117,306.4,mort
glouton,espace,loin_queue,88,94,202.8,mort
glouton,espace,loin_queue,89,171,1180.0,mort
glouton,espace,loin_queue,90,133,375.8,mort
glouton,espace,loin_queue,91,221,1910.6,boucle
glouton,espace,loin_queue,112,122,276.8,mort
glouton,espace,loin_queue,113,213,1646.2,boucle
glouton,espace,loin_queue,114,211,1353.8,mort
glouton,espace,loin_queue,115,98,212.8,mort
glouton,espace,loin_queue,80,213,1502.6,boucle
glouton,espace,loin_queue,81,211,1487.2,boucle
glouton,espace,loin_queue,82,219,1557.6,boucle
glouton,espace,loin_queue,83,220,1490.0,boucle
glouton,espace,loin_queue,96,214,2009.4,boucle
glouton,espace,loin_queue,97,214,1627.6,boucle
glouton,espace,loin_queue,98,143,529.0,mort
glouton,espace,loin_queue,99,206,857.2,mort
glouton,espace,loin_queue,108,192,1529.4,mort
glouton,espace,loin_queue,109,186,1749.8,mort
glouton,espace,loin_queue,110,133,400.6,mort
glouton,espace,loin_queue,111,121,324.6,mort
glouton,espace,loin_queue,120,129,320.8,mort
glouton,espace,loin_queue,121,114,260.2,mort
glouton,espace,loin_queue,122,209,983.2,mort
glouton,espace,loin_queue,123,220,1736.4,boucle
glouton,espace,loin_queue,104,210,1507.8,boucle
glouton,espace,loin_queue,105,223,835.2,victoire
glouton,espace,loin_queue,106,220,1703.6,boucle
glouton,espace,loin_queue,107,220,1481.6,boucle
glouton,espace,loin_queue,124,209,1054.4,mort
glouton,espace,loin_queue,125,148,770.0,mort
glouton,espace,loin_queue,126,209,1294.2,mort
glouton,espace,loin_queue,127,101,223.2,mort
glouton,espace,loin_queue,132,212,1424.8,boucle
glouton,espace,loin_queue,133,124,360.0,mort
glouton,espace,loin_queue,134,134,340.4,mort
glouton,espace,loin_queue,135,196,1095.2,mort
glouton,espace,loin_queue,116,211,961.0,mort
glouton,espace,loin_queue,117,217,1565.8,boucle
glouton,espace,loin_queue,118,211,1030.4,mort
glouton,espace,loin_queue,119,203,908.8,mort
glouton,espace,loin_queue,140,214,1110.2,mort
glouton,espace,loin_queue,141,67,146.0,mort
glouton,espace,loin_queue,142,206,973.4,mort
glouton,espace,loin_queue,143,123,316.6,mort
glouton,espace,loin_queue,128,221,1452.4,boucle
glouton,espace,loin_queue,129,147,762.4,mort
glouton,espace,loin_queue,130,221,1156.2,mort
glouton,espace,loin_queue,131,214,1615.4,boucle
glouton,espace,loin_queue,152,215,1571.8,boucle
glouton,espace,loin_queue,153,75,135.2,mort
glouton,espace,loin_queue,154,133,386.0,mort
glouton,espace,loin_queue,155,206,928.4,mort
glouton,espace,loin_queue,160,179,1011.2,mort
glouton,espace,loin_queue,161,142,615.6,mort
glouton,espace,loin_queue,162,130,430.4,mort
glouton,espace,loin_queue,163,103,247.2,mort
glouton,espace,loin_queue,144,207,872.8,mort
glouton,espace,loin_queue,145,209,1063.0,mort
glouton,espace,loin_queue,146,134,431.2,mort
glouton,espace,loin_queue,147,214,932.2,mort
glouton,espace,loin_queue,136,211,1452.2,boucle
glouton,espace,loin_queue,137,138,396.2,mort
glouton,espace,loin_queue,138,210,2043.0,boucle
glouton,espace,loin_queue,139,140,401.0,mort
glouton,espace,loin_queue,148,122,329.6,mort
glouton,espace,loin_queue,149,211,1036.4,mort
glouton,espace,loin_queue,150,192,1061.2,mort
glouton,espace,loin_queue,151,192,1490.6,boucle
glouton,espace,loin_queue,172,199,1951.2,mort
glouton,espace,loin_queue,173,139,595.2,mort
glouton,espace,loin_queue,174,108,249.0,mort
glouton,espace,loin_queue,175,135,364.6,mort
glouton,espace,loin_queue,168,85,157.0,mort
glouton,espace,loin_queue,169,222,942.4,mort
glouton,espace,loin_queue,170,219,1577.6,boucle
glouton,espace,loin_queue,171,201,1063.0,mort
glouton,espace,loin_queue,156,108,253.4,mort
glouton,espace,loin_queue,157,208,1842.0,boucle
glouton,espace,loin_queue,158,194,1998.4,mort
glouton,espace,loin_queue,159,205,1020.8,mort
glouton,espace,loin_queue,188,137,326.2,mort
glouton,espace,loin_queue,189,121,344.6,mort
glouton,espace,loin_queue,190,204,1113.2,mort
glouton,espace,loin_queue,191,214,1576.4,boucle
glouton,espace,loin_queue,164,211,1677.4,boucle
glouton,espace,loin_queue,165,194,1466.2,mort
glouton,espace,loin_queue,166,215,1572.0,boucle
glouton,espace,loin_queue,167,141,633.2,mort
glouton,espace,loin_queue,180,220,1561.8,boucle
glouton,espace,loin_queue,181,104,245.4,mort
glouton,espace,loin_queue,182,136,462.4,mort
glouton,espace,loin_queue,183,209,1610.4,boucle
glouton,espace,loin_queue,184,215,1525.8,boucle
glouton,espace,loin_queue,185,216,1613.0,boucle
glouton,espace,loin_queue,186,133,411.8,mort
glouton,espace,loin_queue,187,133,356.8,mort
glouton,espace,loin_queue,192,208,1526.4,boucle
glouton,espace,loin_queue,193,223,1196.2,victoire
glouton,espace,loin_queue,194,106,245.4,mort
glouton,espace,loin_queue,195,220,1851.2,boucle
glouton,espace,loin_queue,176,223,940.0,victoire
glouton,espace,loin_queue,177,214,1812.4,boucle
glouton,espace,loin_queue,178,182,1613.2,mort
glouton,espace,loin_queue,179,197,1184.0,mort
glouton,espace,loin_queue,196,214,2040.6,boucle
glouton,espace,loin_queue,197,117,273.6,mort
glouton,espace,loin_queue,198,219,1588.8,boucle
glouton,espace,loin_queue,199,221,1915.8,boucle
glouton,espace,loin_queue,216,128,379.8,mort
glouton,espace,loin_queue,217,206,1435.4,boucle
glouton,espace,loin_queue,218,138,483.0,mort
glouton,espace,loin_queue,219,107,240.4,mort
glouton,espace,loin_queue,224,205,819.6,mort
glouton,espace,loin_queue,225,136,436.6,mort
glouton,espace,loin_queue,226,213,1841.6,boucle
glouton,espace,loin_queue,227,74,138.4,mort
glouton,espace,loin_queue,236,133,394.8,mort
glouton,espace,loin_queue,237,211,1619.4,boucle
glouton,espace,loin_queue,238,87,165.2,mort
glouton,espace,loin_queue,239,223,1097.6,victoire
glouton,espace,loin_queue,228,209,939.4,mort
glouton,espace,loin_queue,229,193,1160.6,mort
glouton,espace,loin_queue,230,202,787.2,mort
glouton,espace,loin_queue,231,118,289.2,mort
glouton,espace,loin_queue,220,141,539.0,mort
glouton,espace,loin_queue,221,206,1030.2,mort
glouton,espace,loin_queue,222,216,1673.6,boucle
glouton,espace,loin_queue,223,117,321.8,mort
glouton,espace,loin_queue,208,171,1328.8,mort
glouton,espace,loin_queue,209,117,313.0,mort
glouton,espace,loin_queue,210,214,1484.6,boucle
glouton,espace,loin_queue,211,223,1154.8,victoire
glouton,espace,loin_queue,232,213,960.4,mort
glouton,espace,loin_queue,233,110,247.4,mort
glouton,espace,loin_queue,234,211,1672.2,boucle
glouton,espace,loin_queue,235,183,1386.4,mort
glouton,espace,loin_queue,240,211,931.4,mort
glouton,espace,loin_queue,241,107,233.0,mort
glouton,espace,loin_queue,242,129,369.2,mort
glouton,espace,loin_queue,243,156,796.4,mort
glouton,espace,loin_queue,200,221,1656.0,boucle
glouton,espace,loin_queue,201,217,1743.6,boucle
glouton,espace,loin_queue,202,103,231.2,mort
glouton,espace,loin_queue,203,187,1236.6,mort
glouton,espace,loin_queue,204,222,886.4,mort
glouton,espace,loin_queue,205,216,1502.4,boucle
glouton,espace,loin_queue,206,192,1218.0,mort
glouton,espace,loin_queue,207,220,1507.0,boucle
glouton,espace,loin_queue,212,216,1717.6,boucle
glouton,espace,loin_queue,213,192,1133.0,mort
glouton,espace,loin_queue,214,223,1145.0,victoire
glouton,espace,loin_queue,215,198,838.6,mort
glouton,espace,loin_queue,244,111,267.8,mort
glouton,espace,loin_queue,245,210,985.0,mort
glouton,espace,loin_queue,246,223,1383.8,victoire
glouton,espace,loin_queue,247,200,880.2,mort
glouton,espace,loin_queue,256,133,337.4,mort
glouton,espace,loin_queue,257,223,1027.4,victoire
glouton,espace,loin_queue,258,210,1767.4,boucle
glouton,espace,loin_queue,259,134,422.6,mort
glouton,espace,loin_queue,248,211,954.6,mort
glouton,espace,loin_queue,249,214,1517.4,boucle
glouton,espace,loin_queue,250,223,1066.2,victoire
glouton,espace,loin_queue,251,123,333.2,mort
glouton,espace,loin_queue,252,220,1568.6,boucle
glouton,espace,loin_queue,253,223,878.6,victoire
glouton,espace,loin_queue,254,221,1603.6,boucle
glouton,espace,loin_queue,255,97,226.0,mort
glouton,espace,loin_queue,280,209,1007.8,mort
glouton,espace,loin_queue,281,133,354.8,mort
glouton,espace,loin_queue,282,134,437.2,mort
glouton,espace,loin_queue,283,207,1189.8,mort
glouton,espace,loin_queue,272,219,1802.6,boucle
glouton,espace,loin_queue,273,66,119.2,mort
glouton,espace,loin_queue,274,218,1589.8,boucle
glouton,espace,loin_queue,275,105,263.0,mort
glouton,espace,loin_queue,268,114,254.0,mort
glouton,espace,loin_queue,269,141,514.4,mort
glouton,espace,loin_queue,270,221,1683.4,boucle
glouton,espace,loin_queue,271,211,1385.4,mort
glouton,espace,loin_queue,264,212,1531.2,mort
glouton,espace,loin_queue,265,210,1545.4,boucle
glouton,espace,loin_queue,266,133,414.2,mort
glouton,espace,loin_queue,267,145,568.0,mort
glouton,espace,loin_queue,260,211,1033.0,mort
glouton,espace,loin_queue,261,209,944.6,mort
glouton,espace,loin_queue,262,215,1599.4,boucle
glouton,espace,loin_queue,263,221,1648.2,boucle
glouton,espace,loin_queue,276,204,1306.2,mort
glouton,espace,loin_queue,277,109,239.8,mort
glouton,espace,loin_queue,278,220,1484.0,boucle
glouton,espace,loin_queue,279,211,1601.0,boucle
glouton,espace,loin_queue,308,155,641.2,mort
glouton,espace,loin_queue,309,123,283.4,mort
glouton,espace,loin_queue,310,115,281.4,mort
glouton,espace,loin_queue,311,209,1062.4,mort
glouton,espace,loin_queue,312,90,179.2,mort
glouton,espace,loin_queue,313,134,463.0,mort
glouton,espace,loin_queue,314,208,926.8,mort
glouton,espace,loin_queue,315,212,927.8,mort
glouton,espace,loin_queue,300,222,1477.2,mort
glouton,espace,loin_queue,301,93,191.6,mort
glouton,espace,loin_queue,302,134,391.4,mort
glouton,espace,loin_queue,303,223,1126.6,victoire
glouton,espace,loin_queue,284,218,1013.6,mort
glouton,espace,loin_queue,285,133,401.0,mort
glouton,espace,loin_queue,286,216,1674.0,boucle
glouton,espace,loin_queue,287,220,1519.8,boucle
glouton,espace,loin_queue,304,92,207.8,mort
glouton,espace,loin_queue,305,218,1158.8,mort
glouton,espace,loin_queue,306,213,1039.2,mort
glouton,espace,loin_queue,307,203,825.2,mort
glouton,espace,loin_queue,292,214,979.6,mort
glouton,espace,loin_queue,293,209,876.6,mort
glouton,espace,loin_queue,294,221,1663.4,boucle
glouton,espace,loin_queue,295,219,1640.2,boucle
glouton,espace,loin_queue,296,218,1759.6,boucle
glouton,espace,loin_queue,297,177,854.8,mort
glouton,espace,loin_queue,298,222,872.0,mort
glouton,espace,loin_queue,299,216,1703.8,boucle
glouton,espace,loin_queue,288,214,1547.0,boucle
glouton,espace,loin_queue,289,210,1744.8,boucle
glouton,espace,loin_queue,290,213,1046.4,mort
glouton,espace,loin_queue,291,215,1798.8,boucle
glouton,espace,loin_queue,324,140,629.6,mort
glouton,espace,loin_queue,325,135,520.4,mort
glouton,espace,loin_queue,326,213,1488.4,boucle
glouton,espace,loin_queue,327,133,387.4,mort
glouton,espace,loin_queue,320,223,1068.0,victoire
glouton,espace,loin_queue,321,211,1983.4,boucle
glouton,espace,loin_queue,322,137,501.0,mort
glouton,espace,loin_queue,323,98,218.8,mort
glouton,espace,loin_queue,316,212,1147.6,mort
glouton,espace,loin_queue,317,144,554.8,mort
glouton,espace,loin_queue,318,195,1302.6,mort
glouton,espace,loin_queue,319,217,1882.6,boucle
glouton,espace,loin_queue,336,205,1514.0,mort
glouton,espace,loin_queue,337,126,342.8,mort
glouton,espace,loin_queue,338,209,1128.4,mort
glouton,espace,loin_queue,339,137,450.0,mort
glouton,espace,loin_queue,344,223,983.2,victoire
glouton,espace,loin_queue,345,210,859.6,mort
glouton,espace,loin_queue,346,211,913.0,mort
glouton,espace,loin_queue,347,100,214.4,mort
glouton,espace,loin_queue,332,223,1244.4,victoire
glouton,espace,loin_queue,333,219,1498.2,boucle
glouton,espace,loin_queue,334,212,960.4,mort
glouton,espace,loin_queue,335,156,839.2,mort
glouton,espace,loin_queue,340,164,952.0,mort
glouton,espace,loin_queue,341,221,1288.0,mort
glouton,espace,loin_queue,342,211,877.2,mort
glouton,espace,loin_queue,343,215,1772.0,boucle
glouton,espace,loin_queue,348,222,1076.8,mort
glouton,espace,loin_queue,349,223,1035.6,victoire
glouton,espace,loin_queue,350,202,1263.6,mort
glouton,espace,loin_queue,351,128,378.2,mort
glouton,espace,loin_queue,356,217,1479.0,boucle
glouton,espace,loin_queue,357,208,886.0,mort
glouton,espace,loin_queue,358,135,365.8,mort
glouton,espace,loin_queue,359,223,1006.0,victoire
glouton,espace,loin_queue,368,125,374.8,mort
glouton,espace,loin_queue,369,211,1257.4,mort
glouton,espace,loin_queue,370,130,361.6,mort
glouton,espace,loin_queue,371,131,386.8,mort
glouton,espace,loin_queue,360,221,1485.2,boucle
glouton,espace,loin_queue,361,133,455.0,mort
glouton,espace,loin_queue,362,211,1080.4,mort
glouton,espace,loin_queue,363,211,926.4,mort
glouton,espace,loin_queue,328,215,1518.0,boucle
glouton,espace,loin_queue,329,212,1543.2,boucle
glouton,espace,loin_queue,330,202,2046.4,boucle
glouton,espace,loin_queue,331,217,1412.0,boucle
glouton,espace,loin_queue,352,200,2082.0,boucle
glouton,espace,loin_queue,353,138,454.2,mort
glouton,espace,loin_queue,354,211,933.2,mort
glouton,espace,loin_queue,355,212,1499.4,boucle
glouton,espace,loin_queue,384,123,306.2,mort
glouton,espace,loin_queue,385,109,225.4,mort
glouton,espace,loin_queue,386,210,1042.2,mort
glouton,espace,loin_queue,387,131,364.8,mort
glouton,espace,loin_queue,372,198,1128.2,mort
glouton,espace,loin_queue,373,200,1237.6,mort
glouton,espace,loin_queue,374,223,1027.0,victoire
glouton,espace,loin_queue,375,129,410.4,mort
glouton,espace,loin_queue,380,133,415.6,mort
glouton,espace,loin_queue,381,211,971.8,mort
glouton,espace,loin_queue,382,129,335.6,mort
glouton,espace,loin_queue,383,208,1761.2,boucle
glouton,espace,loin_queue,376,199,1485.8,boucle
glouton,espace,loin_queue,377,104,242.0,mort
glouton,espace,loin_queue,378,206,1153.2,mort
glouton,espace,loin_queue,379,211,1784.4,boucle
glouton,espace,loin_queue,392,131,337.0,mort
glouton,espace,loin_queue,393,208,1071.0,mort
glouton,espace,loin_queue,394,212,1692.4,boucle
glouton,espace,loin_queue,395,114,257.6,mort
glouton,espace,loin_queue,400,131,354.0,mort
glouton,espace,loin_queue,401,209,1547.0,boucle
glouton,espace,loin_queue,402,186,1119.2,mort
glouton,espace,loin_queue,403,103,207.0,mort
glouton,espace,loin_queue,364,188,1833.4,boucle
glouton,espace,loin_queue,365,214,2337.4,boucle
glouton,espace,loin_queue,366,221,1678.4,boucle
glouton,espace,loin_queue,367,151,859.8,mort
glouton,espace,loin_queue,388,213,1714.6,boucle
glouton,espace,loin_queue,389,205,920.2,mort
glouton,espace,loin_queue,390,221,1436.0,boucle
glouton,espace,loin_queue,391,135,408.2,mort
glouton,espace,loin_queue,396,221,1648.2,boucle
glouton,espace,loin_queue,397,207,842.2,mort
glouton,espace,loin_queue,398,133,448.2,mort
glouton,espace,loin_queue,399,215,1532.6,boucle
glouton,espace,loin_queue,404,209,1256.6,mort
glouton,espace,loin_queue,405,223,854.4,victoire
glouton,espace,loin_queue,406,128,418.2,mort
glouton,espace,loin_queue,407,219,1609.2,boucle
glouton,espace,loin_queue,408,216,1565.0,boucle
glouton,espace,loin_queue,409,79,155.6,mort
glouton,espace,loin_queue,410,215,1721.6,boucle
glouton,espace,loin_queue,411,223,1189.8,victoire
glouton,espace,loin_queue,416,137,425.2,mort
glouton,espace,loin_queue,417,223,917.6,victoire
glouton,espace,loin_queue,418,209,1323.2,mort
glouton,espace,loin_queue,419,143,622.4,mort
glouton,espace,loin_queue,412,213,1584.6,boucle
glouton,espace,loin_queue,413,220,1547.6,boucle
glouton,espace,loin_queue,414,116,283.8,mort
glouton,espace,loin_queue,415,214,1609.8,boucle
glouton,espace,loin_queue,424,211,1575.6,boucle
glouton,espace,loin_queue,425,123,370.2,mort
glouton,espace,loin_queue,426,157,902.2,mort
glouton,espace,loin_queue,427,134,1077.8,boucle
glouton,espace,loin_queue,436,170,753.6,mort
glouton,espace,loin_queue,437,216,1624.8,boucle
glouton,espace,loin_queue,438,138,533.8,mort
glouton,espace,loin_queue,439,109,286.0,mort
glouton,espace,loin_queue,444,135,427.0,mort
glouton,espace,loin_queue,445,125,329.6,mort
glouton,espace,loin_queue,446,222,743.6,mort
glouton,espace,loin_queue,447,215,1681.2,boucle
glouton,espace,loin_queue,428,151,591.2,mort
glouton,espace,loin_queue,429,213,1666.2,boucle
glouton,espace,loin_queue,430,215,1510.8,boucle
glouton,espace,loin_queue,431,220,1530.2,boucle
glouton,espace,loin_queue,440,217,1367.4,boucle
glouton,espace,loin_queue,441,137,534.6,mort
glouton,espace,loin_queue,442,209,1630.2,boucle
glouton,espace,loin_queue,443,221,1638.4,boucle
glouton,espace,loin_queue,432,214,2121.6,boucle
glouton,espace,loin_queue,433,211,1001.6,mort
glouton,espace,loin_queue,434,223,1085.6,victoire
glouton,espace,loin_queue,435,223,1042.4,victoire
glouton,espace,loin_queue,460,209,1074.8,mort
glouton,espace,loin_queue,461,121,359.4,mort
glouton,espace,loin_queue,462,210,1086.0,mort
glouton,espace,loin_queue,463,100,220.2,mort
glouton,espace,loin_queue,448,106,276.0,mort
glouton,espace,loin_queue,449,223,918.2,victoire
glouton,espace,loin_queue,450,218,1603.4,boucle
glouton,espace,loin_queue,451,215,1673.0,boucle
glouton,espace,loin_queue,420,201,2416.2,boucle
glouton,espace,loin_queue,421,221,1759.0,boucle
glouton,espace,loin_queue,422,210,1574.2,boucle
glouton,espace,loin_queue,423,222,1028.4,mort
glouton,espace,loin_queue,452,169,1222.4,boucle
glouton,espace,loin_queue,453,214,1723.4,boucle
glouton,espace,loin_queue,454,223,1148.0,victoire
glouton,espace,loin_queue,455,118,355.4,mort
glouton,espace,loin_queue,456,219,1549.8,boucle
glouton,espace,loin_queue,457,121,274.2,mort
glouton,espace,loin_queue,458,211,2507.0,boucle
glouton,espace,loin_queue,459,114,291.8,mort
glouton,espace,loin_queue,472,95,196.4,mort
glouton,espace,loin_queue,473,116,280.6,mort
glouton,espace,loin_queue,474,220,1467.0,boucle
glouton,espace,loin_queue,475,200,898.0,mort
glouton,espace,loin_queue,464,218,1631.0,boucle
glouton,espace,loin_queue,465,145,540.8,mort
glouton,espace,loin_queue,466,151,643.6,mort
glouton,espace,loin_queue,467,216,1618.8,boucle
glouton,espace,loin_queue,476,120,295.6,mort
glouton,espace,loin_queue,477,219,1588.6,boucle
glouton,espace,loin_queue,478,148,555.8,mort
glouton,espace,loin_queue,479,199,1060.2,mort
glouton,espace,loin_queue,484,223,1014.0,victoire
glouton,espace,loin_queue,485,194,1371.0,mort
glouton,espace,loin_queue,486,93,216.8,mort
glouton,espace,loin_queue,487,87,205.4,mort
glouton,espace,loin_queue,492,127,363.2,mort
glouton,espace,loin_queue,493,219,1624.6,boucle
glouton,espace,loin_queue,494,166,874.2,mort
glouton,espace,loin_queue,495,125,340.4,mort
glouton,espace,loin_queue,488,200,898.6,mort
glouton,espace,loin_queue,489,109,243.0,mort
glouton,espace,loin_queue,490,209,928.4,mort
glouton,espace,loin_queue,491,162,750.4,mort
glouton,espace,loin_queue,468,179,1166.0,mort
glouton,espace,loin_queue,469,223,1381.6,victoire
glouton,espace,loin_queue,470,210,1563.8,boucle
glouton,espace,loin_queue,471,195,1642.6,boucle
glouton,espace,loin_queue,480,213,1335.0,mort
glouton,espace,loin_queue,481,223,1002.4,victoire
glouton,espace,loin_queue,482,143,560.4,mort
glouton,espace,loin_queue,483,212,1662.2,boucle
glouton,espace,loin_queue,496,213,853.8,mort
glouton,espace,loin_queue,497,124,368.8,mort
glouton,espace,loin_queue,498,202,910.6,mort
glouton,espace,loin_queue,499,169,1421.6,boucle
glouton,espace,loin_queue,504,212,874.4,mort
glouton,espace,loin_queue,505,222,843.6,mort
glouton,espace,loin_queue,506,216,990.8,mort
glouton,espace,loin_queue,507,133,438.0,mort
glouton,espace,loin_queue,520,59,99.6,mort
glouton,espace,loin_queue,521,137,404.2,mort
glouton,espace,loin_queue,522,129,379.2,mort
glouton,espace,loin_queue,523,218,1477.0,boucle
glouton,espace,loin_queue,508,223,892.4,victoire
glouton,espace,loin_queue,509,209,740.8,mort
glouton,espace,loin_queue,510,223,1282.2,victoire
glouton,espace,loin_queue,511,159,852.0,mort
glouton,espace,loin_queue,500,166,867.2,mort
glouton,espace,loin_queue,501,214,929.8,mort
glouton,espace,loin_queue,502,223,1081.0,victoire
glouton,espace,loin_queue,503,213,1706.6,boucle
glouton,espace,loin_queue,512,210,1177.0,mort
glouton,espace,loin_queue,513,152,733.0,mort
glouton,espace,loin_queue,514,208,925.8,mort
glouton,espace,loin_queue,515,133,400.2,mort
glouton,espace,loin_queue,536,223,1430.6,victoire
glouton,espace,loin_queue,537,132,353.6,mort
glouton,espace,loin_queue,538,149,767.8,mort
glouton,espace,loin_queue,539,126,280.0,mort
glouton,espace,loin_queue,528,217,1472.4,boucle
glouton,espace,loin_queue,529,105,212.4,mort
glouton,espace,loin_queue,530,209,1534.8,boucle
glouton,espace,loin_queue,531,133,398.0,mort
glouton,espace,loin_queue,544,207,953.2,mort
glouton,espace,loin_queue,545,212,825.4,mort
glouton,espace,loin_queue,546,209,943.8,mort
glouton,espace,loin_queue,547,128,314.0,mort
glouton,espace,loin_queue,532,219,1628.8,boucle
glouton,espace,loin_queue,533,131,399.4,mort
glouton,espace,loin_queue,534,222,990.4,mort
glouton,espace,loin_queue,535,222,1016.2,mort
glouton,espace,loin_queue,524,206,1093.2,mort
glouton,espace,loin_queue,525,214,1512.2,boucle
glouton,espace,loin_queue,526,221,1629.2,boucle
glouton,espace,loin_queue,527,199,926.4,mort
glouton,espace,loin_queue,540,223,1201.0,victoire
glouton,espace,loin_queue,541,219,1687.0,boucle
glouton,espace,loin_queue,542,128,356.2,mort
glouton,espace,loin_queue,543,220,1533.8,boucle
glouton,espace,loin_queue,548,101,238.4,mort
glouton,espace,loin_queue,549,218,1430.2,boucle
glouton,espace,loin_queue,550,216,1692.6,boucle
glouton,espace,loin_queue,551,209,963.6,mort
glouton,espace,loin_queue,556,217,1623.0,boucle
glouton,espace,loin_queue,557,140,482.6,mort
glouton,espace,loin_queue,558,214,1556.6,boucle
glouton,espace,loin_queue,559,109,280.2,mort
glouton,espace,loin_queue,516,213,1133.8,mort
glouton,espace,loin_queue,517,213,1515.4,boucle
glouton,espace,loin_queue,518,223,2025.0,victoire
glouton,espace,loin_queue,519,204,2029.6,mort
glouton,espace,loin_queue,580,137,435.2,mort
glouton,espace,loin_queue,581,120,305.8,mort
glouton,espace,loin_queue,582,222,920.8,mort
glouton,espace,loin_queue,583,91,202.4,mort
glouton,espace,loin_queue,572,80,151.8,mort
glouton,espace,loin_queue,573,223,981.0,victoire
glouton,espace,loin_queue,574,211,1089.4,mort
glouton,espace,loin_queue,575,92,202.4,mort
glouton,espace,loin_queue,552,221,1735.2,boucle
glouton,espace,loin_queue,553,192,787.2,mort
glouton,espace,loin_queue,554,205,971.8,mort
glouton,espace,loin_queue,555,223,1257.8,victoire
glouton,espace,loin_queue,560,211,1047.8,mort
glouton,espace,loin_queue,561,125,395.4,mort
glouton,espace,loin_queue,562,212,991.2,mort
glouton,espace,loin_queue,563,214,1657.4,boucle
glouton,espace,loin_queue,564,220,1616.8,boucle
glouton,espace,loin_queue,565,129,385.4,mort
glouton,espace,loin_queue,566,212,884.2,mort
glouton,espace,loin_queue,567,210,1536.4,boucle
glouton,espace,loin_queue,568,102,244.2,mort
glouton,espace,loin_queue,569,122,295.0,mort
glouton,espace,loin_queue,570,214,1548.2,boucle
glouton,espace,loin_queue,571,219,1710.4,boucle
glouton,espace,loin_queue,584,114,267.0,mort
glouton,espace,loin_queue,585,211,921.6,mort
glouton,espace,loin_queue,586,223,1225.4,victoire
glouton,espace,loin_queue,587,114,228.0,mort
glouton,espace,loin_queue,576,214,1693.4,boucle
glouton,espace,loin_queue,577,204,822.8,mort
glouton,espace,loin_queue,578,215,1531.6,boucle
glouton,espace,loin_queue,579,116,284.4,mort
glouton,espace,loin_queue,592,215,861.0,mort
glouton,espace,loin_queue,593,128,321.8,mort
glouton,espace,loin_queue,594,145,688.6,mort
glouton,espace,loin_queue,595,219,1850.8,boucle
glouton,espace,loin_queue,596,112,251.6,mort
glouton,espace,loin_queue,597,209,826.4,mort
glouton,espace,loin_queue,598,202,956.0,mort
glouton,espace,loin_queue,599,214,1738.2,boucle
glouton,espace,loin_queue,600,128,287.6,mort
glouton,espace,loin_queue,601,214,1171.2,mort
glouton,espace,loin_queue,602,212,1529.4,boucle
glouton,espace,loin_queue,603,192,1041.4,mort
glouton,espace,loin_queue,604,98,245.4,mort
glouton,espace,loin_queue,605,222,844.6,mort
glouton,espace,loin_queue,606,223,1013.0,victoire
glouton,espace,loin_queue,607,214,1722.6,boucle
glouton,espace,loin_queue,588,210,1721.4,boucle
glouton,espace,loin_queue,589,216,1535.0,boucle
glouton,espace,loin_queue,590,213,1479.4,boucle
glouton,espace,loin_queue,591,221,1551.2,boucle
glouton,espace,loin_queue,612,195,1011.0,mort
glouton,espace,loin_queue,613,212,984.0,mort
glouton,espace,loin_queue,614,219,1477.8,boucle
glouton,espace,loin_queue,615,223,917.8,victoire
glouton,espace,loin_queue,608,105,210.0,mort
glouton,espace,loin_queue,609,214,1976.2,boucle
glouton,espace,loin_queue,610,211,1539.2,boucle
glouton,espace,loin_queue,611,211,1699.8,boucle
glouton,espace,loin_queue,628,218,1718.2,boucle
glouton,espace,loin_queue,629,207,970.6,mort
glouton,espace,loin_queue,630,119,328.4,mort
glouton,espace,loin_queue,631,133,367.8,mort
glouton,espace,loin_queue,616,216,1758.8,boucle
glouton,espace,loin_queue,617,120,340.2,mort
glouton,espace,loin_queue,618,212,1053.0,mort
glouton,espace,loin_queue,619,214,1653.0,boucle
glouton,espace,loin_queue,620,92,166.6,mort
glouton,espace,loin_queue,621,215,1485.2,boucle
glouton,espace,loin_queue,622,208,1688.6,boucle
glouton,espace,loin_queue,623,196,1664.4,mort
glouton,espace,loin_queue,624,215,954.0,mort
glouton,espace,loin_queue,625,223,950.0,victoire
glouton,espace,loin_queue,626,221,1576.2,boucle
glouton,espace,loin_queue,627,209,868.0,mort
glouton,espace,loin_queue,636,133,419.6,mort
glouton,espace,loin_queue,637,205,2080.0,boucle
glouton,espace,loin_queue,638,211,791.0,mort
glouton,espace,loin_queue,639,119,299.0,mort
glouton,espace,loin_queue,656,209,1035.8,mort
glouton,espace,loin_queue,657,141,486.0,mort
glouton,espace,loin_queue,658,124,334.6,mort
glouton,espace,loin_queue,659,203,986.0,mort
glouton,espace,loin_queue,660,135,449.8,mort
glouton,espace,loin_queue,661,215,1487.0,boucle
glouton,espace,loin_queue,662,121,401.2,mort
glouton,espace,loin_queue,663,209,963.2,mort
glouton,espace,loin_queue,640,215,1480.2,boucle
glouton,espace,loin_queue,641,93,169.0,mort
glouton,espace,loin_queue,642,209,1954.4,boucle
glouton,espace,loin_queue,643,221,1478.6,boucle
glouton,espace,loin_queue,632,210,950.4,mort
glouton,espace,loin_queue,633,215,1598.8,boucle
glouton,espace,loin_queue,634,208,1496.4,boucle
glouton,espace,loin_queue,635,214,1619.8,boucle
glouton,espace,loin_queue,668,93,198.2,mort
glouton,espace,loin_queue,669,220,1616.8,boucle
glouton,espace,loin_queue,670,214,1049.2,mort
glouton,espace,loin_queue,671,222,872.2,mort
glouton,espace,loin_queue,644,213,1049.0,mort
glouton,espace,loin_queue,645,174,876.8,mort
glouton,espace,loin_queue,646,220,1503.8,boucle
glouton,espace,loin_queue,647,215,1594.6,boucle
glouton,espace,loin_queue,652,199,1054.2,mort
glouton,espace,loin_queue,653,211,1494.6,boucle
glouton,espace,loin_queue,654,162,1034.4,mort
glouton,espace,loin_queue,655,185,1301.8,mort
glouton,espace,loin_queue,664,127,329.2,mort
glouton,espace,loin_queue,665,213,1689.8,boucle
glouton,espace,loin_queue,666,181,1166.0,mort
glouton,espace,loin_queue,667,169,1279.0,boucle
glouton,espace,loin_queue,648,174,923.4,mort
glouton,espace,loin_queue,649,215,1696.4,boucle
glouton,espace,loin_queue,650,204,913.8,mort
glouton,espace,loin_queue,651,202,1898.6,boucle
glouton,espace,loin_queue,672,191,1732.2,mort
glouton,espace,loin_queue,673,127,385.4,mort
glouton,espace,loin_queue,674,217,1719.8,boucle
glouton,espace,loin_queue,675,206,918.4,mort
glouton,espace,loin_queue,684,223,1061.8,victoire
glouton,espace,loin_queue,685,115,248.8,mort
glouton,espace,loin_queue,686,215,1475.4,boucle
glouton,espace,loin_queue,687,219,1982.0,boucle
glouton,espace,loin_queue,708,217,1599.6,boucle
glouton,espace,loin_queue,709,131,381.0,mort
glouton,espace,loin_queue,710,139,468.0,mort
glouton,espace,loin_queue,711,215,851.4,mort
glouton,espace,loin_queue,676,223,1404.0,victoire
glouton,espace,loin_queue,677,212,1433.0,boucle
glouton,espace,loin_queue,678,208,1839.0,boucle
glouton,espace,loin_queue,679,211,1008.8,mort
glouton,espace,loin_queue,700,218,1696.6,boucle
glouton,espace,loin_queue,701,223,972.6,victoire
glouton,espace,loin_queue,702,171,1042.6,mort
glouton,espace,loin_queue,703,97,204.2,mort
glouton,espace,loin_queue,688,216,1497.4,boucle
glouton,espace,loin_queue,689,206,2617.4,boucle
glouton,espace,loin_queue,690,211,1026.8,mort
glouton,espace,loin_queue,691,123,325.0,mort
glouton,espace,loin_queue,680,217,1545.0,boucle
glouton,espace,loin_queue,681,213,1662.6,boucle
glouton,espace,loin_queue,682,202,1155.6,mort
glouton,espace,loin_queue,683,213,1461.8,boucle
glouton,espace,loin_queue,692,211,1684.6,boucle
glouton,espace,loin_queue,693,222,1109.6,mort
glouton,espace,loin_queue,694,181,1280.4,mort
glouton,espace,loin_queue,695,138,557.2,mort
glouton,espace,loin_queue,704,223,1034.8,victoire
glouton,espace,loin_queue,705,122,324.4,mort
glouton,espace,loin_queue,706,220,1634.6,boucle
glouton,espace,loin_queue,707,213,1751.2,boucle
glouton,espace,loin_queue,712,208,918.6,mort
glouton,espace,loin_queue,713,207,985.6,mort
glouton,espace,loin_queue,714,214,1589.8,boucle
glouton,espace,loin_queue,715,205,874.6,mort
glouton,espace,loin_queue,696,214,1543.6,boucle
glouton,espace,loin_queue,697,210,1693.2,boucle
glouton,espace,loin_queue,698,217,1663.8,boucle
glouton,espace,loin_queue,699,214,1586.4,boucle
glouton,espace,loin_queue,728,206,1067.4,mort
glouton,espace,loin_queue,729,88,184.0,mort
glouton,espace,loin_queue,730,212,1045.8,mort
glouton,espace,loin_queue,731,135,390.2,mort
glouton,espace,loin_queue,720,208,859.0,mort
glouton,espace,loin_queue,721,134,445.6,mort
glouton,espace,loin_queue,722,144,669.4,mort
glouton,espace,loin_queue,723,210,1583.6,boucle
glouton,espace,loin_queue,736,220,1568.6,boucle
glouton,espace,loin_queue,737,108,259.0,mort
glouton,espace,loin_queue,738,221,1760.8,boucle
glouton,espace,loin_queue,739,150,587.4,mort
glouton,espace,loin_queue,732,110,272.2,mort
glouton,espace,loin_queue,733,214,1545.4,boucle
glouton,espace,loin_queue,734,219,1531.0,boucle
glouton,espace,loin_queue,735,201,956.2,mort
glouton,espace,loin_queue,724,209,1168.6,mort
glouton,espace,loin_queue,725,223,1297.4,victoire
glouton,espace,loin_queue,726,214,1478.8,boucle
glouton,espace,loin_queue,727,211,815.8,mort
glouton,espace,loin_queue,716,213,1909.4,boucle
glouton,espace,loin_queue,717,214,1426.4,boucle
glouton,espace,loin_queue,718,211,880.4,mort
glouton,espace,loin_queue,719,216,1554.8,boucle
glouton,espace,loin_queue,740,212,1031.6,mort
glouton,espace,loin_queue,741,204,1739.4,boucle
glouton,espace,loin_queue,742,106,249.6,mort
glouton,espace,loin_queue,743,214,1558.6,boucle
glouton,espace,loin_queue,744,223,935.0,victoire
glouton,espace,loin_queue,745,211,1542.6,boucle
glouton,espace,loin_queue,746,167,1078.0,mort
glouton,espace,loin_queue,747,179,1040.6,mort
glouton,espace,loin_queue,776,89,185.8,mort
glouton,espace,loin_queue,777,128,374.0,mort
glouton,espace,loin_queue,778,107,229.0,mort
glouton,espace,loin_queue,779,134,447.8,mort
glouton,espace,loin_queue,756,99,254.0,mort
glouton,espace,loin_queue,757,215,1532.2,boucle
glouton,espace,loin_queue,758,217,1523.0,boucle
glouton,espace,loin_queue,759,113,263.8,mort
glouton,espace,loin_queue,752,128,393.8,mort
glouton,espace,loin_queue,753,206,1494.8,mort
glouton,espace,loin_queue,754,129,370.2,mort
glouton,espace,loin_queue,755,214,1488.4,boucle
glouton,espace,loin_queue,748,204,1335.8,mort
glouton,espace,loin_queue,749,203,983.2,mort
glouton,espace,loin_queue,750,129,375.2,mort
glouton,espace,loin_queue,751,221,1532.4,boucle
glouton,espace,loin_queue,772,212,1485.2,boucle
glouton,espace,loin_queue,773,223,1048.0,victoire
glouton,espace,loin_queue,774,211,973.0,mort
glouton,espace,loin_queue,775,123,314.0,mort
glouton,espace,loin_queue,764,215,915.0,mort
glouton,espace,loin_queue,765,216,1591.6,boucle
glouton,espace,loin_queue,766,221,1784.6,boucle
glouton,espace,loin_queue,767,117,332.6,mort
glouton,espace,loin_queue,760,214,1536.6,boucle
glouton,espace,loin_queue,761,190,986.6,mort
glouton,espace,loin_queue,762,210,1824.2,boucle
glouton,espace,loin_queue,763,220,1481.2,boucle
glouton,espace,loin_queue,768,211,1311.8,mort
glouton,espace,loin_queue,769,201,1744.4,mort
glouton,espace,loin_queue,770,123,340.0,mort
glouton,espace,loin_queue,771,215,1114.0,mort
glouton,espace,loin_queue,788,123,327.2,mort
glouton,espace,loin_queue,789,118,318.8,mort
glouton,espace,loin_queue,790,147,980.8,mort
glouton,espace,loin_queue,791,213,1738.4,boucle
glouton,espace,loin_queue,780,223,1227.0,victoire
glouton,espace,loin_queue,781,215,1524.2,boucle
glouton,espace,loin_queue,782,141,503.4,mort
glouton,espace,loin_queue,783,213,971.0,mort
glouton,espace,loin_queue,784,134,391.0,mort
glouton,espace,loin_queue,785,215,1143.0,mort
glouton,espace,loin_queue,786,203,915.2,mort
glouton,espace,loin_queue,787,223,1347.2,victoire
glouton,espace,loin_queue,792,216,1595.6,boucle
glouton,espace,loin_queue,793,213,932.6,mort
glouton,espace,loin_queue,794,201,1109.0,mort
glouton,espace,loin_queue,795,72,139.2,mort
glouton,espace,loin_queue,800,128,426.6,mort
glouton,espace,loin_queue,801,223,1090.2,victoire
glouton,espace,loin_queue,802,216,907.2,mort
glouton,espace,loin_queue,803,223,960.0,victoire
glouton,espace,loin_queue,796,218,1568.0,boucle
glouton,espace,loin_queue,797,203,873.6,mort
glouton,espace,loin_queue,798,213,1555.6,boucle
glouton,espace,loin_queue,799,135,539.4,mort
glouton,espace,loin_queue,824,149,564.6,mort
glouton,espace,loin_queue,825,139,495.2,mort
glouton,espace,loin_queue,826,98,233.4,mort
glouton,espace,loin_queue,827,223,870.0,victoire
glouton,espace,loin_queue,808,209,931.4,mort
glouton,espace,loin_queue,809,223,1255.4,victoire
glouton,espace,loin_queue,810,194,1011.6,mort
glouton,espace,loin_queue,811,132,360.6,mort
glouton,espace,loin_queue,804,134,362.8,mort
glouton,espace,loin_queue,805,209,834.0,mort
glouton,espace,loin_queue,806,216,1575.0,boucle
glouton,espace,loin_queue,807,213,1721.6,boucle
glouton,espace,loin_queue,816,215,1726.2,boucle
glouton,espace,loin_queue,817,80,149.6,mort
glouton,espace,loin_queue,818,139,446.8,mort
glouton,espace,loin_queue,819,216,1765.0,boucle
glouton,espace,loin_queue,812,213,1512.2,boucle
glouton,espace,loin_queue,813,217,1589.0,boucle
glouton,espace,loin_queue,814,167,1133.4,mort
glouton,espace,loin_queue,815,124,378.8,mort
glouton,espace,loin_queue,832,186,1646.8,mort
glouton,espace,loin_queue,833,127,342.0,mort
glouton,espace,loin_queue,834,140,453.6,mort
glouton,espace,loin_queue,835,211,929.6,mort
glouton,espace,loin_queue,828,157,674.6,mort
glouton,espace,loin_queue,829,213,1108.8,mort
glouton,espace,loin_queue,830,223,913.4,victoire
glouton,espace,loin_queue,831,203,1700.2,boucle
glouton,espace,loin_queue,840,216,1816.4,boucle
glouton,espace,loin_queue,841,134,429.4,mort
glouton,espace,loin_queue,842,143,516.2,mort
glouton,espace,loin_queue,843,217,1526.8,boucle
glouton,espace,loin_queue,820,219,1559.0,boucle
glouton,espace,loin_queue,821,223,1083.2,victoire
glouton,espace,loin_queue,822,210,1651.4,boucle
glouton,espace,loin_queue,823,215,1717.2,boucle
glouton,espace,loin_queue,836,209,917.8,mort
glouton,espace,loin_queue,837,215,1900.4,boucle
glouton,espace,loin_queue,838,212,1535.0,boucle
glouton,espace,loin_queue,839,223,1004.2,victoire
glouton,espace,loin_queue,844,214,1151.4,mort
glouton,espace,loin_queue,845,215,991.0,mort
glouton,espace,loin_queue,846,142,538.4,mort
glouton,espace,loin_queue,847,195,1643.8,boucle
glouton,espace,loin_queue,856,222,967.4,mort
glouton,espace,loin_queue,857,155,817.8,mort
glouton,espace,loin_queue,858,213,1093.0,mort
glouton,espace,loin_queue,859,151,782.0,mort
glouton,espace,loin_queue,864,212,970.4,mort
glouton,espace,loin_queue,865,213,1779.8,boucle
glouton,espace,loin_queue,866,134,356.0,mort
glouton,espace,loin_queue,867,209,1096.2,mort
glouton,espace,loin_queue,872,132,433.4,mort
glouton,espace,loin_queue,873,215,1539.2,boucle
glouton,espace,loin_queue,874,208,903.0,mort
glouton,espace,loin_queue,875,129,321.8,mort
glouton,espace,loin_queue,868,214,1458.2,boucle
glouton,espace,loin_queue,869,98,205.0,mort
glouton,espace,loin_queue,870,211,862.2,mort
glouton,espace,loin_queue,871,221,1037.8,mort
glouton,espace,loin_queue,848,169,1287.4,mort
glouton,espace,loin_queue,849,213,1283.8,mort
glouton,espace,loin_queue,850,218,1622.8,boucle
glouton,espace,loin_queue,851,217,1644.0,boucle
glouton,espace,loin_queue,860,223,1071.4,victoire
glouton,espace,loin_queue,861,220,1660.2,boucle
glouton,espace,loin_queue,862,214,1486.2,boucle
glouton,espace,loin_queue,863,223,1005.8,victoire
glouton,espace,loin_queue,852,220,1668.8,boucle
glouton,espace,loin_queue,853,203,1926.8,boucle
glouton,espace,loin_queue,854,215,1751.6,boucle
glouton,espace,loin_queue,855,207,971.2,mort
glouton,espace,loin_queue,896,143,701.8,mort
glouton,espace,loin_queue,897,129,370.0,mort
glouton,espace,loin_queue,898,204,857.0,mort
glouton,espace,loin_queue,899,134,400.0,mort
glouton,espace,loin_queue,880,211,1549.2,boucle
glouton,espace,loin_queue,881,201,1017.6,mort
glouton,espace,loin_queue,882,102,283.0,mort
glouton,espace,loin_queue,883,218,1715.6,boucle
glouton,espace,loin_queue,876,191,1405.0,mort
glouton,espace,loin_queue,877,193,1364.6,mort
glouton,espace,loin_queue,878,177,1152.4,mort
glouton,espace,loin_queue,879,209,1022.2,mort
glouton,espace,loin_queue,888,177,1217.8,mort
glouton,espace,loin_queue,889,140,576.2,mort
glouton,espace,loin_queue,890,192,1406.4,boucle
glouton,espace,loin_queue,891,120,327.4,mort
glouton,espace,loin_queue,900,124,324.0,mort
glouton,espace,loin_queue,901,218,1679.0,boucle
glouton,espace,loin_queue,902,205,1055.8,mort
glouton,espace,loin_queue,903,209,888.2,mort
glouton,espace,loin_queue,884,207,1049.4,mort
glouton,espace,loin_queue,885,217,1893.4,boucle
glouton,espace,loin_queue,886,214,1618.8,boucle
glouton,espace,loin_queue,887,212,1658.4,boucle
glouton,espace,loin_queue,892,133,394.0,mort
glouton,espace,loin_queue,893,212,1092.4,mort
glouton,espace,loin_queue,894,221,1430.8,boucle
glouton,espace,loin_queue,895,216,1750.6,boucle
glouton,espace,loin_queue,924,114,287.6,mort
glouton,espace,loin_queue,925,141,536.8,mort
glouton,espace,loin_queue,926,223,950.4,victoire
glouton,espace,loin_queue,927,109,248.4,mort
glouton,espace,loin_queue,912,135,490.0,mort
glouton,espace,loin_queue,913,217,1531.4,boucle
glouton,espace,loin_queue,914,209,1136.4,mort
glouton,espace,loin_queue,915,134,411.6,mort
glouton,espace,loin_queue,908,208,1503.8,boucle
glouton,espace,loin_queue,909,223,1211.2,victoire
glouton,espace,loin_queue,910,111,252.4,mort
glouton,espace,loin_queue,911,211,1088.0,mort
glouton,espace,loin_queue,920,223,867.4,victoire
glouton,espace,loin_queue,921,181,912.4,mort
glouton,espace,loin_queue,922,140,478.4,mort
glouton,espace,loin_queue,923,128,392.8,mort
glouton,espace,loin_queue,932,98,208.6,mort
glouton,espace,loin_queue,933,200,1301.6,mort
glouton,espace,loin_queue,934,55,109.8,mort
glouton,espace,loin_queue,935,136,483.4,mort
glouton,espace,loin_queue,904,211,1198.2,mort
glouton,espace,loin_queue,905,215,1436.8,boucle
glouton,espace,loin_queue,906,220,1633.4,boucle
glouton,espace,loin_queue,907,206,1942.0,boucle
glouton,espace,loin_queue,928,209,1249.2,mort
glouton,espace,loin_queue,929,218,1545.0,boucle
glouton,espace,loin_queue,930,121,292.2,mort
glouton,espace,loin_queue,931,190,800.0,mort
glouton,espace,loin_queue,948,128,337.0,mort
glouton,espace,loin_queue,949,211,981.6,mort
glouton,espace,loin_queue,950,133,402.0,mort
glouton,espace,loin_queue,951,138,456.4,mort
glouton,espace,loin_queue,940,211,1153.8,mort
glouton,espace,loin_queue,941,117,273.4,mort
glouton,espace,loin_queue,942,214,1031.8,mort
glouton,espace,loin_queue,943,117,300.8,mort
glouton,espace,loin_queue,956,101,202.8,mort
glouton,espace,loin_queue,957,133,372.6,mort
glouton,espace,loin_queue,958,211,1532.6,boucle
glouton,espace,loin_queue,959,137,426.2,mort
glouton,espace,loin_queue,916,215,1621.2,boucle
glouton,espace,loin_queue,917,215,1679.2,boucle
glouton,espace,loin_queue,918,211,1198.6,mort
glouton,espace,loin_queue,919,212,1103.6,mort
glouton,espace,loin_queue,936,214,1022.8,mort
glouton,espace,loin_queue,937,208,1622.4,boucle
glouton,espace,loin_queue,938,223,1027.4,victoire
glouton,espace,loin_queue,939,207,957.6,mort
glouton,espace,loin_queue,960,217,1547.4,boucle
glouton,espace,loin_queue,961,123,335.0,mort
glouton,espace,loin_queue,962,88,183.0,mort
glouton,espace,loin_queue,963,214,1605.4,boucle
glouton,espace,loin_queue,964,215,919.0,mort
glouton,espace,loin_queue,965,162,1047.2,mort
glouton,espace,loin_queue,966,113,311.0,mort
glouton,espace,loin_queue,967,166,852.4,mort
glouton,espace,loin_queue,944,217,2177.0,boucle
glouton,espace,loin_queue,945,216,1620.4,boucle
glouton,espace,loin_queue,946,168,1128.2,mort
glouton,espace,loin_queue,947,205,1024.4,mort
glouton,espace,loin_queue,952,215,1728.4,boucle
glouton,espace,loin_queue,953,214,1622.8,boucle
glouton,espace,loin_queue,954,220,1749.4,boucle
glouton,espace,loin_queue,955,176,856.6,mort
glouton,espace,loin_queue,968,211,1862.0,boucle
glouton,espace,loin_queue,969,150,641.4,mort
glouton,espace,loin_queue,970,218,1598.8,boucle
glouton,espace,loin_queue,971,133,359.0,mort
glouton,espace,loin_queue,980,218,1799.2,boucle
glouton,espace,loin_queue,981,207,1548.4,boucle
glouton,espace,loin_queue,982,120,266.2,mort
glouton,espace,loin_queue,983,210,882.6,mort
glouton,espace,loin_queue,976,218,1532.2,boucle
glouton,espace,loin_queue,977,214,1660.4,boucle
glouton,espace,loin_queue,978,136,427.4,mort
glouton,espace,loin_queue,979,207,1088.4,mort
glouton,espace,loin_queue,984,134,425.8,mort
glouton,espace,loin_queue,985,206,1047.8,mort
glouton,espace,loin_queue,986,220,1529.8,boucle
glouton,espace,loin_queue,987,222,1038.8,mort
glouton,espace,loin_queue,972,209,1163.8,mort
glouton,espace,loin_queue,973,212,1651.0,boucle
glouton,espace,loin_queue,974,212,1240.6,mort
glouton,espace,loin_queue,975,213,1740.6,boucle
glouton,espace,loin_queue,996,221,1320.6,mort
glouton,espace,loin_queue,997,126,284.0,mort
glouton,espace,loin_queue,998,145,691.8,mort
glouton,espace,loin_queue,999,216,1462.8,boucle
glouton,espace,loin_queue,1016,133,394.4,mort
glouton,espace,loin_queue,1017,213,1907.2,boucle
glouton,espace,loin_queue,1018,125,362.6,mort
glouton,espace,loin_queue,1019,85,195.2,mort
glouton,espace,loin_queue,992,119,342.0,mort
glouton,espace,loin_queue,993,199,2377.8,boucle
glouton,espace,loin_queue,994,211,890.0,mort
glouton,espace,loin_queue,995,175,1144.2,mort
glouton,espace,loin_queue,988,160,1376.0,boucle
glouton,espace,loin_queue,989,188,1600.8,mort
glouton,espace,loin_queue,990,168,1380.0,mort
glouton,espace,loin_queue,991,208,1057.6,mort
glouton,espace,loin_queue,1020,207,870.2,mort
glouton,espace,loin_queue,1021,220,1132.2,mort
glouton,espace,loin_queue,1022,133,457.0,mort
glouton,espace,loin_queue,1023,141,540.2,mort
glouton,espace,loin_queue,1008,218,1617.4,boucle
glouton,espace,loin_queue,1009,221,1657.6,boucle
glouton,espace,loin_queue,1010,123,323.2,mort
glouton,espace,loin_queue,1011,138,586.6,mort
glouton,espace,loin_queue,1000,220,1751.0,boucle
glouton,espace,loin_queue,1001,218,1642.6,boucle
glouton,espace,loin_queue,1002,86,166.2,mort
glouton,espace,loin_queue,1003,220,1837.4,boucle
glouton,espace,loin_queue,1004,214,1622.2,boucle
glouton,espace,loin_queue,1005,214,1603.6,boucle
glouton,espace,loin_queue,1006,129,391.8,mort
glouton,espace,loin_queue,1007,210,1513.6,boucle
glouton,espace,loin_queue,1032,127,325.8,mort
glouton,espace,loin_queue,1033,119,296.6,mort
glouton,espace,loin_queue,1034,197,1109.8,mort
glouton,espace,loin_queue,1035,184,843.4,mort
glouton,espace,loin_queue,1012,213,1652.4,boucle
glouton,espace,loin_queue,1013,210,976.2,mort
glouton,espace,loin_queue,1014,223,1277.2,victoire
glouton,espace,loin_queue,1015,213,1486.0,boucle
glouton,espace,loin_queue,1044,54,92.4,mort
glouton,espace,loin_queue,1045,112,283.4,mort
glouton,espace,loin_queue,1046,217,1663.0,boucle
glouton,espace,loin_queue,1047,136,438.0,mort
glouton,espace,loin_queue,1048,135,418.8,mort
glouton,espace,loin_queue,1049,116,313.4,mort
glouton,espace,loin_queue,1050,217,1646.2,boucle
glouton,espace,loin_queue,1051,85,172.2,mort
glouton,espace,loin_queue,1040,101,232.2,mort
glouton,espace,loin_queue,1041,211,1576.8,boucle
glouton,espace,loin_queue,1042,136,383.0,mort
glouton,espace,loin_queue,1043,151,874.6,mort
glouton,espace,loin_queue,1024,149,728.2,mort
glouton,espace,loin_queue,1025,211,1728.0,boucle
glouton,espace,loin_queue,1026,211,1336.0,mort
glouton,espace,loin_queue,1027,216,1653.0,boucle
glouton,espace,loin_queue,1052,206,854.6,mort
glouton,espace,loin_queue,1053,176,946.4,mort
glouton,espace,loin_queue,1054,155,800.0,mort
glouton,espace,loin_queue,1055,141,508.8,mort
glouton,espace,loin_queue,1028,206,1025.6,mort
glouton,espace,loin_queue,1029,221,1862.4,boucle
glouton,espace,loin_queue,1030,199,1186.8,mort
glouton,espace,loin_queue,1031,219,1591.0,boucle
glouton,espace,loin_queue,1068,131,412.0,mort
glouton,espace,loin_queue,1069,95,169.0,mort
glouton,espace,loin_queue,1070,209,979.6,mort
glouton,espace,loin_queue,1071,210,913.4,mort
glouton,espace,loin_queue,1036,215,1436.8,boucle
glouton,espace,loin_queue,1037,221,1654.8,boucle
glouton,espace,loin_queue,1038,215,2115.0,boucle
glouton,espace,loin_queue,1039,146,678.6,mort
glouton,espace,loin_queue,1064,147,647.4,mort
glouton,espace,loin_queue,1065,217,1603.6,boucle
glouton,espace,loin_queue,1066,133,457.8,mort
glouton,espace,loin_queue,1067,209,962.0,mort
glouton,espace,loin_queue,1056,216,1815.0,boucle
glouton,espace,loin_queue,1057,214,1588.4,boucle
glouton,espace,loin_queue,1058,168,1203.0,mort
glouton,espace,loin_queue,1059,217,1575.4,boucle
glouton,espace,loin_queue,1076,200,904.4,mort
glouton,espace,loin_queue,1077,106,277.8,mort
glouton,espace,loin_queue,1078,209,1902.6,boucle
glouton,espace,loin_queue,1079,210,1112.6,mort
glouton,espace,loin_queue,1072,210,1184.0,mort
glouton,espace,loin_queue,1073,145,750.0,mort
glouton,espace,loin_queue,1074,195,1398.2,mort
glouton,espace,loin_queue,1075,181,1399.4,mort
glouton,espace,loin_queue,1080,216,1412.6,boucle
glouton,espace,loin_queue,1081,161,996.2,mort
glouton,espace,loin_queue,1082,207,984.6,mort
glouton,espace,loin_queue,1083,211,971.4,mort
glouton,espace,loin_queue,1060,207,1480.2,boucle
glouton,espace,loin_queue,1061,209,1113.2,mort
glouton,espace,loin_queue,1062,214,1557.4,boucle
glouton,espace,loin_queue,1063,215,1645.0,boucle
glouton,espace,loin_queue,1088,216,1623.0,boucle
glouton,espace,loin_queue,1089,130,371.8,mort
glouton,espace,loin_queue,1090,143,649.8,mort
glouton,espace,loin_queue,1091,215,1320.0,boucle
glouton,espace,loin_queue,1084,217,1454.8,mort
glouton,espace,loin_queue,1085,212,760.4,mort
glouton,espace,loin_queue,1086,149,547.4,mort
glouton,espace,loin_queue,1087,215,1581.8,boucle
glouton,espace,loin_queue,1096,208,1040.4,mort
glouton,espace,loin_queue,1097,223,1214.4,victoire
glouton,espace,loin_queue,1098,147,1439.4,boucle
glouton,espace,loin_queue,1099,175,822.4,mort
glouton,espace,loin_queue,1092,199,1945.8,boucle
glouton,espace,loin_queue,1093,215,1741.6,boucle
glouton,espace,loin_queue,1094,148,741.4,mort
glouton,espace,loin_queue,1095,200,939.0,mort
glouton,espace,loin_queue,1128,222,895.2,mort
glouton,espace,loin_queue,1129,141,596.8,mort
glouton,espace,loin_queue,1130,148,597.4,mort
glouton,espace,loin_queue,1131,112,265.6,mort
glouton,espace,loin_queue,1112,204,1772.6,boucle
glouton,espace,loin_queue,1113,133,403.2,mort
glouton,espace,loin_queue,1114,100,228.6,mort
glouton,espace,loin_queue,1115,206,982.2,mort
glouton,espace,loin_queue,1104,201,952.0,mort
glouton,espace,loin_queue,1105,219,1422.6,boucle
glouton,espace,loin_queue,1106,223,970.4,victoire
glouton,espace,loin_queue,1107,222,871.0,mort
glouton,espace,loin_queue,1124,74,124.8,mort
glouton,espace,loin_queue,1125,206,862.0,mort
glouton,espace,loin_queue,1126,218,1794.2,boucle
glouton,espace,loin_queue,1127,223,763.6,victoire
