game,score,record,mean_score,steps,elapsed_s
76,3,3,0.04,53,1.5
77,10,10,0.17,171,1.8
78,8,10,0.27,100,1.9
79,6,10,0.34,84,2.1
80,4,10,0.39,67,2.2
81,6,10,0.46,131,2.4
82,6,10,0.52,68,2.5
83,5,10,0.58,47,2.6
84,7,10,0.65,75,2.7
85,7,10,0.73,114,2.9
86,10,10,0.84,126,3.1
87,11,11,0.95,108,3.3
88,3,11,0.98,22,3.3
89,7,11,1.04,137,3.5
90,12,12,1.17,171,3.8
91,5,12,1.21,54,3.9
92,3,12,1.23,67,4.0
93,9,12,1.31,70,4.1
94,11,12,1.41,162,4.4
95,4,12,1.44,59,4.5
96,7,12,1.50,149,4.8
97,12,12,1.61,143,5.0
98,11,12,1.70,121,5.1
99,6,12,1.75,98,5.3
100,7,12,1.80,100,5.4
101,18,18,1.96,179,5.6
102,11,18,2.05,110,5.8
103,6,18,2.09,77,5.9
104,2,18,2.09,15,5.9
105,9,18,2.15,163,6.1
106,18,18,2.30,204,6.4
107,16,18,2.43,159,6.7
108,21,21,2.60,236,7.0
109,2,21,2.60,29,7.1
110,29,29,2.84,309,7.5
111,5,29,2.86,40,7.6
112,8,29,2.90,75,7.7
113,14,29,3.00,149,7.9
114,28,29,3.22,339,8.4
115,5,29,3.23,53,8.5
116,10,29,3.29,104,8.6
117,15,29,3.39,142,8.8
118,18,29,3.52,183,9.1
119,22,29,3.67,206,9.3
120,9,29,3.72,93,9.5
121,15,29,3.81,161,9.7
122,16,29,3.91,138,9.9
123,7,29,3.93,90,10.0
124,32,32,4.16,336,10.5
125,2,32,4.14,20,10.6
126,35,35,4.39,326,11.0
127,32,35,4.61,325,11.4
128,10,35,4.65,100,11.6
129,8,35,4.67,88,11.7
130,3,35,4.66,26,11.7
131,8,35,4.69,71,11.8
132,47,47,5.01,430,12.4
133,9,47,5.04,113,12.5
134,35,47,5.26,339,13.0
135,49,49,5.59,463,13.6
136,9,49,5.61,65,13.7
137,7,49,5.62,61,13.8
138,68,68,6.07,783,14.8
139,6,68,6.07,63,14.8
140,35,68,6.28,312,15.3
141,44,68,6.55,420,15.8
142,4,68,6.53,37,15.9
143,14,68,6.58,113,16.0
144,36,68,6.78,305,16.5
145,71,71,7.23,963,17.6
146,33,71,7.40,320,18.0
147,62,71,7.78,653,18.8
148,54,71,8.09,548,19.6
149,68,71,8.49,742,20.6
150,86,86,9.01,1072,21.8
151,93,93,9.56,1465,23.7
152,94,94,10.12,1181,25.2
153,60,94,10.44,659,26.0
154,115,115,11.12,1558,27.9
155,94,115,11.66,1312,29.4
156,103,115,12.24,1445,31.0
157,81,115,12.68,852,32.1
158,94,115,13.20,1252,33.7
159,73,115,13.57,862,34.8
160,67,115,13.91,693,35.7
161,80,115,14.32,899,36.8
162,41,115,14.48,379,37.3
163,60,115,14.76,590,38.1
164,98,115,15.27,1530,39.8
165,30,115,15.36,252,40.2
166,58,115,15.61,525,40.9
167,77,115,15.98,917,42.0
168,103,115,16.50,1724,44.5
169,96,115,16.97,1429,46.9
170,89,115,17.39,1528,49.3
171,55,115,17.61,525,50.2
172,101,115,18.10,1300,51.9
173,107,115,18.61,1320,53.7
174,87,115,19.01,1221,55.3
175,82,115,19.37,964,56.5
176,84,115,19.73,1049,57.9
177,103,115,20.20,1429,59.9
178,93,115,20.61,1268,61.6
179,60,115,20.83,685,62.5
180,98,115,21.26,1256,64.1
181,71,115,21.54,781,65.1
182,75,115,21.83,857,66.2
183,92,115,22.21,1147,67.6
184,55,115,22.39,635,68.4
185,84,115,22.72,978,69.7
186,88,115,23.08,1188,71.1
187,49,115,23.21,452,71.7
188,111,115,23.68,1640,73.6
189,106,115,24.12,1548,75.8
190,82,115,24.42,1164,77.5
191,90,115,24.76,1103,79.1
192,51,115,24.90,563,79.8
193,92,115,25.25,1118,81.2
194,101,115,25.64,1426,82.9
195,81,115,25.92,1019,84.1
196,93,115,26.27,1199,85.5
197,70,115,26.49,666,86.4
198,93,115,26.82,1262,88.0
199,87,115,27.13,1073,89.3
200,82,115,27.40,1002,90.5
201,107,115,27.80,1373,92.3
202,76,115,28.03,967,93.7
203,94,115,28.36,1016,95.0
204,75,115,28.59,799,96.1
205,86,115,28.87,1115,97.8
206,22,115,28.83,189,98.0
207,76,115,29.06,863,99.2
208,78,115,29.30,775,100.2
209,98,115,29.63,1288,102.0
210,104,115,29.98,1632,104.0
211,87,115,30.25,946,105.2
212,87,115,30.52,1074,106.5
213,72,115,30.71,741,107.6
214,77,115,30.93,1099,109.0
215,84,115,31.18,942,110.2
216,114,115,31.56,1521,111.9
217,81,115,31.79,978,112.9
218,75,115,31.99,731,113.8
219,83,115,32.22,1001,115.0
220,112,115,32.58,1751,117.1
221,102,115,32.90,1569,119.0
222,76,115,33.09,970,120.3
223,31,115,33.08,246,120.6
224,67,115,33.23,675,121.6
225,100,115,33.53,1403,123.3
226,111,115,33.87,1700,125.5
227,89,115,34.11,961,126.7
228,81,115,34.32,841,127.8
229,73,115,34.49,912,129.0
230,86,115,34.71,1142,130.4
231,99,115,34.99,1436,132.1
232,90,115,35.23,1133,133.5
233,100,115,35.51,1291,135.1
234,85,115,35.72,1032,136.4
235,57,115,35.81,558,137.2
236,85,115,36.02,1030,138.5
237,95,115,36.27,1164,140.0
238,98,115,36.53,1119,141.3
239,113,115,36.85,1746,143.5
240,83,115,37.04,1208,144.9
241,91,115,37.26,1058,146.2
242,97,115,37.51,1320,147.9
243,15,115,37.42,110,148.1
244,77,115,37.58,955,149.3
245,88,115,37.78,1024,150.5
246,40,115,37.79,351,151.0
247,88,115,38.00,1256,152.6
248,87,115,38.19,1021,154.1
249,102,115,38.45,1186,155.6
250,104,115,38.71,1487,157.4
251,100,115,38.96,1428,159.2
252,92,115,39.17,1184,160.6
253,114,115,39.46,1930,162.9
254,89,115,39.66,942,164.1
255,81,115,39.82,905,165.4
256,86,115,40.00,1106,167.0
257,106,115,40.26,1484,168.9
258,92,115,40.46,1094,170.2
259,95,115,40.67,1270,171.8
260,109,115,40.93,1636,173.8
261,99,115,41.15,1154,175.2
262,97,115,41.37,1421,176.9
263,84,115,41.53,1092,178.2
264,108,115,41.78,1450,179.9
265,105,115,42.02,1582,181.9
266,65,115,42.11,806,182.9
267,78,115,42.24,1105,184.4
268,92,115,42.43,1174,185.8
269,39,115,42.41,363,186.3
270,95,115,42.61,1105,187.7
271,72,115,42.72,786,188.7
272,98,115,42.92,1690,190.8
273,101,115,43.13,1364,192.4
274,52,115,43.16,557,193.1
275,19,115,43.08,154,193.4
276,92,115,43.25,1358,195.1
277,100,115,43.46,1374,196.9
278,101,115,43.67,1324,198.7
279,87,115,43.82,1322,200.4
280,83,115,43.96,990,201.7
281,96,115,44.15,1639,203.7
282,89,115,44.30,1332,205.4
283,55,115,44.34,456,206.0
284,106,115,44.56,1508,207.9
285,108,115,44.78,1527,209.3
286,114,115,45.02,1971,212.0
287,60,115,45.08,590,212.9
288,70,115,45.16,730,213.9
289,71,115,45.25,700,214.9
290,87,115,45.40,1071,216.3
291,94,115,45.56,1293,217.9
292,101,115,45.75,1529,219.9
293,66,115,45.82,682,220.8
294,62,115,45.88,599,221.6
295,96,115,46.05,1339,223.3
296,108,115,46.26,1291,225.0
297,120,120,46.51,1822,227.2
298,91,120,46.65,1197,228.8
299,97,120,46.82,1437,230.7
300,98,120,46.99,1281,232.4
301,85,120,47.12,1002,233.6
302,86,120,47.25,854,234.7
303,109,120,47.45,1519,236.6
304,73,120,47.54,824,237.6
305,100,120,47.71,1312,239.3
306,26,120,47.64,199,239.6
307,94,120,47.79,1469,241.4
308,110,120,47.99,1729,243.5
309,91,120,48.13,1306,245.1
310,62,120,48.17,691,246.1
311,112,120,48.38,1923,248.8
312,94,120,48.53,1276,250.4
313,85,120,48.64,1061,251.9
314,81,120,48.75,998,253.3
315,81,120,48.85,939,254.5
316,91,120,48.98,1679,256.7
317,55,120,49.00,579,257.5
318,92,120,49.14,1241,259.0
319,91,120,49.27,1022,260.3
320,35,120,49.22,338,260.8
321,84,120,49.33,1093,262.2
322,16,120,49.23,128,262.4
323,88,120,49.35,1144,263.9
324,93,120,49.48,1111,265.3
325,56,120,49.50,540,266.0
326,99,120,49.65,1297,267.6
327,49,120,49.65,513,268.4
328,97,120,49.80,1489,270.2
329,111,120,49.98,1986,272.4
330,52,120,49.99,572,273.7
331,100,120,50.14,1495,276.0
332,82,120,50.23,1137,278.0
333,58,120,50.26,596,279.1
334,97,120,50.40,1282,281.1
335,106,120,50.56,1645,283.2
336,74,120,50.63,763,284.3
337,75,120,50.71,786,285.4
338,82,120,50.80,862,286.5
339,86,120,50.90,863,287.7
340,63,120,50.94,725,288.7
341,111,120,51.11,1636,290.8
342,80,120,51.20,931,292.0
343,93,120,51.32,1149,293.7
344,102,120,51.47,1448,295.6
345,77,120,51.54,955,296.9
346,86,120,51.64,1029,298.3
347,101,120,51.78,1226,300.0
348,92,120,51.90,1059,301.4
349,104,120,52.05,1408,303.2
350,68,120,52.09,718,304.2
351,76,120,52.16,1025,305.3
352,89,120,52.27,1025,306.7
353,60,120,52.29,611,307.5
354,69,120,52.34,689,308.6
355,100,120,52.47,1292,310.2
356,87,120,52.57,1049,311.6
357,74,120,52.63,752,312.6
358,70,120,52.68,742,313.6
359,105,120,52.82,1592,315.6
360,85,120,52.91,982,316.9
361,99,120,53.04,1344,318.7
362,75,120,53.10,890,320.0
363,101,120,53.23,1398,321.8
364,68,120,53.27,741,322.8
365,18,120,53.18,109,323.0
366,84,120,53.26,1134,324.6
367,91,120,53.36,1064,326.1
368,110,120,53.52,1571,328.2
369,87,120,53.61,1126,329.8
370,46,120,53.59,475,330.5
371,98,120,53.71,1472,332.6
372,90,120,53.80,1129,334.3
373,37,120,53.76,311,334.8
374,111,120,53.91,1581,337.0
375,106,120,54.05,1822,339.6
376,20,120,53.96,153,339.8
377,107,120,54.10,1500,341.9
378,89,120,54.19,1337,343.8
379,92,120,54.29,1311,345.6
380,103,120,54.42,1868,348.1
381,99,120,54.54,1615,350.3
382,97,120,54.65,1516,352.1
383,88,120,54.74,1021,353.6
384,34,120,54.68,349,354.1
385,88,120,54.77,1199,355.7
386,57,120,54.77,502,356.4
387,63,120,54.80,641,357.4
388,106,120,54.93,1840,361.1
389,104,120,55.05,1475,363.4
390,83,120,55.13,1067,365.0
391,61,120,55.14,694,366.0
392,94,120,55.24,1262,367.7
393,98,120,55.35,1400,369.5
394,108,120,55.48,1447,371.5
395,105,120,55.61,1386,373.4
396,94,120,55.70,1240,375.0
397,100,120,55.82,1283,376.6
398,71,120,55.85,863,377.8
399,97,120,55.96,1212,379.4
400,89,120,56.04,1277,381.1
401,94,120,56.13,1256,382.7
402,100,120,56.24,1678,384.9
403,115,120,56.39,1824,387.1
404,35,120,56.34,254,387.5
405,91,120,56.42,1127,389.0
406,91,120,56.51,1174,390.6
407,98,120,56.61,1235,392.3
408,65,120,56.63,661,393.2
409,95,120,56.72,1342,394.9
410,95,120,56.82,1508,397.3
411,84,120,56.88,1159,399.3
412,101,120,56.99,1404,401.4
413,102,120,57.10,1300,403.2
414,84,120,57.16,1142,404.7
415,92,120,57.25,1388,406.5
416,112,120,57.38,1713,408.8
417,88,120,57.45,1170,410.2
418,100,120,57.56,1647,412.3
419,40,120,57.51,323,412.8
420,122,122,57.67,1953,415.3
421,86,122,57.73,964,416.6
422,104,122,57.84,1393,418.5
423,64,122,57.86,597,419.3
424,79,122,57.91,819,420.4
425,66,122,57.93,672,421.3
426,106,122,58.04,1568,423.4
427,94,122,58.12,1245,425.1
428,92,122,58.20,1229,426.7
429,87,122,58.27,1054,428.1
430,70,122,58.30,782,429.3
431,21,122,58.21,186,429.6
432,94,122,58.29,1199,431.2
433,72,122,58.33,697,432.1
434,100,122,58.42,1496,434.1
435,109,122,58.54,1809,436.3
436,66,122,58.56,647,437.2
437,88,122,58.62,1208,438.7
438,57,122,58.62,645,439.6
439,100,122,58.71,1498,441.5
440,79,122,58.76,891,442.7
441,100,122,58.85,1378,444.5
442,91,122,58.93,1056,445.9
443,26,122,58.85,199,446.2
444,44,122,58.82,404,446.7
445,87,122,58.88,1066,448.2
446,80,122,58.93,987,449.5
447,70,122,58.95,682,450.5
448,95,122,59.03,1333,452.2
449,82,122,59.08,962,453.5
450,99,122,59.17,1454,455.5
451,104,122,59.27,1862,458.0
452,104,122,59.37,1549,460.2
453,78,122,59.41,783,461.2
454,83,122,59.46,969,462.6
455,92,122,59.54,1128,464.2
456,81,122,59.58,864,464.9
457,101,122,59.67,1405,466.8
458,77,122,59.71,867,467.9
459,87,122,59.77,1009,469.3
460,63,122,59.78,618,470.1
461,91,122,59.85,1072,471.6
462,81,122,59.89,956,472.9
463,119,122,60.02,1883,475.4
464,102,122,60.11,1536,477.9
465,83,122,60.16,942,479.7
466,113,122,60.27,1406,481.6
467,101,122,60.36,1604,483.7
468,96,122,60.44,1183,485.2
469,97,122,60.51,1306,487.0
470,53,122,60.50,564,487.7
471,100,122,60.58,1598,489.9
472,94,122,60.65,984,491.1
473,92,122,60.72,1375,492.9
474,55,122,60.71,579,493.8
475,84,122,60.76,1096,495.2
476,88,122,60.81,1130,496.8
477,92,122,60.88,1226,498.3
478,95,122,60.95,1237,499.9
479,55,122,60.94,558,500.6
480,90,122,61.00,1324,502.4
481,109,122,61.10,1574,504.4
482,109,122,61.20,1448,506.2
483,91,122,61.26,1246,507.8
484,82,122,61.30,916,509.1
485,97,122,61.38,1236,510.8
486,89,122,61.43,1345,512.5
487,104,122,61.52,1199,514.1
488,104,122,61.61,1653,516.2
489,58,122,61.60,615,517.1
490,106,122,61.69,1721,519.4
491,20,122,61.60,159,519.7
492,90,122,61.66,1101,521.1
493,56,122,61.65,562,521.9
494,70,122,61.67,775,522.9
495,61,122,61.67,576,523.8
496,103,122,61.75,1457,525.7
497,102,122,61.83,1535,527.6
498,90,122,61.89,1226,528.9
499,42,122,61.85,325,529.3
500,92,122,61.91,1253,530.9
501,99,122,61.98,1322,532.7
502,95,122,62.05,1161,534.3
503,90,122,62.10,947,535.5
504,96,122,62.17,1360,537.3
505,108,122,62.26,1426,539.3
506,74,122,62.28,852,540.5
507,88,122,62.34,1218,542.1
508,80,122,62.37,974,543.5
509,68,122,62.38,762,544.6
510,61,122,62.38,570,545.5
511,96,122,62.44,1308,547.4
512,84,122,62.49,1180,549.2
513,88,122,62.54,1052,550.7
514,60,122,62.53,704,551.7
515,66,122,62.54,736,552.8
516,93,122,62.60,1150,554.4
517,87,122,62.64,1182,556.0
518,72,122,62.66,779,557.1
519,77,122,62.69,1006,558.4
520,87,122,62.74,1108,559.9
521,43,122,62.70,400,560.5
522,41,122,62.66,381,561.1
523,107,122,62.74,1614,563.1
524,104,122,62.82,1720,565.5
525,78,122,62.85,1080,566.9
526,39,122,62.80,320,567.4
527,50,122,62.78,498,568.1
528,39,122,62.73,337,568.7
529,79,122,62.77,973,570.1
530,104,122,62.84,1380,571.9
531,86,122,62.89,1262,573.8
532,34,122,62.83,281,574.2
533,98,122,62.90,1368,576.1
534,64,122,62.90,689,577.1
535,103,122,62.98,1411,579.0
536,109,122,63.06,1484,580.9
537,78,122,63.09,959,582.2
538,61,122,63.09,739,583.3
539,4,122,62.98,23,583.3
540,77,122,63.00,908,584.6
541,106,122,63.08,1431,586.5
542,101,122,63.15,1553,588.5
543,101,122,63.22,1408,590.5
544,96,122,63.28,1345,592.2
545,104,122,63.36,1469,593.8
546,102,122,63.43,1312,595.5
547,53,122,63.41,498,596.2
548,102,122,63.48,1307,598.1
549,55,122,63.46,525,598.9
550,101,122,63.53,1330,600.7
551,78,122,63.56,953,602.0
552,64,122,63.56,691,603.0
553,23,122,63.48,188,603.3
554,64,122,63.49,791,604.4
555,84,122,63.52,940,605.6
556,80,122,63.55,1018,607.1
557,74,122,63.57,864,608.3
558,122,122,63.68,1772,610.6
559,98,122,63.74,1246,612.2
560,66,122,63.74,641,613.1
561,74,122,63.76,847,614.3
562,79,122,63.79,964,615.7
563,76,122,63.81,789,616.7
564,97,122,63.87,1433,618.6
565,78,122,63.89,875,619.8
566,92,122,63.94,1595,621.9
567,89,122,63.99,1104,623.4
568,107,122,64.06,1937,625.9
569,87,122,64.10,1011,627.3
570,86,122,64.14,1136,629.0
571,105,122,64.21,1575,631.0
572,98,122,64.27,1482,632.8
573,70,122,64.28,772,633.9
574,83,122,64.31,969,635.2
575,101,122,64.38,1419,637.1
576,80,122,64.40,923,638.3
577,83,122,64.44,1038,639.8
578,90,122,64.48,1091,641.2
579,66,122,64.48,632,642.1
580,111,122,64.56,1677,644.4
581,99,122,64.62,1242,646.1
582,107,122,64.70,1728,648.4
583,85,122,64.73,1069,649.9
584,80,122,64.76,956,651.2
585,82,122,64.79,874,652.5
586,83,122,64.82,1060,654.0
587,84,122,64.85,1030,655.5
588,107,122,64.92,1542,657.1
589,80,122,64.95,917,658.5
590,77,122,64.97,952,659.8
591,88,122,65.01,1172,661.4
592,79,122,65.03,790,662.5
593,87,122,65.07,961,663.9
594,85,122,65.10,1054,665.3
595,110,122,65.18,1448,667.2
596,79,122,65.20,996,668.6
597,85,122,65.23,972,670.0
598,97,122,65.29,1252,671.6
599,82,122,65.31,1031,673.0
600,95,122,65.36,1278,674.8
601,99,122,65.42,1686,677.0
602,99,122,65.48,1281,678.8
603,106,122,65.54,1489,680.8
604,98,122,65.60,1433,682.9
605,91,122,65.64,1170,684.5
606,93,122,65.68,1318,686.3
607,70,122,65.69,820,687.4
608,55,122,65.67,573,688.3
609,4,122,65.57,23,688.3
610,93,122,65.62,1284,690.2
611,94,122,65.66,1297,691.9
612,68,122,65.67,773,692.9
613,93,122,65.71,1324,694.9
614,91,122,65.75,1401,697.1
615,73,122,65.76,831,698.3
616,59,122,65.75,724,699.5
617,92,122,65.80,1164,701.2
618,88,122,65.83,1054,702.7
619,96,122,65.88,1357,704.6
620,112,122,65.95,1778,706.9
621,103,122,66.01,1374,708.7
622,59,122,66.00,509,709.5
623,85,122,66.03,1057,711.1
624,89,122,66.07,1175,712.7
625,77,122,66.09,843,713.9
626,41,122,66.05,435,714.6
627,75,122,66.06,868,715.8
628,42,122,66.02,409,716.4
629,62,122,66.02,674,717.3
630,55,122,66.00,607,718.2
631,118,122,66.08,1725,720.6
632,73,122,66.09,976,721.6
633,100,122,66.15,1622,723.8
634,89,122,66.18,1484,725.8
635,76,122,66.20,914,727.1
636,84,122,66.23,1017,728.6
637,99,122,66.28,1194,730.3
638,82,122,66.30,1072,731.7
639,98,122,66.35,1323,733.6
640,102,122,66.41,1352,735.4
641,86,122,66.44,1157,736.9
642,98,122,66.49,1261,738.6
643,90,122,66.52,1068,740.1
644,97,122,66.57,1261,741.9
645,38,122,66.53,317,742.4
646,93,122,66.57,1169,743.9
647,104,122,66.63,1397,745.8
648,52,122,66.60,520,746.5
649,98,122,66.65,1464,748.5
650,107,122,66.71,1566,750.6
651,104,122,66.77,1440,752.6
652,48,122,66.74,446,753.2
653,97,122,66.79,1149,754.3
654,79,122,66.81,865,755.5
655,79,122,66.83,1006,756.9
656,102,122,66.88,1298,758.7
657,59,122,66.87,568,759.6
658,105,122,66.93,1427,761.4
659,116,122,67.00,1781,763.8
660,85,122,67.03,971,765.2
661,98,122,67.07,1498,767.1
662,99,122,67.12,1427,769.0
663,100,122,67.17,1348,770.9
664,89,122,67.20,1162,772.5
665,103,122,67.26,1240,774.2
666,96,122,67.30,1222,775.8
667,68,122,67.30,713,776.8
668,60,122,67.29,596,777.7
669,102,122,67.34,1466,779.7
670,63,122,67.34,749,780.8
671,85,122,67.36,890,782.0
672,74,122,67.37,814,783.1
673,63,122,67.37,715,784.2
674,109,122,67.43,1758,786.0
675,83,122,67.45,1022,787.4
676,110,122,67.51,1623,789.6
677,39,122,67.47,334,790.1
678,50,122,67.45,452,790.8
679,85,122,67.47,1038,792.3
680,47,122,67.44,466,793.0
681,105,122,67.50,1612,795.1
682,61,122,67.49,642,796.1
683,66,122,67.49,684,797.0
684,84,122,67.51,1045,798.5
685,56,122,67.49,554,799.3
686,111,122,67.56,1605,801.5
687,100,122,67.60,1569,803.6
688,86,122,67.63,999,805.0
689,74,122,67.64,818,806.1
690,79,122,67.66,880,807.3
691,99,122,67.70,1220,809.2
692,51,122,67.68,500,810.0
693,112,122,67.74,1860,812.7
694,52,122,67.72,518,813.5
695,85,122,67.74,1110,815.4
696,86,122,67.77,1046,816.7
697,103,122,67.82,1493,819.1
698,86,122,67.85,944,820.6
699,91,122,67.88,1189,822.4
700,81,122,67.90,1003,823.9
701,55,122,67.88,460,824.5
702,84,122,67.90,1142,826.2
703,107,122,67.96,1364,828.2
704,79,122,67.97,887,829.7
705,82,122,67.99,1106,831.4
706,8,122,67.91,69,831.5
707,108,122,67.97,1810,834.1
708,89,122,68.00,1085,835.7
709,57,122,67.98,656,836.6
710,102,122,68.03,1474,838.8
711,107,122,68.08,1604,841.2
712,89,122,68.11,1033,842.9
713,106,122,68.17,1512,845.7
714,94,122,68.20,1238,847.6
715,63,122,68.19,602,848.4
716,71,122,68.20,823,849.2
717,87,122,68.22,987,850.5
718,61,122,68.21,597,851.4
719,74,122,68.22,867,852.6
720,45,122,68.19,400,853.2
721,88,122,68.22,1296,854.9
722,102,122,68.26,1237,856.6
723,101,122,68.31,1273,858.3
724,94,122,68.35,1370,860.2
725,73,122,68.35,873,861.3
726,97,122,68.39,1204,863.0
727,19,122,68.32,161,863.2
728,111,122,68.38,1504,865.2
729,85,122,68.40,1006,866.6
730,69,122,68.41,840,867.7
731,121,122,68.48,1798,870.5
732,105,122,68.53,1550,873.9
733,85,122,68.55,1240,876.3
734,58,122,68.54,579,877.3
735,92,122,68.57,1279,879.4
736,74,122,68.57,947,880.5
737,64,122,68.57,720,881.6
738,91,122,68.60,1216,883.6
739,71,122,68.60,894,884.9
740,77,122,68.61,1021,886.5
741,63,122,68.61,699,887.9
742,74,122,68.61,805,889.2
743,96,122,68.65,1347,891.2
744,97,122,68.69,1286,893.1
745,97,122,68.73,1476,895.2
746,82,122,68.74,1056,897.0
747,104,122,68.79,1555,899.5
748,99,122,68.83,1568,902.0
749,82,122,68.85,879,903.5
750,61,122,68.84,673,904.7
751,82,122,68.86,801,906.1
752,63,122,68.85,711,907.4
753,96,122,68.88,1376,909.8
754,81,122,68.90,1030,911.6
755,84,122,68.92,1055,912.6
756,82,122,68.94,900,913.9
757,86,122,68.96,1106,915.5
758,51,122,68.94,527,916.4
759,90,122,68.96,1214,918.2
760,99,122,69.00,1446,920.4
761,92,122,69.03,996,922.0
762,80,122,69.05,931,923.5
763,59,122,69.04,616,924.5
764,92,122,69.07,1309,926.2
765,95,122,69.10,1240,928.0
766,83,122,69.12,1013,929.7
767,101,122,69.16,1346,931.7
768,59,122,69.15,605,932.6
769,115,122,69.21,1546,934.7
770,94,122,69.24,1303,936.4
771,95,122,69.27,1391,938.4
772,107,122,69.32,1601,940.7
773,73,122,69.32,860,941.9
774,81,122,69.34,1027,943.4
775,89,122,69.37,1016,944.4
776,88,122,69.39,1020,945.9
777,88,122,69.41,1308,947.7
778,86,122,69.43,1092,949.3
779,82,122,69.45,1059,950.8
780,95,122,69.48,1157,952.4
781,93,122,69.51,1277,954.2
782,74,122,69.52,918,955.5
783,62,122,69.51,707,956.5
784,51,122,69.49,465,957.2
785,99,122,69.52,1410,959.3
786,28,122,69.47,247,959.7
787,41,122,69.43,326,960.2
788,49,122,69.41,444,960.9
789,91,122,69.44,1110,962.4
790,113,122,69.49,1670,965.7
791,94,122,69.52,1196,968.7
792,91,122,69.55,987,971.8
793,97,122,69.58,1358,974.3
794,71,122,69.59,702,975.7
795,111,122,69.64,1892,978.3
796,81,122,69.65,1093,980.2
797,46,122,69.62,433,980.9
798,102,122,69.66,1264,983.1
799,94,122,69.69,1252,986.4
800,55,122,69.67,549,987.5
801,115,122,69.73,2003,992.7
802,88,122,69.75,1125,995.2
803,92,122,69.78,1233,997.3
804,55,122,69.76,593,998.4
805,104,122,69.81,1757,1002.2
806,29,122,69.76,254,1003.0
807,100,122,69.79,1214,1005.3
808,87,122,69.81,1017,1007.1
809,106,122,69.86,1548,1010.5
810,79,122,69.87,832,1012.2
811,46,122,69.84,511,1013.1
812,15,122,69.77,136,1013.4
813,93,122,69.80,1253,1015.8
814,76,122,69.81,849,1017.4
815,104,122,69.85,1329,1020.0
816,92,122,69.88,1050,1022.0
817,86,122,69.90,872,1024.0
818,36,122,69.86,326,1024.6
819,72,122,69.86,819,1025.8
820,86,122,69.88,1160,1027.5
821,104,122,69.92,1297,1029.3
822,89,122,69.94,1220,1031.5
823,96,122,69.98,1291,1033.5
824,109,122,70.02,1221,1035.2
825,97,122,70.06,1380,1037.2
826,95,122,70.09,1303,1039.0
827,71,122,70.09,860,1039.7
828,63,122,70.08,657,1040.7
829,99,122,70.11,1421,1042.7
830,104,122,70.15,1402,1044.5
831,103,122,70.19,1491,1046.8
832,96,122,70.22,1252,1048.7
833,71,122,70.23,799,1049.9
834,105,122,70.27,1492,1052.1
835,91,122,70.29,1183,1053.7
836,110,122,70.34,1600,1056.4
837,89,122,70.36,1107,1058.2
838,117,122,70.42,1772,1061.5
839,73,122,70.42,855,1062.9
840,65,122,70.41,785,1064.3
841,48,122,70.39,435,1065.1
842,86,122,70.41,1090,1066.9
843,68,122,70.40,760,1068.1
844,75,122,70.41,823,1069.3
