threshold,seed,victory,score,steps,cause,fill,switch_step,switch_fill,ordered_step,transition_steps,shortcuts,seconds
0.0,1000,True,223,11160,victoire,1.0,0,0.013333333333333334,0,1,771,0.58
0.0,1001,True,223,10534,victoire,1.0,0,0.013333333333333334,0,1,756,0.54
0.0,1002,True,223,10896,victoire,1.0,0,0.013333333333333334,0,1,717,0.56
0.0,1003,True,223,11809,victoire,1.0,0,0.013333333333333334,0,1,798,0.61
0.0,1004,True,223,10554,victoire,1.0,0,0.013333333333333334,0,1,713,0.54
0.0,1005,True,223,11793,victoire,1.0,0,0.013333333333333334,0,1,763,0.65
0.0,1006,True,223,11968,victoire,1.0,0,0.013333333333333334,0,1,749,0.67
0.0,1007,True,223,10469,victoire,1.0,0,0.013333333333333334,0,1,734,0.53
0.0,1008,True,223,11520,victoire,1.0,0,0.013333333333333334,0,1,751,0.66
0.0,1009,True,223,11062,victoire,1.0,0,0.013333333333333334,0,1,836,0.6
0.0,1010,True,223,10422,victoire,1.0,0,0.013333333333333334,0,1,717,0.47
0.0,1011,True,223,12139,victoire,1.0,0,0.013333333333333334,0,1,765,0.6
0.0,1012,True,223,10238,victoire,1.0,0,0.013333333333333334,0,1,703,0.51
0.0,1013,True,223,10817,victoire,1.0,0,0.013333333333333334,0,1,744,0.65
0.0,1014,True,223,10737,victoire,1.0,0,0.013333333333333334,0,1,762,0.63
0.0,1015,True,223,11076,victoire,1.0,0,0.013333333333333334,0,1,742,0.63
0.0,1016,True,223,11202,victoire,1.0,0,0.013333333333333334,0,1,724,0.63
0.0,1017,True,223,10735,victoire,1.0,0,0.013333333333333334,0,1,754,0.59
0.0,1018,True,223,11668,victoire,1.0,0,0.013333333333333334,0,1,780,0.64
0.0,1019,True,223,10994,victoire,1.0,0,0.013333333333333334,0,1,725,0.52
0.0,1020,True,223,11300,victoire,1.0,0,0.013333333333333334,0,1,729,0.58
0.0,1021,True,223,11546,victoire,1.0,0,0.013333333333333334,0,1,747,0.58
0.0,1022,True,223,10957,victoire,1.0,0,0.013333333333333334,0,1,731,0.59
0.0,1023,True,223,11205,victoire,1.0,0,0.013333333333333334,0,1,808,0.56
0.0,1024,True,223,10452,victoire,1.0,0,0.013333333333333334,0,1,732,0.55
0.0,1025,True,223,10434,victoire,1.0,0,0.013333333333333334,0,1,685,0.52
0.0,1026,True,223,11248,victoire,1.0,0,0.013333333333333334,0,1,789,0.58
0.0,1027,True,223,10882,victoire,1.0,0,0.013333333333333334,0,1,723,0.53
0.0,1028,True,223,10225,victoire,1.0,0,0.013333333333333334,0,1,725,0.52
0.0,1029,True,223,11996,victoire,1.0,0,0.013333333333333334,0,1,854,0.6
0.05,1000,True,223,11118,victoire,1.0,84,0.05333333333333334,84,1,715,0.61
0.05,1001,True,223,10512,victoire,1.0,70,0.05333333333333334,70,1,694,0.59
0.05,1002,True,223,10836,victoire,1.0,68,0.05333333333333334,68,1,668,0.55
0.05,1003,True,223,11786,victoire,1.0,65,0.05333333333333334,65,1,755,0.6
0.05,1004,True,223,10474,victoire,1.0,64,0.05333333333333334,64,1,665,0.55
0.05,1005,True,223,11767,victoire,1.0,66,0.05333333333333334,66,1,720,0.63
0.05,1006,True,223,11931,victoire,1.0,83,0.05333333333333334,83,1,704,0.62
0.05,1007,True,223,10429,victoire,1.0,77,0.05333333333333334,77,1,688,0.54
0.05,1008,True,223,11476,victoire,1.0,59,0.05333333333333334,59,1,690,0.66
0.05,1009,True,223,10980,victoire,1.0,71,0.05333333333333334,71,1,764,0.56
0.05,1010,True,223,10470,victoire,1.0,67,0.05333333333333334,67,1,709,0.57
0.05,1011,True,223,12032,victoire,1.0,63,0.05333333333333334,63,1,706,0.66
0.05,1012,True,223,10181,victoire,1.0,79,0.05333333333333334,79,1,650,0.52
0.05,1013,True,223,10823,victoire,1.0,67,0.05333333333333334,67,1,693,0.57
0.05,1014,True,223,10690,victoire,1.0,69,0.05333333333333334,69,1,720,0.56
0.05,1015,True,223,11004,victoire,1.0,70,0.05333333333333334,70,1,685,0.56
0.05,1016,True,223,11152,victoire,1.0,66,0.05333333333333334,66,1,679,0.61
0.05,1017,True,223,10690,victoire,1.0,67,0.05333333333333334,67,1,703,0.56
0.05,1018,True,223,11652,victoire,1.0,75,0.05333333333333334,75,1,732,0.62
0.05,1019,True,223,10925,victoire,1.0,58,0.05333333333333334,58,1,655,0.6
0.05,1020,True,223,11273,victoire,1.0,92,0.05333333333333334,95,4,665,0.71
0.05,1021,True,223,11485,victoire,1.0,71,0.05333333333333334,71,1,689,0.64
0.05,1022,True,223,10885,victoire,1.0,65,0.05333333333333334,65,1,671,0.54
0.05,1023,True,223,11145,victoire,1.0,73,0.05333333333333334,73,1,749,0.59
0.05,1024,True,223,10377,victoire,1.0,77,0.05333333333333334,77,1,660,0.59
0.05,1025,True,223,10401,victoire,1.0,70,0.05333333333333334,70,1,645,0.56
0.05,1026,True,223,11194,victoire,1.0,81,0.05333333333333334,81,1,727,0.62
0.05,1027,True,223,10845,victoire,1.0,68,0.05333333333333334,68,1,646,0.58
0.05,1028,True,223,10184,victoire,1.0,82,0.05333333333333334,82,1,669,0.56
0.05,1029,True,223,11925,victoire,1.0,73,0.05333333333333334,73,1,771,0.64
0.1,1000,True,223,11079,victoire,1.0,189,0.10222222222222223,193,5,652,0.64
0.1,1001,True,223,10488,victoire,1.0,168,0.10222222222222223,173,6,635,0.57
0.1,1002,True,223,10808,victoire,1.0,152,0.10222222222222223,156,5,614,0.67
0.1,1003,True,223,11698,victoire,1.0,144,0.10222222222222223,144,1,677,0.65
0.1,1004,True,223,10401,victoire,1.0,141,0.10222222222222223,141,1,603,0.61
0.1,1005,True,223,11612,victoire,1.0,149,0.10222222222222223,153,5,653,0.7
0.1,1006,True,223,11886,victoire,1.0,183,0.10222222222222223,183,1,643,0.66
0.1,1007,True,223,10396,victoire,1.0,171,0.10222222222222223,171,1,635,0.56
0.1,1008,True,223,10328,victoire,1.0,143,0.10222222222222223,148,6,614,0.57
0.1,1009,True,223,11561,victoire,1.0,143,0.10222222222222223,143,1,687,0.66
0.1,1010,True,223,10372,victoire,1.0,145,0.10222222222222223,149,5,616,0.59
0.1,1011,True,223,11912,victoire,1.0,138,0.10222222222222223,143,6,612,0.66
0.1,1012,True,223,10119,victoire,1.0,182,0.10222222222222223,182,1,613,0.59
0.1,1013,True,223,9947,victoire,1.0,154,0.10222222222222223,159,6,558,0.57
0.1,1014,True,223,9950,victoire,1.0,149,0.10222222222222223,153,5,605,0.63
0.1,1015,True,223,10948,victoire,1.0,146,0.10222222222222223,146,1,629,0.63
0.1,1016,True,223,11116,victoire,1.0,153,0.10222222222222223,154,2,626,0.66
0.1,1017,True,223,10327,victoire,1.0,149,0.10222222222222223,149,1,644,0.54
0.1,1018,True,223,11574,victoire,1.0,159,0.10222222222222223,163,5,661,0.67
0.1,1019,True,223,10872,victoire,1.0,151,0.10222222222222223,151,1,606,0.64
0.1,1020,True,223,11238,victoire,1.0,179,0.10222222222222223,179,1,628,0.69
0.1,1021,True,223,11378,victoire,1.0,145,0.10222222222222223,145,1,613,0.68
0.1,1022,True,223,10812,victoire,1.0,147,0.10222222222222223,147,1,591,0.63
0.1,1023,True,223,11577,victoire,1.0,179,0.10222222222222223,183,5,675,0.65
0.1,1024,True,223,10356,victoire,1.0,159,0.10222222222222223,161,3,616,0.51
0.1,1025,True,223,10545,victoire,1.0,168,0.10222222222222223,171,4,589,0.62
0.1,1026,True,223,11147,victoire,1.0,174,0.10222222222222223,174,1,643,0.64
0.1,1027,True,223,11386,victoire,1.0,152,0.10222222222222223,155,4,593,0.68
0.1,1028,True,223,10112,victoire,1.0,157,0.10222222222222223,157,1,609,0.55
0.1,1029,True,223,11875,victoire,1.0,166,0.10222222222222223,168,3,719,0.67
0.15,1000,True,223,10944,victoire,1.0,273,0.1511111111111111,273,1,565,0.57
0.15,1001,True,223,10364,victoire,1.0,237,0.1511111111111111,240,4,562,0.6
0.15,1002,True,223,10681,victoire,1.0,245,0.1511111111111111,252,8,520,0.72
0.15,1003,True,223,11554,victoire,1.0,210,0.1511111111111111,224,15,606,0.63
0.15,1004,True,223,10480,victoire,1.0,234,0.1511111111111111,234,1,550,0.62
0.15,1005,True,223,11643,victoire,1.0,243,0.1511111111111111,244,2,607,0.68
0.15,1006,True,223,11540,victoire,1.0,270,0.1511111111111111,273,4,600,0.66
0.15,1007,True,223,10433,victoire,1.0,264,0.1511111111111111,267,4,586,0.62
0.15,1008,True,223,9999,victoire,1.0,237,0.1511111111111111,248,12,538,0.55
0.15,1009,True,223,10476,victoire,1.0,246,0.1511111111111111,246,1,553,0.6
0.15,1010,True,223,10415,victoire,1.0,229,0.1511111111111111,230,2,558,0.58
0.15,1011,True,223,11830,victoire,1.0,230,0.1511111111111111,230,1,549,0.73
0.15,1012,True,223,9727,victoire,1.0,275,0.1511111111111111,281,7,562,0.54
0.15,1013,True,223,10282,victoire,1.0,245,0.1511111111111111,250,6,516,0.57
0.15,1014,True,223,10210,victoire,1.0,226,0.1511111111111111,234,9,557,0.56
0.15,1015,True,223,10808,victoire,1.0,244,0.1511111111111111,245,2,554,0.62
0.15,1016,True,223,11030,victoire,1.0,249,0.1511111111111111,256,8,550,0.64
0.15,1017,True,223,10301,victoire,1.0,240,0.1511111111111111,255,16,550,0.58
0.15,1018,True,223,11483,victoire,1.0,252,0.1511111111111111,261,10,591,0.68
0.15,1019,True,223,10899,victoire,1.0,242,0.1511111111111111,244,3,544,0.62
0.15,1020,True,223,11140,victoire,1.0,267,0.1511111111111111,267,1,564,0.64
0.15,1021,True,223,9934,victoire,1.0,238,0.1511111111111111,249,12,524,0.6
0.15,1022,True,223,11116,victoire,1.0,239,0.1511111111111111,239,1,544,0.63
0.15,1023,True,223,11735,victoire,1.0,260,0.1511111111111111,263,4,607,0.67
0.15,1024,True,223,10703,victoire,1.0,267,0.1511111111111111,274,8,531,0.63
0.15,1025,True,223,10148,victoire,1.0,251,0.1511111111111111,260,10,546,0.57
0.15,1026,True,223,11076,victoire,1.0,280,0.1511111111111111,291,12,576,0.66
0.15,1027,True,223,11010,victoire,1.0,244,0.1511111111111111,252,9,541,0.64
0.15,1028,True,223,10018,victoire,1.0,234,0.1511111111111111,234,1,556,0.58
0.15,1029,True,223,11770,victoire,1.0,262,0.1511111111111111,266,5,627,0.7
0.2,1000,True,223,10957,victoire,1.0,382,0.2,397,16,491,0.63
0.2,1001,True,223,9963,victoire,1.0,330,0.2,355,26,478,0.58
0.2,1002,True,223,10615,victoire,1.0,337,0.2,353,17,478,0.7
0.2,1003,True,223,10977,victoire,1.0,308,0.2,308,1,506,0.7
0.2,1004,True,223,9457,victoire,1.0,322,0.2,337,16,479,0.58
0.2,1005,True,223,11360,victoire,1.0,349,0.2,352,4,503,0.66
0.2,1006,True,223,10029,victoire,1.0,369,0.2,384,16,481,0.59
0.2,1007,True,223,10382,victoire,1.0,344,0.2,358,15,503,0.6
0.2,1008,True,223,10334,victoire,1.0,327,0.2,343,17,512,0.58
0.2,1009,True,223,10957,victoire,1.0,347,0.2,366,20,509,0.62
0.2,1010,True,223,10199,victoire,1.0,317,0.2,341,25,486,0.55
0.2,1011,True,223,11385,victoire,1.0,330,0.2,330,1,475,0.66
0.2,1012,True,223,10210,victoire,1.0,383,0.2,398,16,485,0.57
0.2,1013,True,223,10455,victoire,1.0,319,0.2,319,1,459,0.65
0.2,1014,True,223,10469,victoire,1.0,339,0.2,346,8,521,0.6
0.2,1015,True,223,10883,victoire,1.0,355,0.2,359,5,513,0.62
0.2,1016,True,223,10017,victoire,1.0,338,0.2,365,28,444,0.56
0.2,1017,True,223,9739,victoire,1.0,348,0.2,351,4,488,0.57
0.2,1018,True,223,11326,victoire,1.0,340,0.2,352,13,507,0.7
0.2,1019,True,223,10893,victoire,1.0,356,0.2,362,7,492,0.66
0.2,1020,True,223,11020,victoire,1.0,355,0.2,386,32,492,0.71
0.2,1021,True,223,10290,victoire,1.0,316,0.2,316,1,496,0.63
0.2,1022,True,223,11438,victoire,1.0,337,0.2,351,15,499,0.7
0.2,1023,True,223,11357,victoire,1.0,336,0.2,343,8,538,0.66
0.2,1024,True,223,10576,victoire,1.0,358,0.2,358,1,479,0.63
0.2,1025,True,223,10340,victoire,1.0,362,0.2,379,18,474,0.63
0.2,1026,True,223,10359,victoire,1.0,374,0.2,379,6,504,0.61
0.2,1027,True,223,11283,victoire,1.0,344,0.2,351,8,466,0.66
0.2,1028,True,223,9885,victoire,1.0,339,0.2,343,5,479,0.56
0.2,1029,True,223,10800,victoire,1.0,364,0.2,393,30,493,0.66
0.25,1000,True,223,11179,victoire,1.0,491,0.25333333333333335,504,14,416,0.73
0.25,1001,True,223,10107,victoire,1.0,436,0.25333333333333335,452,17,428,0.62
0.25,1002,True,223,10243,victoire,1.0,460,0.25333333333333335,472,13,437,0.65
0.25,1003,True,223,10970,victoire,1.0,419,0.25333333333333335,452,34,466,0.67
0.25,1004,True,223,9517,victoire,1.0,429,0.25333333333333335,432,4,392,0.6
0.25,1005,True,223,11267,victoire,1.0,455,0.25333333333333335,474,20,444,0.7
0.25,1006,True,223,10137,victoire,1.0,449,0.25333333333333335,474,26,444,0.65
0.25,1007,True,223,10894,victoire,1.0,451,0.25333333333333335,461,11,446,0.68
0.25,1008,True,223,9825,victoire,1.0,402,0.25333333333333335,410,9,420,0.59
0.25,1009,True,223,10895,victoire,1.0,414,0.25333333333333335,441,28,465,0.65
0.25,1010,True,223,10315,victoire,1.0,483,0.25333333333333335,526,44,418,0.62
0.25,1011,True,223,10818,victoire,1.0,432,0.25333333333333335,433,2,416,0.67
0.25,1012,True,223,10466,victoire,1.0,510,0.25333333333333335,553,44,422,0.66
0.25,1013,True,223,9571,victoire,1.0,427,0.25333333333333335,428,2,387,0.61
0.25,1014,True,223,10431,victoire,1.0,436,0.25333333333333335,469,34,457,0.62
0.25,1015,True,223,10386,victoire,1.0,437,0.25333333333333335,480,44,439,0.65
0.25,1016,True,223,10193,victoire,1.0,441,0.25333333333333335,441,1,400,0.64
0.25,1017,True,223,9666,victoire,1.0,445,0.25333333333333335,475,31,402,0.61
0.25,1018,True,223,11860,victoire,1.0,479,0.25333333333333335,499,21,468,0.75
0.25,1019,True,223,10809,victoire,1.0,478,0.25333333333333335,485,8,434,0.64
0.25,1020,True,223,10631,victoire,1.0,448,0.25333333333333335,452,5,445,0.65
0.25,1021,True,223,9315,victoire,1.0,401,0.25333333333333335,535,135,361,0.64
0.25,1022,True,223,10606,victoire,1.0,437,0.25333333333333335,446,10,427,0.66
0.25,1023,True,223,10646,victoire,1.0,456,0.25333333333333335,489,34,462,0.65
0.25,1024,True,223,9865,victoire,1.0,481,0.25333333333333335,487,7,415,0.6
0.25,1025,True,223,10156,victoire,1.0,482,0.25333333333333335,482,1,397,0.64
0.25,1026,True,223,10724,victoire,1.0,507,0.25333333333333335,508,2,437,0.68
0.25,1027,True,223,11066,victoire,1.0,438,0.25333333333333335,441,4,421,0.67
0.25,1028,True,223,9967,victoire,1.0,491,0.25333333333333335,524,34,430,0.63
0.25,1029,True,223,10659,victoire,1.0,454,0.25333333333333335,454,1,440,0.65
0.3,1000,True,223,10525,victoire,1.0,577,0.3022222222222222,588,12,377,0.68
0.3,1001,True,223,9237,victoire,1.0,542,0.3022222222222222,588,47,342,0.59
0.3,1002,True,223,9703,victoire,1.0,556,0.3022222222222222,557,2,376,0.55
0.3,1003,True,223,10868,victoire,1.0,595,0.3022222222222222,645,51,385,0.7
0.3,1004,True,223,9638,victoire,1.0,537,0.3022222222222222,586,50,349,0.66
0.3,1005,True,223,10486,victoire,1.0,594,0.3022222222222222,627,34,396,0.68
0.3,1006,True,223,9592,victoire,1.0,533,0.3022222222222222,550,18,344,0.62
0.3,1007,True,223,10001,victoire,1.0,626,0.3022222222222222,652,27,360,0.63
0.3,1008,True,223,9706,victoire,1.0,496,0.3022222222222222,507,12,365,0.62
0.3,1009,True,223,9582,victoire,1.0,498,0.3022222222222222,664,167,303,0.81
0.3,1010,True,223,10077,victoire,1.0,561,0.3022222222222222,630,70,376,0.67
0.3,1011,True,223,9863,victoire,1.0,521,0.3022222222222222,565,45,362,0.66
0.3,1012,True,223,10288,victoire,1.0,624,0.3022222222222222,689,66,358,0.71
0.3,1013,True,223,9882,victoire,1.0,538,0.3022222222222222,538,1,338,0.64
0.3,1014,True,223,9300,victoire,1.0,529,0.3022222222222222,565,37,353,0.53
0.3,1015,True,223,10990,victoire,1.0,557,0.3022222222222222,580,24,402,0.69
0.3,1016,True,223,10438,victoire,1.0,514,0.3022222222222222,525,12,356,0.69
0.3,1017,True,223,9647,victoire,1.0,571,0.3022222222222222,620,50,325,0.72
0.3,1018,True,223,11151,victoire,1.0,600,0.3022222222222222,652,53,416,0.81
0.3,1019,True,223,10405,victoire,1.0,591,0.3022222222222222,645,55,374,0.66
0.3,1020,True,223,10636,victoire,1.0,562,0.3022222222222222,606,45,386,0.7
0.3,1021,True,223,9315,victoire,1.0,523,0.3022222222222222,535,13,361,0.56
0.3,1022,True,223,10236,victoire,1.0,546,0.3022222222222222,573,28,344,0.66
0.3,1023,True,223,10829,victoire,1.0,652,0.3022222222222222,846,195,346,0.91
0.3,1024,True,223,10151,victoire,1.0,588,0.3022222222222222,591,4,350,0.65
0.3,1025,True,223,10576,victoire,1.0,611,0.3022222222222222,660,50,364,0.67
0.3,1026,True,223,10074,victoire,1.0,630,0.3022222222222222,640,11,384,0.64
0.3,1027,True,223,10605,victoire,1.0,551,0.3022222222222222,582,32,366,0.7
0.3,1028,True,223,9467,victoire,1.0,612,0.3022222222222222,680,69,341,0.62
0.3,1029,True,223,10555,victoire,1.0,593,0.3022222222222222,598,6,399,0.67
0.35,1000,True,223,9829,victoire,1.0,714,0.3511111111111111,770,57,303,0.67
0.35,1001,True,223,8763,victoire,1.0,645,0.3511111111111111,776,132,262,0.72
0.35,1002,True,223,9572,victoire,1.0,717,0.3511111111111111,741,25,299,0.64
0.35,1003,True,223,10639,victoire,1.0,702,0.3511111111111111,705,4,337,0.69
0.35,1004,True,223,9141,victoire,1.0,698,0.3511111111111111,719,22,289,0.62
0.35,1005,True,223,11068,victoire,1.0,729,0.3511111111111111,746,18,342,0.74
0.35,1006,True,223,10255,victoire,1.0,647,0.3511111111111111,697,51,292,0.74
0.35,1007,True,223,9613,victoire,1.0,717,0.3511111111111111,774,58,290,0.65
0.35,1008,True,223,9322,victoire,1.0,633,0.3511111111111111,667,35,302,0.64
0.35,1009,True,223,9582,victoire,1.0,609,0.3511111111111111,664,56,303,0.72
0.35,1010,True,223,10045,victoire,1.0,714,0.3511111111111111,923,210,264,0.92
0.35,1011,True,223,8389,victoire,1.0,634,0.3511111111111111,1172,539,170,1.3
0.35,1012,True,223,9662,victoire,1.0,767,0.3511111111111111,971,205,303,0.74
0.35,1013,True,223,9096,victoire,1.0,627,0.3511111111111111,679,53,278,0.64
0.35,1014,True,223,8972,victoire,1.0,697,0.3511111111111111,839,143,266,0.66
0.35,1015,True,223,10471,victoire,1.0,680,0.3511111111111111,714,35,351,0.71
0.35,1016,True,223,10010,victoire,1.0,631,0.3511111111111111,713,83,290,0.73
0.35,1017,True,223,8739,victoire,1.0,648,0.3511111111111111,843,196,238,0.82
0.35,1018,False,217,8606,boucle,0.9777777777777777,797,0.3511111111111111,,7809,0,18.55
0.35,1019,False,221,6098,corps,0.9955555555555555,756,0.3511111111111111,,5342,0,11.89
0.35,1020,True,223,10249,victoire,1.0,767,0.3511111111111111,784,18,334,0.72
0.35,1021,True,223,9602,victoire,1.0,634,0.3511111111111111,675,42,297,0.64
0.35,1022,True,223,9840,victoire,1.0,660,0.3511111111111111,661,2,308,0.64
0.35,1023,True,223,10829,victoire,1.0,799,0.3511111111111111,846,48,346,0.77
0.35,1024,True,223,9911,victoire,1.0,684,0.3511111111111111,731,48,293,0.67
0.35,1025,True,223,10473,victoire,1.0,692,0.3511111111111111,760,69,317,0.84
0.35,1026,True,223,9533,victoire,1.0,736,0.3511111111111111,736,1,298,0.62
0.35,1027,True,223,10000,victoire,1.0,698,0.3511111111111111,735,38,311,0.66
0.35,1028,False,211,5132,corps,0.9511111111111111,730,0.3511111111111111,,4402,0,9.54
0.35,1029,True,223,10274,victoire,1.0,728,0.3511111111111111,735,8,322,0.69
0.4,1000,False,205,5915,corps,0.9244444444444444,860,0.4,,5055,0,10.73
0.4,1001,True,223,8880,victoire,1.0,795,0.4,896,102,272,0.65
0.4,1002,True,223,9438,victoire,1.0,873,0.4,1005,133,251,0.81
0.4,1003,True,223,8962,victoire,1.0,829,0.4,930,102,246,0.59
0.4,1004,True,223,9550,victoire,1.0,881,0.4,915,35,261,0.73
0.4,1005,False,222,6092,corps,1.0,857,0.4,,5235,0,11.06
0.4,1006,True,223,10077,victoire,1.0,784,0.4,913,130,238,0.86
0.4,1007,True,223,8780,victoire,1.0,822,0.4,1026,205,201,0.85
0.4,1008,False,185,3648,corps,0.8355555555555556,761,0.4,,2887,0,5.4
0.4,1009,True,223,9882,victoire,1.0,873,0.4,892,20,254,0.7
0.4,1010,True,223,10045,victoire,1.0,842,0.4,923,82,264,0.77
0.4,1011,True,223,8389,victoire,1.0,753,0.4,1172,420,170,1.17
0.4,1012,True,223,9515,victoire,1.0,1000,0.4,1090,91,269,0.73
0.4,1013,False,220,5488,corps,0.9911111111111112,784,0.4,,4704,0,10.23
0.4,1014,True,223,8789,victoire,1.0,899,0.4,969,71,242,0.69
0.4,1015,False,220,8770,boucle,0.9911111111111112,847,0.4,,7923,0,18.25
0.4,1016,True,223,9249,victoire,1.0,833,0.4,1150,318,210,1.08
0.4,1017,True,223,8739,victoire,1.0,781,0.4,843,63,238,0.64
0.4,1018,False,217,8606,boucle,0.9777777777777777,943,0.4,,7663,0,18.44
0.4,1019,False,221,6098,corps,0.9955555555555555,936,0.4,,5162,0,11.99
0.4,1020,False,220,8912,boucle,0.9911111111111112,917,0.4,,7995,0,20.64
0.4,1021,True,223,9778,victoire,1.0,805,0.4,901,97,259,0.7
0.4,1022,True,223,9699,victoire,1.0,881,0.4,950,70,256,0.75
0.4,1023,False,210,5014,corps,0.9466666666666667,990,0.4,,4024,0,8.82
0.4,1024,False,196,4156,corps,0.8844444444444445,880,0.4,,3276,0,7.08
0.4,1025,True,223,9891,victoire,1.0,815,0.4,1082,268,210,1.08
0.4,1026,False,217,9363,boucle,0.9777777777777777,860,0.4,,8503,0,22.95
0.4,1027,True,223,10311,victoire,1.0,804,0.4,841,38,284,0.76
0.4,1028,False,211,5132,corps,0.9511111111111111,856,0.4,,4276,0,9.88
0.4,1029,True,223,10393,victoire,1.0,894,0.4,945,52,287,0.8
0.45,1000,False,205,5915,corps,0.9244444444444444,998,0.4533333333333333,,4917,0,11.57
0.45,1001,False,217,6060,corps,0.9777777777777777,934,0.4533333333333333,,5126,0,12.77
0.45,1002,True,223,9549,victoire,1.0,1053,0.4533333333333333,1136,84,217,0.75
0.45,1003,True,223,9346,victoire,1.0,991,0.4533333333333333,1145,155,193,0.86
0.45,1004,False,219,7892,boucle,0.9866666666666667,1042,0.4533333333333333,,6850,0,19.42
0.45,1005,False,222,6092,corps,1.0,1022,0.4533333333333333,,5070,0,12.43
0.45,1006,True,223,8501,victoire,1.0,1032,0.4533333333333333,1455,424,154,1.22
0.45,1007,True,223,8780,victoire,1.0,966,0.4533333333333333,1026,61,201,0.71
0.45,1008,False,185,3648,corps,0.8355555555555556,880,0.4533333333333333,,2768,0,6.12
0.45,1009,False,215,9131,boucle,0.9688888888888889,1254,0.4533333333333333,,7877,0,20.37
0.45,1010,False,218,8784,boucle,0.9822222222222222,1003,0.4533333333333333,,7781,0,21.32
0.45,1011,True,223,8389,victoire,1.0,987,0.4533333333333333,1172,186,170,0.94
0.45,1012,False,220,8877,boucle,0.9911111111111112,1199,0.4533333333333333,,7678,0,22.42
0.45,1013,False,220,5488,corps,0.9911111111111112,901,0.4533333333333333,,4587,0,12.18
0.45,1014,True,223,8940,victoire,1.0,1164,0.4533333333333333,1229,66,198,0.87
0.45,1015,False,220,8770,boucle,0.9911111111111112,976,0.4533333333333333,,7794,0,20.42
0.45,1016,True,223,9249,victoire,1.0,1056,0.4533333333333333,1150,95,210,0.95
0.45,1017,False,218,6065,corps,0.9822222222222222,957,0.4533333333333333,,5108,0,13.16
0.45,1018,False,217,8606,boucle,0.9777777777777777,1237,0.4533333333333333,,7369,0,20.42
0.45,1019,False,221,6098,corps,0.9955555555555555,1068,0.4533333333333333,,5030,0,13.31
0.45,1020,False,220,8912,boucle,0.9911111111111112,1106,0.4533333333333333,,7806,0,22.37
0.45,1021,False,220,5940,corps,0.9911111111111112,987,0.4533333333333333,,4953,0,12.52
0.45,1022,True,223,9369,victoire,1.0,1045,0.4533333333333333,1097,53,209,0.88
0.45,1023,False,210,5014,corps,0.9466666666666667,1141,0.4533333333333333,,3873,0,9.32
0.45,1024,False,196,4156,corps,0.8844444444444445,1075,0.4533333333333333,,3081,0,7.27
0.45,1025,True,223,9891,victoire,1.0,996,0.4533333333333333,1082,87,210,0.95
0.45,1026,False,217,9363,boucle,0.9777777777777777,1105,0.4533333333333333,,8258,0,22.87
0.45,1027,True,223,9643,victoire,1.0,874,0.4533333333333333,1121,248,215,1.05
0.45,1028,False,211,5132,corps,0.9511111111111111,1040,0.4533333333333333,,4092,0,10.53
0.45,1029,False,219,9634,boucle,0.9866666666666667,1080,0.4533333333333333,,8554,0,23.75
0.5,1000,False,205,5915,corps,0.9244444444444444,1159,0.5022222222222222,,4756,0,12.4
0.5,1001,False,217,6060,corps,0.9777777777777777,1191,0.5022222222222222,,4869,0,12.72
0.5,1002,False,199,4489,corps,0.8977777777777778,1264,0.5022222222222222,,3225,0,7.91
0.5,1003,False,221,5401,corps,0.9955555555555555,1260,0.5022222222222222,,4141,0,10.27
0.5,1004,False,219,7892,boucle,0.9866666666666667,1241,0.5022222222222222,,6651,0,18.52
0.5,1005,False,222,6092,corps,1.0,1290,0.5022222222222222,,4802,0,12.33
0.5,1006,True,223,8501,victoire,1.0,1405,0.5022222222222222,1455,51,154,0.96
0.5,1007,False,213,6336,corps,0.96,1158,0.5022222222222222,,5178,0,12.82
0.5,1008,False,185,3648,corps,0.8355555555555556,1164,0.5022222222222222,,2484,0,5.86
0.5,1009,False,215,9131,boucle,0.9688888888888889,1412,0.5022222222222222,,7719,0,19.42
0.5,1010,False,218,8784,boucle,0.9822222222222222,1370,0.5022222222222222,,7414,0,19.78
0.5,1011,False,221,8037,boucle,0.9955555555555555,1171,0.5022222222222222,,6866,0,19.02
0.5,1012,False,220,8877,boucle,0.9911111111111112,1416,0.5022222222222222,,7461,0,20.49
0.5,1013,False,220,5488,corps,0.9911111111111112,1099,0.5022222222222222,,4389,0,10.85
0.5,1014,False,206,5478,corps,0.9288888888888889,1383,0.5022222222222222,,4095,0,10.22
0.5,1015,False,220,8770,boucle,0.9911111111111112,1329,0.5022222222222222,,7441,0,19.43
0.5,1016,False,218,8521,boucle,0.9822222222222222,1251,0.5022222222222222,,7270,0,19.38
0.5,1017,False,218,6065,corps,0.9822222222222222,1125,0.5022222222222222,,4940,0,12.51
0.5,1018,False,217,8606,boucle,0.9777777777777777,1470,0.5022222222222222,,7136,0,19.27
0.5,1019,False,221,6098,corps,0.9955555555555555,1318,0.5022222222222222,,4780,0,12.6
0.5,1020,False,220,8912,boucle,0.9911111111111112,1230,0.5022222222222222,,7682,0,21.04
0.5,1021,False,220,5940,corps,0.9911111111111112,1183,0.5022222222222222,,4757,0,11.98
0.5,1022,True,223,8633,victoire,1.0,1146,0.5022222222222222,1237,92,168,0.91
0.5,1023,False,210,5014,corps,0.9466666666666667,1264,0.5022222222222222,,3750,0,9.18
0.5,1024,False,196,4156,corps,0.8844444444444445,1235,0.5022222222222222,,2921,0,6.96
0.5,1025,False,219,8621,boucle,0.9866666666666667,1219,0.5022222222222222,,7402,0,18.99
0.5,1026,False,217,9363,boucle,0.9777777777777777,1262,0.5022222222222222,,8101,0,22.82
0.5,1027,False,219,8288,boucle,0.9866666666666667,1299,0.5022222222222222,,6989,0,19.24
0.5,1028,False,211,5132,corps,0.9511111111111111,1229,0.5022222222222222,,3903,0,9.96
0.5,1029,False,219,9634,boucle,0.9866666666666667,1274,0.5022222222222222,,8360,0,23.09
0.6,1000,False,205,5915,corps,0.9244444444444444,1739,0.6,,4176,0,10.42
0.6,1001,False,217,6060,corps,0.9777777777777777,1679,0.6,,4381,0,11.52
0.6,1002,False,199,4489,corps,0.8977777777777778,1754,0.6,,2735,0,6.72
0.6,1003,False,221,5401,corps,0.9955555555555555,1771,0.6,,3630,0,9.24
0.6,1004,False,219,7892,boucle,0.9866666666666667,1732,0.6,,6160,0,17.45
0.6,1005,False,222,6092,corps,1.0,1909,0.6,,4183,0,10.84
0.6,1006,False,205,5434,corps,0.9244444444444444,1914,0.6,,3520,0,8.97
0.6,1007,False,213,6336,corps,0.96,1937,0.6,,4399,0,11.38
0.6,1008,False,185,3648,corps,0.8355555555555556,1875,0.6,,1773,0,4.42
0.6,1009,False,215,9131,boucle,0.9688888888888889,1998,0.6,,7133,0,18.77
0.6,1010,False,218,8784,boucle,0.9822222222222222,1889,0.6,,6895,0,18.86
0.6,1011,False,221,8037,boucle,0.9955555555555555,1596,0.6,,6441,0,18.38
0.6,1012,False,220,8877,boucle,0.9911111111111112,2006,0.6,,6871,0,20.04
0.6,1013,False,220,5488,corps,0.9911111111111112,1483,0.6,,4005,0,10.62
0.6,1014,False,206,5478,corps,0.9288888888888889,2026,0.6,,3452,0,9.38
0.6,1015,False,220,8770,boucle,0.9911111111111112,1861,0.6,,6909,0,18.15
0.6,1016,False,218,8521,boucle,0.9822222222222222,1693,0.6,,6828,0,18.83
0.6,1017,False,218,6065,corps,0.9822222222222222,1714,0.6,,4351,0,11.63
0.6,1018,False,217,8606,boucle,0.9777777777777777,1869,0.6,,6737,0,18.74
0.6,1019,False,221,6098,corps,0.9955555555555555,1821,0.6,,4277,0,11.75
0.6,1020,False,220,8912,boucle,0.9911111111111112,1636,0.6,,7276,0,20.8
0.6,1021,False,220,5940,corps,0.9911111111111112,1780,0.6,,4160,0,11.19
0.6,1022,False,215,5720,corps,0.9688888888888889,1754,0.6,,3966,0,9.95
0.6,1023,False,210,5014,corps,0.9466666666666667,1993,0.6,,3021,0,8.05
0.6,1024,False,196,4156,corps,0.8844444444444445,1785,0.6,,2371,0,6.11
0.6,1025,False,219,8621,boucle,0.9866666666666667,1585,0.6,,7036,0,18.94
0.6,1026,False,217,9363,boucle,0.9777777777777777,1732,0.6,,7631,0,21.75
0.6,1027,False,219,8288,boucle,0.9866666666666667,1645,0.6,,6643,0,18.37
0.6,1028,False,211,5132,corps,0.9511111111111111,1622,0.6,,3510,0,9.32
0.6,1029,False,219,9634,boucle,0.9866666666666667,1856,0.6,,7778,0,22.09
0.7,1000,False,205,5915,corps,0.9244444444444444,2567,0.7022222222222222,,3348,0,8.53
0.7,1001,False,217,6060,corps,0.9777777777777777,2285,0.7022222222222222,,3775,0,10.17
0.7,1002,False,199,4489,corps,0.8977777777777778,2531,0.7022222222222222,,1958,0,5.12
0.7,1003,False,221,5401,corps,0.9955555555555555,2457,0.7022222222222222,,2944,0,7.89
0.7,1004,False,219,7892,boucle,0.9866666666666667,2350,0.7022222222222222,,5542,0,15.91
0.7,1005,False,222,6092,corps,1.0,2664,0.7022222222222222,,3428,0,9.05
0.7,1006,False,205,5434,corps,0.9244444444444444,2757,0.7022222222222222,,2677,0,7.14
0.7,1007,False,213,6336,corps,0.96,2770,0.7022222222222222,,3566,0,9.74
0.7,1008,False,185,3648,corps,0.8355555555555556,2559,0.7022222222222222,,1089,0,3.07
0.7,1009,False,215,9131,boucle,0.9688888888888889,2783,0.7022222222222222,,6348,0,17.24
0.7,1010,False,218,8784,boucle,0.9822222222222222,2861,0.7022222222222222,,5923,0,17.07
0.7,1011,False,221,8037,boucle,0.9955555555555555,2210,0.7022222222222222,,5827,0,17.09
0.7,1012,False,220,8877,boucle,0.9911111111111112,2594,0.7022222222222222,,6283,0,18.43
0.7,1013,False,220,5488,corps,0.9911111111111112,2199,0.7022222222222222,,3289,0,9.02
0.7,1014,False,206,5478,corps,0.9288888888888889,2695,0.7022222222222222,,2783,0,7.79
0.7,1015,False,220,8770,boucle,0.9911111111111112,2700,0.7022222222222222,,6070,0,17.03
0.7,1016,False,218,8521,boucle,0.9822222222222222,2688,0.7022222222222222,,5833,0,16.5
0.7,1017,False,218,6065,corps,0.9822222222222222,2557,0.7022222222222222,,3508,0,9.91
0.7,1018,False,217,8606,boucle,0.9777777777777777,2564,0.7022222222222222,,6042,0,17.69
0.7,1019,False,221,6098,corps,0.9955555555555555,2815,0.7022222222222222,,3283,0,9.49
0.7,1020,False,220,8912,boucle,0.9911111111111112,2433,0.7022222222222222,,6479,0,19.54
0.7,1021,False,220,5940,corps,0.9911111111111112,2753,0.7022222222222222,,3187,0,9.38
0.7,1022,False,215,5720,corps,0.9688888888888889,2609,0.7022222222222222,,3111,0,8.52
0.7,1023,False,210,5014,corps,0.9466666666666667,2830,0.7022222222222222,,2184,0,6.18
0.7,1024,False,196,4156,corps,0.8844444444444445,2621,0.7022222222222222,,1535,0,4.36
0.7,1025,False,219,8621,boucle,0.9866666666666667,2523,0.7022222222222222,,6098,0,17.72
0.7,1026,False,217,9363,boucle,0.9777777777777777,2518,0.7022222222222222,,6845,0,20.87
0.7,1027,False,219,8288,boucle,0.9866666666666667,2297,0.7022222222222222,,5991,0,17.37
0.7,1028,False,211,5132,corps,0.9511111111111111,2365,0.7022222222222222,,2767,0,8.06
0.7,1029,False,219,9634,boucle,0.9866666666666667,2636,0.7022222222222222,,6998,0,21.06
0.8,1000,False,205,5915,corps,0.9244444444444444,3918,0.8,,1997,0,6.06
0.8,1001,False,217,6060,corps,0.9777777777777777,3134,0.8,,2926,0,9.04
0.8,1002,False,199,4489,corps,0.8977777777777778,3468,0.8,,1021,0,3.35
0.8,1003,False,221,5401,corps,0.9955555555555555,3224,0.8,,2177,0,6.68
0.8,1004,False,219,7892,boucle,0.9866666666666667,2993,0.8,,4899,0,15.43
0.8,1005,False,222,6092,corps,1.0,3865,0.8,,2227,0,6.79
0.8,1006,False,205,5434,corps,0.9244444444444444,3986,0.8,,1448,0,4.61
0.8,1007,False,213,6336,corps,0.96,3907,0.8,,2429,0,7.79
0.8,1008,False,185,3648,corps,0.8355555555555556,3362,0.8,,286,0,1.36
0.8,1009,False,215,9131,boucle,0.9688888888888889,3840,0.8,,5291,0,15.11
0.8,1010,False,218,8784,boucle,0.9822222222222222,3894,0.8,,4890,0,14.69
0.8,1011,False,221,8037,boucle,0.9955555555555555,2995,0.8,,5042,0,15.57
0.8,1012,False,220,8877,boucle,0.9911111111111112,3505,0.8,,5372,0,16.4
0.8,1013,False,220,5488,corps,0.9911111111111112,3060,0.8,,2428,0,7.42
0.8,1014,False,206,5478,corps,0.9288888888888889,3716,0.8,,1762,0,5.7
0.8,1015,False,220,8770,boucle,0.9911111111111112,3794,0.8,,4976,0,14.55
0.8,1016,False,218,8521,boucle,0.9822222222222222,3693,0.8,,4828,0,14.3
0.8,1017,False,218,6065,corps,0.9822222222222222,3777,0.8,,2288,0,7.21
0.8,1018,False,217,8606,boucle,0.9777777777777777,3438,0.8,,5168,0,16.01
0.8,1019,False,221,6098,corps,0.9955555555555555,3632,0.8,,2466,0,7.76
0.8,1020,False,220,8912,boucle,0.9911111111111112,3354,0.8,,5558,0,17.04
0.8,1021,False,220,5940,corps,0.9911111111111112,3479,0.8,,2461,0,7.65
0.8,1022,False,215,5720,corps,0.9688888888888889,3973,0.8,,1747,0,5.22
0.8,1023,False,210,5014,corps,0.9466666666666667,3370,0.8,,1644,0,4.88
0.8,1024,False,196,4156,corps,0.8844444444444445,3452,0.8,,704,0,2.5
0.8,1025,False,219,8621,boucle,0.9866666666666667,3592,0.8,,5029,0,14.13
0.8,1026,False,217,9363,boucle,0.9777777777777777,3391,0.8,,5972,0,15.92
0.8,1027,False,219,8288,boucle,0.9866666666666667,3167,0.8,,5121,0,14.07
0.8,1028,False,211,5132,corps,0.9511111111111111,3305,0.8,,1827,0,5.84
0.8,1029,False,219,9634,boucle,0.9866666666666667,3890,0.8,,5744,0,14.96
2.0,1000,False,205,5915,corps,0.9244444444444444,,,,0,0,1.16
2.0,1001,False,217,6060,corps,0.9777777777777777,,,,0,0,1.14
2.0,1002,False,199,4489,corps,0.8977777777777778,,,,0,0,0.75
2.0,1003,False,221,5401,corps,0.9955555555555555,,,,0,0,0.99
2.0,1004,False,219,7892,boucle,0.9866666666666667,,,,0,0,1.54
2.0,1005,False,222,6092,corps,1.0,,,,0,0,1.13
2.0,1006,False,205,5434,corps,0.9244444444444444,,,,0,0,1.02
2.0,1007,False,213,6336,corps,0.96,,,,0,0,1.21
2.0,1008,False,185,3648,corps,0.8355555555555556,,,,0,0,0.66
2.0,1009,False,215,9131,boucle,0.9688888888888889,,,,0,0,1.78
2.0,1010,False,218,8784,boucle,0.9822222222222222,,,,0,0,1.66
2.0,1011,False,221,8037,boucle,0.9955555555555555,,,,0,0,1.55
2.0,1012,False,220,8877,boucle,0.9911111111111112,,,,0,0,1.7
2.0,1013,False,220,5488,corps,0.9911111111111112,,,,0,0,1.06
2.0,1014,False,206,5478,corps,0.9288888888888889,,,,0,0,1.03
2.0,1015,False,220,8770,boucle,0.9911111111111112,,,,0,0,1.67
2.0,1016,False,218,8521,boucle,0.9822222222222222,,,,0,0,1.63
2.0,1017,False,218,6065,corps,0.9822222222222222,,,,0,0,1.18
2.0,1018,False,217,8606,boucle,0.9777777777777777,,,,0,0,1.73
2.0,1019,False,221,6098,corps,0.9955555555555555,,,,0,0,1.11
2.0,1020,False,220,8912,boucle,0.9911111111111112,,,,0,0,1.81
2.0,1021,False,220,5940,corps,0.9911111111111112,,,,0,0,1.13
2.0,1022,False,215,5720,corps,0.9688888888888889,,,,0,0,1.08
2.0,1023,False,210,5014,corps,0.9466666666666667,,,,0,0,0.9
2.0,1024,False,196,4156,corps,0.8844444444444445,,,,0,0,0.81
2.0,1025,False,219,8621,boucle,0.9866666666666667,,,,0,0,1.68
2.0,1026,False,217,9363,boucle,0.9777777777777777,,,,0,0,1.77
2.0,1027,False,219,8288,boucle,0.9866666666666667,,,,0,0,1.47
2.0,1028,False,211,5132,corps,0.9511111111111111,,,,0,0,0.93
2.0,1029,False,219,9634,boucle,0.9866666666666667,,,,0,0,1.72
