cycle,threshold,seed,victory,score,steps,cause,fill,switch_step,switch_fill,ordered_step,transition_steps,shortcuts,rebuilds,rebuild_kept,rebuild_fails,seconds
reconstruit,0.0,1000,True,223,8053,victoire,1.0,0,0.013333333333333334,0,1,0,92,116,15,253.71
reconstruit,0.0,1001,True,223,8560,victoire,1.0,0,0.013333333333333334,0,1,0,93,121,9,253.41
reconstruit,0.0,1002,True,223,7505,victoire,1.0,0,0.013333333333333334,0,1,0,104,103,16,254.19
reconstruit,0.0,1003,True,223,7821,victoire,1.0,0,0.013333333333333334,0,1,0,107,91,25,253.79
reconstruit,0.0,1004,True,223,7071,victoire,1.0,0,0.013333333333333334,0,1,0,106,104,13,253.35
reconstruit,0.0,1005,True,223,8155,victoire,1.0,0,0.013333333333333334,0,1,0,97,102,24,254.2
reconstruit,0.0,1006,True,223,7448,victoire,1.0,0,0.013333333333333334,0,1,0,104,99,20,253.56
reconstruit,0.0,1007,True,223,6454,victoire,1.0,0,0.013333333333333334,0,1,0,99,108,16,253.71
reconstruit,0.0,1008,True,223,6691,victoire,1.0,0,0.013333333333333334,0,1,0,100,106,17,253.97
reconstruit,0.0,1009,True,223,7788,victoire,1.0,0,0.013333333333333334,0,1,0,97,115,11,253.37
reconstruit,0.0,1010,True,223,7015,victoire,1.0,0,0.013333333333333334,0,1,0,112,99,12,2.95
reconstruit,0.0,1011,True,223,7417,victoire,1.0,0,0.013333333333333334,0,1,0,121,97,5,2.22
reconstruit,0.0,1012,True,223,7755,victoire,1.0,0,0.013333333333333334,0,1,0,109,101,13,2.99
reconstruit,0.0,1013,True,223,7891,victoire,1.0,0,0.013333333333333334,0,1,0,92,101,30,4.19
reconstruit,0.0,1014,True,223,7953,victoire,1.0,0,0.013333333333333334,0,1,0,104,101,18,3.43
reconstruit,0.0,1015,True,223,7490,victoire,1.0,0,0.013333333333333334,0,1,0,103,105,15,3.64
reconstruit,0.0,1016,True,223,7756,victoire,1.0,0,0.013333333333333334,0,1,0,95,117,11,2.96
reconstruit,0.0,1017,True,223,7435,victoire,1.0,0,0.013333333333333334,0,1,0,100,102,21,3.55
reconstruit,0.0,1018,True,223,7622,victoire,1.0,0,0.013333333333333334,0,1,0,98,106,19,3.65
reconstruit,0.0,1019,True,223,7446,victoire,1.0,0,0.013333333333333334,0,1,0,116,93,14,3.42
reconstruit,0.0,1020,True,223,7136,victoire,1.0,0,0.013333333333333334,0,1,0,107,104,12,2.9
reconstruit,0.0,1021,True,223,6922,victoire,1.0,0,0.013333333333333334,0,1,0,114,96,13,2.95
reconstruit,0.0,1022,True,223,8394,victoire,1.0,0,0.013333333333333334,0,1,0,96,115,12,2.84
reconstruit,0.0,1023,True,223,7611,victoire,1.0,0,0.013333333333333334,0,1,0,106,107,10,2.94
reconstruit,0.0,1024,True,223,6532,victoire,1.0,0,0.013333333333333334,0,1,0,106,108,9,2.49
reconstruit,0.0,1025,True,223,8940,victoire,1.0,0,0.013333333333333334,0,1,0,92,105,26,3.84
reconstruit,0.0,1026,True,223,7976,victoire,1.0,0,0.013333333333333334,0,1,0,106,98,19,3.25
reconstruit,0.0,1027,True,223,7639,victoire,1.0,0,0.013333333333333334,0,1,0,105,107,11,2.71
reconstruit,0.0,1028,True,223,7009,victoire,1.0,0,0.013333333333333334,0,1,0,101,107,15,2.99
reconstruit,0.0,1029,True,223,6210,victoire,1.0,0,0.013333333333333334,0,1,0,116,96,11,2.87
reconstruit,0.05,1000,True,223,7816,victoire,1.0,84,0.05333333333333334,85,2,0,91,100,23,3.62
reconstruit,0.05,1001,True,223,7080,victoire,1.0,70,0.05333333333333334,71,2,0,95,94,25,3.39
reconstruit,0.05,1002,True,223,6860,victoire,1.0,68,0.05333333333333334,68,1,0,108,82,24,3.24
reconstruit,0.05,1003,True,223,7449,victoire,1.0,65,0.05333333333333334,65,1,0,88,95,31,4.05
reconstruit,0.05,1004,True,223,7810,victoire,1.0,64,0.05333333333333334,64,1,0,107,96,11,2.8
reconstruit,0.05,1005,True,223,6687,victoire,1.0,66,0.05333333333333334,66,1,0,97,109,8,2.49
reconstruit,0.05,1006,True,223,7541,victoire,1.0,83,0.05333333333333334,83,1,0,101,97,16,2.96
reconstruit,0.05,1007,True,223,6430,victoire,1.0,77,0.05333333333333334,78,2,0,94,102,18,3.07
reconstruit,0.05,1008,True,223,6465,victoire,1.0,59,0.05333333333333334,60,2,0,88,108,18,3.03
reconstruit,0.05,1009,True,223,7802,victoire,1.0,71,0.05333333333333334,71,1,0,92,101,21,3.26
reconstruit,0.05,1010,True,223,7187,victoire,1.0,67,0.05333333333333334,68,2,0,96,96,22,3.45
reconstruit,0.05,1011,True,223,6345,victoire,1.0,63,0.05333333333333334,63,1,0,98,98,18,2.85
reconstruit,0.05,1012,True,223,7204,victoire,1.0,79,0.05333333333333334,79,1,0,89,100,25,3.92
reconstruit,0.05,1013,True,223,6474,victoire,1.0,67,0.05333333333333334,67,1,0,95,111,8,2.43
reconstruit,0.05,1014,True,223,8185,victoire,1.0,69,0.05333333333333334,70,2,0,84,113,17,3.13
reconstruit,0.05,1015,True,223,8261,victoire,1.0,70,0.05333333333333334,70,1,0,91,114,9,2.71
reconstruit,0.05,1016,True,223,7210,victoire,1.0,66,0.05333333333333334,66,1,0,99,103,11,2.54
reconstruit,0.05,1017,True,223,8057,victoire,1.0,67,0.05333333333333334,67,1,0,96,107,11,2.65
reconstruit,0.05,1018,True,223,7342,victoire,1.0,75,0.05333333333333334,76,2,0,93,111,10,3.0
reconstruit,0.05,1019,True,223,7089,victoire,1.0,58,0.05333333333333334,59,2,0,89,103,22,3.59
reconstruit,0.05,1020,True,223,6406,victoire,1.0,92,0.05333333333333334,95,4,0,105,97,12,2.48
reconstruit,0.05,1021,True,223,8011,victoire,1.0,71,0.05333333333333334,72,2,0,85,113,16,3.22
reconstruit,0.05,1022,True,223,7625,victoire,1.0,65,0.05333333333333334,66,2,0,94,101,19,3.3
reconstruit,0.05,1023,True,223,7834,victoire,1.0,73,0.05333333333333334,73,1,0,84,97,33,4.23
reconstruit,0.05,1024,True,223,6837,victoire,1.0,77,0.05333333333333334,77,1,0,105,100,9,2.5
reconstruit,0.05,1025,True,223,7315,victoire,1.0,70,0.05333333333333334,70,1,0,94,108,12,2.69
reconstruit,0.05,1026,True,223,7684,victoire,1.0,81,0.05333333333333334,81,1,0,93,91,30,4.06
reconstruit,0.05,1027,True,223,6791,victoire,1.0,68,0.05333333333333334,68,1,0,98,100,16,2.93
reconstruit,0.05,1028,True,223,6585,victoire,1.0,82,0.05333333333333334,82,1,0,109,87,18,3.0
reconstruit,0.05,1029,True,223,7204,victoire,1.0,73,0.05333333333333334,73,1,0,90,115,9,2.51
reconstruit,0.1,1000,True,223,7060,victoire,1.0,189,0.10222222222222223,193,5,0,81,101,21,3.43
reconstruit,0.1,1001,True,223,7075,victoire,1.0,168,0.10222222222222223,173,6,0,86,103,14,2.72
reconstruit,0.1,1002,True,223,6515,victoire,1.0,152,0.10222222222222223,156,5,0,94,100,9,2.27
reconstruit,0.1,1003,True,223,6101,victoire,1.0,144,0.10222222222222223,144,1,0,85,107,10,2.78
reconstruit,0.1,1004,True,223,7230,victoire,1.0,141,0.10222222222222223,142,2,0,87,100,16,2.83
reconstruit,0.1,1005,True,223,6388,victoire,1.0,149,0.10222222222222223,153,5,0,91,103,8,2.26
reconstruit,0.1,1006,True,223,6762,victoire,1.0,183,0.10222222222222223,183,1,0,102,87,14,2.95
reconstruit,0.1,1007,True,223,6698,victoire,1.0,171,0.10222222222222223,172,2,0,87,106,10,2.83
reconstruit,0.1,1008,True,223,6767,victoire,1.0,143,0.10222222222222223,149,7,0,91,97,15,2.97
reconstruit,0.1,1009,True,223,6085,victoire,1.0,143,0.10222222222222223,143,1,0,96,107,0,1.85
reconstruit,0.1,1010,True,223,6287,victoire,1.0,145,0.10222222222222223,149,5,0,86,101,16,2.81
reconstruit,0.1,1011,True,223,6276,victoire,1.0,138,0.10222222222222223,143,6,0,76,114,13,3.42
reconstruit,0.1,1012,True,223,7054,victoire,1.0,182,0.10222222222222223,182,1,0,81,98,24,3.93
reconstruit,0.1,1013,True,223,7334,victoire,1.0,154,0.10222222222222223,159,6,0,71,110,22,3.64
reconstruit,0.1,1014,True,223,6466,victoire,1.0,149,0.10222222222222223,154,6,0,95,97,11,3.04
reconstruit,0.1,1015,True,223,7280,victoire,1.0,146,0.10222222222222223,147,2,0,90,104,9,2.62
reconstruit,0.1,1016,True,223,6881,victoire,1.0,153,0.10222222222222223,154,2,0,86,99,18,3.23
reconstruit,0.1,1017,True,223,7509,victoire,1.0,149,0.10222222222222223,149,1,0,83,87,33,4.38
reconstruit,0.1,1018,True,223,7598,victoire,1.0,159,0.10222222222222223,163,5,0,104,79,20,3.51
reconstruit,0.1,1019,True,223,6285,victoire,1.0,151,0.10222222222222223,151,1,0,104,89,10,2.73
reconstruit,0.1,1020,True,223,5765,victoire,1.0,179,0.10222222222222223,180,2,0,88,100,15,2.62
reconstruit,0.1,1021,True,223,6741,victoire,1.0,145,0.10222222222222223,146,2,0,88,97,18,2.98
reconstruit,0.1,1022,True,223,7008,victoire,1.0,147,0.10222222222222223,148,2,0,88,98,17,3.34
reconstruit,0.1,1023,True,223,8151,victoire,1.0,179,0.10222222222222223,183,5,0,75,102,26,3.97
reconstruit,0.1,1024,True,223,6382,victoire,1.0,159,0.10222222222222223,161,3,0,88,105,10,2.47
reconstruit,0.1,1025,True,223,6106,victoire,1.0,168,0.10222222222222223,171,4,0,90,100,13,2.5
reconstruit,0.1,1026,True,223,7290,victoire,1.0,174,0.10222222222222223,174,1,0,88,96,19,3.32
reconstruit,0.1,1027,True,223,6357,victoire,1.0,152,0.10222222222222223,155,4,0,77,117,9,2.57
reconstruit,0.1,1028,True,223,6406,victoire,1.0,157,0.10222222222222223,157,1,0,92,97,13,2.71
reconstruit,0.1,1029,True,223,6635,victoire,1.0,166,0.10222222222222223,169,4,0,88,89,26,3.3
reconstruit,0.15,1000,True,223,6265,victoire,1.0,273,0.1511111111111111,274,2,0,81,98,13,2.9
reconstruit,0.15,1001,True,223,6075,victoire,1.0,237,0.1511111111111111,241,5,0,92,93,7,1.96
reconstruit,0.15,1002,True,223,6838,victoire,1.0,245,0.1511111111111111,252,8,0,88,91,13,3.03
reconstruit,0.15,1003,True,223,7335,victoire,1.0,210,0.1511111111111111,224,15,0,79,95,18,3.54
reconstruit,0.15,1004,True,223,5561,victoire,1.0,234,0.1511111111111111,234,1,0,93,86,12,2.31
reconstruit,0.15,1005,True,223,6032,victoire,1.0,243,0.1511111111111111,245,3,0,85,103,4,2.4
reconstruit,0.15,1006,True,223,6743,victoire,1.0,270,0.1511111111111111,273,4,0,77,102,11,2.49
reconstruit,0.15,1007,True,223,6322,victoire,1.0,264,0.1511111111111111,268,5,0,95,87,10,2.52
reconstruit,0.15,1008,True,223,6268,victoire,1.0,237,0.1511111111111111,248,12,0,62,112,17,2.88
reconstruit,0.15,1009,True,223,5902,victoire,1.0,246,0.1511111111111111,247,2,0,73,93,26,3.81
reconstruit,0.15,1010,True,223,6013,victoire,1.0,229,0.1511111111111111,231,3,0,78,103,11,2.51
reconstruit,0.15,1011,True,223,6967,victoire,1.0,230,0.1511111111111111,230,1,0,59,112,21,3.8
reconstruit,0.15,1012,True,223,6674,victoire,1.0,275,0.1511111111111111,282,8,0,78,93,21,3.39
reconstruit,0.15,1013,True,223,6248,victoire,1.0,245,0.1511111111111111,250,6,0,60,111,21,2.99
reconstruit,0.15,1014,True,223,6320,victoire,1.0,226,0.1511111111111111,234,9,0,79,97,15,2.85
reconstruit,0.15,1015,True,223,6082,victoire,1.0,244,0.1511111111111111,246,3,0,68,105,19,3.1
reconstruit,0.15,1016,True,223,6708,victoire,1.0,249,0.1511111111111111,256,8,0,87,86,19,3.45
reconstruit,0.15,1017,True,223,5937,victoire,1.0,240,0.1511111111111111,256,17,0,95,86,10,2.36
reconstruit,0.15,1018,True,223,6311,victoire,1.0,252,0.1511111111111111,261,10,0,89,92,11,2.44
reconstruit,0.15,1019,True,223,6324,victoire,1.0,242,0.1511111111111111,245,4,0,87,81,24,3.68
reconstruit,0.15,1020,True,223,6675,victoire,1.0,267,0.1511111111111111,268,2,0,81,85,26,3.48
reconstruit,0.15,1021,True,223,5873,victoire,1.0,238,0.1511111111111111,250,13,0,82,103,7,2.02
reconstruit,0.15,1022,True,223,6433,victoire,1.0,239,0.1511111111111111,240,2,0,87,93,11,2.65
reconstruit,0.15,1023,True,223,5955,victoire,1.0,260,0.1511111111111111,264,5,0,83,91,18,3.17
reconstruit,0.15,1024,True,223,6276,victoire,1.0,267,0.1511111111111111,275,9,0,89,87,15,3.13
reconstruit,0.15,1025,True,223,7700,victoire,1.0,251,0.1511111111111111,260,10,0,63,116,12,2.98
reconstruit,0.15,1026,True,223,5091,victoire,1.0,280,0.1511111111111111,296,17,0,90,95,7,1.84
reconstruit,0.15,1027,True,223,6465,victoire,1.0,244,0.1511111111111111,252,9,0,75,103,14,2.98
reconstruit,0.15,1028,True,223,6035,victoire,1.0,234,0.1511111111111111,235,2,0,95,87,10,2.28
reconstruit,0.15,1029,True,223,6600,victoire,1.0,262,0.1511111111111111,267,6,0,76,88,28,4.02
reconstruit,0.2,1000,True,223,5835,victoire,1.0,382,0.2,397,16,0,82,84,15,2.39
reconstruit,0.2,1001,True,223,6262,victoire,1.0,330,0.2,356,27,0,73,86,22,3.54
reconstruit,0.2,1002,True,223,5715,victoire,1.0,337,0.2,353,17,0,73,96,12,2.74
reconstruit,0.2,1003,True,223,6032,victoire,1.0,308,0.2,308,1,0,79,88,14,3.01
reconstruit,0.2,1004,True,223,5500,victoire,1.0,322,0.2,337,16,0,76,91,14,2.74
reconstruit,0.2,1005,True,223,6407,victoire,1.0,349,0.2,352,4,0,64,96,20,3.76
reconstruit,0.2,1006,True,223,6962,victoire,1.0,369,0.2,384,16,0,77,88,16,3.24
reconstruit,0.2,1007,True,223,5501,victoire,1.0,344,0.2,358,15,0,84,80,17,3.06
reconstruit,0.2,1008,True,223,5358,victoire,1.0,327,0.2,343,17,0,82,96,3,1.86
reconstruit,0.2,1009,True,223,5966,victoire,1.0,347,0.2,366,20,0,78,91,11,2.49
reconstruit,0.2,1010,True,223,5280,victoire,1.0,317,0.2,341,25,0,81,92,7,2.44
reconstruit,0.2,1011,True,223,5487,victoire,1.0,330,0.2,331,2,0,73,98,9,2.19
reconstruit,0.2,1012,True,223,5508,victoire,1.0,383,0.2,398,16,0,82,84,15,2.74
reconstruit,0.2,1013,True,223,5559,victoire,1.0,319,0.2,319,1,0,82,95,4,1.87
reconstruit,0.2,1014,True,223,6412,victoire,1.0,339,0.2,346,8,0,68,101,12,2.82
reconstruit,0.2,1015,True,223,6214,victoire,1.0,355,0.2,360,6,0,76,94,11,2.19
reconstruit,0.2,1016,True,223,6112,victoire,1.0,338,0.2,365,28,0,62,105,13,2.78
reconstruit,0.2,1017,True,223,5775,victoire,1.0,348,0.2,351,4,0,63,104,14,3.01
reconstruit,0.2,1018,True,223,5930,victoire,1.0,340,0.2,352,13,0,86,86,8,2.27
reconstruit,0.2,1019,True,223,5806,victoire,1.0,356,0.2,363,8,0,81,87,13,2.9
reconstruit,0.2,1020,True,223,6405,victoire,1.0,355,0.2,386,32,0,74,94,12,2.77
reconstruit,0.2,1021,True,223,5189,victoire,1.0,316,0.2,317,2,0,82,90,8,1.97
reconstruit,0.2,1022,True,223,5533,victoire,1.0,337,0.2,351,15,0,77,95,9,2.42
reconstruit,0.2,1023,True,223,5693,victoire,1.0,336,0.2,343,8,0,71,100,10,2.39
reconstruit,0.2,1024,True,223,5925,victoire,1.0,358,0.2,359,2,0,58,112,11,2.63
reconstruit,0.2,1025,True,223,6082,victoire,1.0,362,0.2,379,18,0,83,85,13,2.75
reconstruit,0.2,1026,True,223,7377,victoire,1.0,374,0.2,380,7,0,55,103,23,3.82
reconstruit,0.2,1027,True,223,5476,victoire,1.0,344,0.2,352,9,0,79,84,17,2.75
reconstruit,0.2,1028,True,223,6437,victoire,1.0,339,0.2,343,5,0,71,97,11,2.35
reconstruit,0.2,1029,True,223,5861,victoire,1.0,364,0.2,393,30,0,79,79,21,3.28
reconstruit,0.25,1000,True,223,5048,victoire,1.0,491,0.25333333333333335,505,15,0,66,90,11,2.21
reconstruit,0.25,1001,True,223,4695,victoire,1.0,436,0.25333333333333335,452,17,0,80,85,4,1.65
reconstruit,0.25,1002,True,223,5588,victoire,1.0,460,0.25333333333333335,473,14,0,72,90,6,1.94
reconstruit,0.25,1003,True,223,5077,victoire,1.0,419,0.25333333333333335,453,35,0,79,81,9,2.06
reconstruit,0.25,1004,True,223,4283,victoire,1.0,429,0.25333333333333335,433,5,0,69,91,9,1.95
reconstruit,0.25,1005,True,223,5232,victoire,1.0,455,0.25333333333333335,474,20,0,66,92,11,2.13
reconstruit,0.25,1006,True,223,5343,victoire,1.0,449,0.25333333333333335,475,27,0,61,88,20,3.0
reconstruit,0.25,1007,True,223,5744,victoire,1.0,451,0.25333333333333335,461,11,0,68,87,14,2.58
reconstruit,0.25,1008,True,223,5342,victoire,1.0,402,0.25333333333333335,410,9,0,66,93,10,2.31
reconstruit,0.25,1009,True,223,5843,victoire,1.0,414,0.25333333333333335,441,28,0,71,84,13,2.5
reconstruit,0.25,1010,True,223,5269,victoire,1.0,483,0.25333333333333335,527,45,0,68,88,13,2.1
reconstruit,0.25,1011,True,223,5942,victoire,1.0,432,0.25333333333333335,434,3,0,71,87,11,2.43
reconstruit,0.25,1012,True,223,5358,victoire,1.0,510,0.25333333333333335,553,44,0,67,92,8,2.1
reconstruit,0.25,1013,True,223,5353,victoire,1.0,427,0.25333333333333335,429,3,0,78,83,8,2.18
reconstruit,0.25,1014,True,223,6094,victoire,1.0,436,0.25333333333333335,469,34,0,68,86,15,2.64
reconstruit,0.25,1015,True,223,5172,victoire,1.0,437,0.25333333333333335,480,44,0,83,79,6,1.85
reconstruit,0.25,1016,True,223,5043,victoire,1.0,441,0.25333333333333335,441,1,0,67,91,9,2.3
reconstruit,0.25,1017,True,223,5232,victoire,1.0,445,0.25333333333333335,475,31,0,54,105,8,2.26
reconstruit,0.25,1018,True,223,6462,victoire,1.0,479,0.25333333333333335,499,21,0,61,91,16,2.91
reconstruit,0.25,1019,True,223,5790,victoire,1.0,478,0.25333333333333335,485,8,0,63,96,9,2.34
reconstruit,0.25,1020,True,223,4997,victoire,1.0,448,0.25333333333333335,452,5,0,77,84,8,1.97
reconstruit,0.25,1021,True,223,5747,victoire,1.0,401,0.25333333333333335,535,135,0,29,108,20,3.06
reconstruit,0.25,1022,True,223,5579,victoire,1.0,437,0.25333333333333335,446,10,0,83,78,7,2.29
reconstruit,0.25,1023,True,223,4966,victoire,1.0,456,0.25333333333333335,489,34,0,67,89,13,2.66
reconstruit,0.25,1024,True,223,6054,victoire,1.0,481,0.25333333333333335,488,8,0,63,99,7,1.89
reconstruit,0.25,1025,True,223,5023,victoire,1.0,482,0.25333333333333335,482,1,0,73,81,15,2.52
reconstruit,0.25,1026,True,223,6345,victoire,1.0,507,0.25333333333333335,509,3,0,64,93,12,2.82
reconstruit,0.25,1027,True,223,5021,victoire,1.0,438,0.25333333333333335,442,5,0,68,97,4,1.79
reconstruit,0.25,1028,True,223,5211,victoire,1.0,491,0.25333333333333335,524,34,0,72,77,19,2.82
reconstruit,0.25,1029,True,223,4900,victoire,1.0,454,0.25333333333333335,454,1,0,69,88,11,2.27
reconstruit,0.3,1000,True,223,5687,victoire,1.0,577,0.3022222222222222,588,12,0,68,76,14,2.44
reconstruit,0.3,1001,True,223,4990,victoire,1.0,542,0.3022222222222222,589,48,0,63,82,12,2.3
reconstruit,0.3,1002,True,223,4708,victoire,1.0,556,0.3022222222222222,558,3,0,62,87,9,2.19
reconstruit,0.3,1003,True,223,5257,victoire,1.0,595,0.3022222222222222,645,51,0,53,96,8,2.13
reconstruit,0.3,1004,True,223,4509,victoire,1.0,537,0.3022222222222222,586,50,0,65,81,9,2.01
reconstruit,0.3,1005,True,223,4597,victoire,1.0,594,0.3022222222222222,627,34,0,68,85,5,1.59
reconstruit,0.3,1006,True,223,5105,victoire,1.0,533,0.3022222222222222,550,18,0,68,81,8,1.77
reconstruit,0.3,1007,True,223,5080,victoire,1.0,626,0.3022222222222222,652,27,0,61,84,12,2.34
reconstruit,0.3,1008,True,223,5318,victoire,1.0,496,0.3022222222222222,507,12,0,52,99,6,1.6
reconstruit,0.3,1009,True,223,4580,victoire,1.0,498,0.3022222222222222,664,167,0,48,82,15,2.42
reconstruit,0.3,1010,True,223,5083,victoire,1.0,561,0.3022222222222222,630,70,0,62,86,9,2.01
reconstruit,0.3,1011,True,223,5144,victoire,1.0,521,0.3022222222222222,567,47,0,63,90,5,1.59
reconstruit,0.3,1012,True,223,5094,victoire,1.0,624,0.3022222222222222,689,66,0,63,89,3,1.55
reconstruit,0.3,1013,True,223,4582,victoire,1.0,538,0.3022222222222222,538,1,0,65,75,17,2.82
reconstruit,0.3,1014,True,223,4258,victoire,1.0,529,0.3022222222222222,565,37,0,61,90,5,1.46
reconstruit,0.3,1015,True,223,4767,victoire,1.0,557,0.3022222222222222,580,24,0,73,77,5,1.67
reconstruit,0.3,1016,True,223,5010,victoire,1.0,514,0.3022222222222222,525,12,0,68,73,17,2.22
reconstruit,0.3,1017,True,223,4458,victoire,1.0,571,0.3022222222222222,620,50,0,66,86,4,1.58
reconstruit,0.3,1018,True,223,4900,victoire,1.0,600,0.3022222222222222,652,53,0,55,89,12,2.24
reconstruit,0.3,1019,True,223,4389,victoire,1.0,591,0.3022222222222222,646,56,0,70,76,10,1.91
reconstruit,0.3,1020,True,223,5279,victoire,1.0,562,0.3022222222222222,607,46,0,59,87,12,2.49
reconstruit,0.3,1021,True,223,5747,victoire,1.0,523,0.3022222222222222,535,13,0,29,108,20,3.0
reconstruit,0.3,1022,True,223,5379,victoire,1.0,546,0.3022222222222222,573,28,0,55,87,14,2.31
reconstruit,0.3,1023,True,223,3775,victoire,1.0,652,0.3022222222222222,851,200,0,62,82,1,1.26
reconstruit,0.3,1024,True,223,4674,victoire,1.0,588,0.3022222222222222,592,5,0,73,81,4,1.54
reconstruit,0.3,1025,True,223,4850,victoire,1.0,611,0.3022222222222222,660,50,0,69,83,6,1.8
reconstruit,0.3,1026,True,223,5422,victoire,1.0,630,0.3022222222222222,640,11,0,59,95,4,1.54
reconstruit,0.3,1027,True,223,4685,victoire,1.0,551,0.3022222222222222,582,32,0,67,87,2,1.73
reconstruit,0.3,1028,True,223,4683,victoire,1.0,612,0.3022222222222222,681,70,0,66,82,7,1.87
reconstruit,0.3,1029,True,223,4800,victoire,1.0,593,0.3022222222222222,598,6,0,65,80,13,2.36
reconstruit,0.35,1000,True,223,4627,victoire,1.0,714,0.3511111111111111,770,57,0,62,73,9,1.91
reconstruit,0.35,1001,True,223,4590,victoire,1.0,645,0.3511111111111111,777,133,0,58,77,3,1.2
reconstruit,0.35,1002,True,223,4122,victoire,1.0,717,0.3511111111111111,741,25,0,60,80,7,1.84
reconstruit,0.35,1003,True,223,4028,victoire,1.0,702,0.3511111111111111,706,5,0,61,78,7,1.4
reconstruit,0.35,1004,True,223,4094,victoire,1.0,698,0.3511111111111111,719,22,0,59,79,7,1.82
reconstruit,0.35,1005,True,223,4729,victoire,1.0,729,0.3511111111111111,746,18,0,56,85,5,1.62
reconstruit,0.35,1006,True,223,4755,victoire,1.0,647,0.3511111111111111,697,51,0,49,82,12,2.38
reconstruit,0.35,1007,True,223,4570,victoire,1.0,717,0.3511111111111111,774,58,0,61,81,4,1.26
reconstruit,0.35,1008,True,223,4264,victoire,1.0,633,0.3511111111111111,667,35,0,62,79,5,1.65
reconstruit,0.35,1009,True,223,4580,victoire,1.0,609,0.3511111111111111,664,56,0,48,82,15,2.23
reconstruit,0.35,1010,True,223,4049,victoire,1.0,714,0.3511111111111111,924,211,0,52,76,6,1.7
reconstruit,0.35,1011,True,223,3720,victoire,1.0,634,0.3511111111111111,1172,539,0,41,72,1,1.59
reconstruit,0.35,1012,True,223,4838,victoire,1.0,767,0.3511111111111111,971,205,0,57,79,5,1.75
reconstruit,0.35,1013,True,223,4133,victoire,1.0,627,0.3511111111111111,680,54,0,62,72,12,2.11
reconstruit,0.35,1014,True,223,4820,victoire,1.0,697,0.3511111111111111,840,144,0,39,94,7,1.7
reconstruit,0.35,1015,True,223,4219,victoire,1.0,680,0.3511111111111111,714,35,0,62,80,5,1.52
reconstruit,0.35,1016,True,223,4671,victoire,1.0,631,0.3511111111111111,713,83,0,63,72,10,2.12
reconstruit,0.35,1017,True,223,4057,victoire,1.0,648,0.3511111111111111,846,199,0,40,85,8,1.73
reconstruit,0.35,1018,False,217,8606,boucle,0.9777777777777777,797,0.3511111111111111,,7809,0,0,0,0,20.58
reconstruit,0.35,1019,False,221,6098,corps,0.9955555555555555,756,0.3511111111111111,,5342,0,0,0,0,13.15
reconstruit,0.35,1020,True,223,4604,victoire,1.0,767,0.3511111111111111,784,18,0,61,75,11,1.88
reconstruit,0.35,1021,True,223,4111,victoire,1.0,634,0.3511111111111111,676,43,0,63,73,10,1.76
reconstruit,0.35,1022,True,223,5015,victoire,1.0,660,0.3511111111111111,662,3,0,49,84,14,2.38
reconstruit,0.35,1023,True,223,3775,victoire,1.0,799,0.3511111111111111,851,53,0,62,82,1,1.13
reconstruit,0.35,1024,True,223,4286,victoire,1.0,684,0.3511111111111111,731,48,0,60,86,1,1.24
reconstruit,0.35,1025,True,223,4330,victoire,1.0,692,0.3511111111111111,760,69,0,56,76,12,2.16
reconstruit,0.35,1026,True,223,4075,victoire,1.0,736,0.3511111111111111,737,2,0,52,84,10,1.93
reconstruit,0.35,1027,True,223,4648,victoire,1.0,698,0.3511111111111111,735,38,0,64,73,7,1.97
reconstruit,0.35,1028,False,211,5132,corps,0.9511111111111111,730,0.3511111111111111,,4402,0,0,0,0,10.69
reconstruit,0.35,1029,True,223,4532,victoire,1.0,728,0.3511111111111111,735,8,0,56,84,7,1.72
reconstruit,0.4,1000,False,205,5915,corps,0.9244444444444444,860,0.4,,5055,0,0,0,0,12.0
reconstruit,0.4,1001,True,223,4277,victoire,1.0,795,0.4,896,102,0,44,83,4,1.55
reconstruit,0.4,1002,True,223,3903,victoire,1.0,873,0.4,1005,133,0,53,72,4,1.53
reconstruit,0.4,1003,True,223,3924,victoire,1.0,829,0.4,930,102,0,45,86,3,0.99
reconstruit,0.4,1004,True,223,4148,victoire,1.0,881,0.4,915,35,0,61,72,2,1.29
reconstruit,0.4,1005,False,222,6092,corps,1.0,857,0.4,,5235,0,0,0,0,12.23
reconstruit,0.4,1006,True,223,3806,victoire,1.0,784,0.4,913,130,0,42,83,4,1.4
reconstruit,0.4,1007,True,223,4168,victoire,1.0,822,0.4,1027,206,0,46,66,12,2.04
reconstruit,0.4,1008,False,185,3648,corps,0.8355555555555556,761,0.4,,2887,0,0,0,0,6.27
reconstruit,0.4,1009,True,223,4171,victoire,1.0,873,0.4,892,20,0,45,77,14,1.96
reconstruit,0.4,1010,True,223,4049,victoire,1.0,842,0.4,924,83,0,52,76,6,1.59
reconstruit,0.4,1011,True,223,3720,victoire,1.0,753,0.4,1172,420,0,41,72,1,1.48
reconstruit,0.4,1012,True,223,4566,victoire,1.0,1000,0.4,1091,92,0,53,78,4,1.54
reconstruit,0.4,1013,False,220,5488,corps,0.9911111111111112,784,0.4,,4704,0,0,0,0,11.46
reconstruit,0.4,1014,True,223,4164,victoire,1.0,899,0.4,970,72,0,55,72,7,1.8
reconstruit,0.4,1015,False,220,8770,boucle,0.9911111111111112,847,0.4,,7923,0,0,0,0,19.55
reconstruit,0.4,1016,True,223,3598,victoire,1.0,833,0.4,1151,319,0,60,62,0,1.4
reconstruit,0.4,1017,True,223,4057,victoire,1.0,781,0.4,846,66,0,40,85,8,1.52
reconstruit,0.4,1018,False,217,8606,boucle,0.9777777777777777,943,0.4,,7663,0,0,0,0,20.35
reconstruit,0.4,1019,False,221,6098,corps,0.9955555555555555,936,0.4,,5162,0,0,0,0,12.86
reconstruit,0.4,1020,False,220,8912,boucle,0.9911111111111112,917,0.4,,7995,0,0,0,0,22.02
reconstruit,0.4,1021,True,223,4329,victoire,1.0,805,0.4,901,97,0,46,80,10,1.83
reconstruit,0.4,1022,True,223,4065,victoire,1.0,881,0.4,951,71,0,44,76,14,1.89
reconstruit,0.4,1023,False,210,5014,corps,0.9466666666666667,990,0.4,,4024,0,0,0,0,9.45
reconstruit,0.4,1024,False,196,4156,corps,0.8844444444444445,880,0.4,,3276,0,0,0,0,7.52
reconstruit,0.4,1025,True,223,4010,victoire,1.0,815,0.4,1082,268,0,45,64,10,2.29
reconstruit,0.4,1026,False,217,9363,boucle,0.9777777777777777,860,0.4,,8503,0,0,0,0,23.41
reconstruit,0.4,1027,True,223,3981,victoire,1.0,804,0.4,841,38,0,57,74,5,1.43
reconstruit,0.4,1028,False,211,5132,corps,0.9511111111111111,856,0.4,,4276,0,0,0,0,10.43
reconstruit,0.4,1029,True,223,5071,victoire,1.0,894,0.4,946,53,0,42,76,17,2.49
reconstruit,0.45,1000,False,205,5915,corps,0.9244444444444444,998,0.4533333333333333,,4917,0,0,0,0,12.44
reconstruit,0.45,1001,False,217,6060,corps,0.9777777777777777,934,0.4533333333333333,,5126,0,0,0,0,12.83
reconstruit,0.45,1002,True,223,4263,victoire,1.0,1053,0.4533333333333333,1136,84,0,42,74,7,1.71
reconstruit,0.45,1003,True,223,3812,victoire,1.0,991,0.4533333333333333,1147,157,0,43,69,3,1.24
reconstruit,0.45,1004,False,219,7892,boucle,0.9866666666666667,1042,0.4533333333333333,,6850,0,0,0,0,19.23
reconstruit,0.45,1005,False,222,6092,corps,1.0,1022,0.4533333333333333,,5070,0,0,0,0,12.17
reconstruit,0.45,1006,True,223,3856,victoire,1.0,1032,0.4533333333333333,1455,424,0,41,64,6,1.91
reconstruit,0.45,1007,True,223,4168,victoire,1.0,966,0.4533333333333333,1027,62,0,46,66,12,1.81
reconstruit,0.45,1008,False,185,3648,corps,0.8355555555555556,880,0.4533333333333333,,2768,0,0,0,0,6.05
reconstruit,0.45,1009,False,215,9131,boucle,0.9688888888888889,1254,0.4533333333333333,,7877,0,0,0,0,19.93
reconstruit,0.45,1010,False,218,8784,boucle,0.9822222222222222,1003,0.4533333333333333,,7781,0,0,0,0,20.42
reconstruit,0.45,1011,True,223,3720,victoire,1.0,987,0.4533333333333333,1172,186,0,41,72,1,1.14
reconstruit,0.45,1012,False,220,8877,boucle,0.9911111111111112,1199,0.4533333333333333,,7678,0,0,0,0,22.45
reconstruit,0.45,1013,False,220,5488,corps,0.9911111111111112,901,0.4533333333333333,,4587,0,0,0,0,11.32
reconstruit,0.45,1014,True,223,4320,victoire,1.0,1164,0.4533333333333333,1229,66,0,39,78,6,1.52
reconstruit,0.45,1015,False,220,8770,boucle,0.9911111111111112,976,0.4533333333333333,,7794,0,0,0,0,21.65
reconstruit,0.45,1016,True,223,3598,victoire,1.0,1056,0.4533333333333333,1151,96,0,60,62,0,1.03
reconstruit,0.45,1017,False,218,6065,corps,0.9822222222222222,957,0.4533333333333333,,5108,0,0,0,0,12.73
reconstruit,0.45,1018,False,217,8606,boucle,0.9777777777777777,1237,0.4533333333333333,,7369,0,0,0,0,21.79
reconstruit,0.45,1019,False,221,6098,corps,0.9955555555555555,1068,0.4533333333333333,,5030,0,0,0,0,12.96
reconstruit,0.45,1020,False,220,8912,boucle,0.9911111111111112,1106,0.4533333333333333,,7806,0,0,0,0,24.03
reconstruit,0.45,1021,False,220,5940,corps,0.9911111111111112,987,0.4533333333333333,,4953,0,0,0,0,13.86
reconstruit,0.45,1022,True,223,4387,victoire,1.0,1045,0.4533333333333333,1098,54,0,32,87,3,1.24
reconstruit,0.45,1023,False,210,5014,corps,0.9466666666666667,1141,0.4533333333333333,,3873,0,0,0,0,10.72
reconstruit,0.45,1024,False,196,4156,corps,0.8844444444444445,1075,0.4533333333333333,,3081,0,0,0,0,8.65
reconstruit,0.45,1025,True,223,4010,victoire,1.0,996,0.4533333333333333,1082,87,0,45,64,10,2.24
reconstruit,0.45,1026,False,217,9363,boucle,0.9777777777777777,1105,0.4533333333333333,,8258,0,0,0,0,26.58
reconstruit,0.45,1027,True,223,4104,victoire,1.0,874,0.4533333333333333,1122,249,0,49,68,3,1.83
reconstruit,0.45,1028,False,211,5132,corps,0.9511111111111111,1040,0.4533333333333333,,4092,0,0,0,0,12.75
reconstruit,0.45,1029,False,219,9634,boucle,0.9866666666666667,1080,0.4533333333333333,,8554,0,0,0,0,26.84
reconstruit,0.5,1000,False,205,5915,corps,0.9244444444444444,1159,0.5022222222222222,,4756,0,0,0,0,14.14
reconstruit,0.5,1001,False,217,6060,corps,0.9777777777777777,1191,0.5022222222222222,,4869,0,0,0,0,14.73
reconstruit,0.5,1002,False,199,4489,corps,0.8977777777777778,1264,0.5022222222222222,,3225,0,0,0,0,9.23
reconstruit,0.5,1003,False,221,5401,corps,0.9955555555555555,1260,0.5022222222222222,,4141,0,0,0,0,11.87
reconstruit,0.5,1004,False,219,7892,boucle,0.9866666666666667,1241,0.5022222222222222,,6651,0,0,0,0,20.93
reconstruit,0.5,1005,False,222,6092,corps,1.0,1290,0.5022222222222222,,4802,0,0,0,0,13.85
reconstruit,0.5,1006,True,223,3856,victoire,1.0,1405,0.5022222222222222,1455,51,0,41,64,6,1.64
reconstruit,0.5,1007,False,213,6336,corps,0.96,1158,0.5022222222222222,,5178,0,0,0,0,13.77
reconstruit,0.5,1008,False,185,3648,corps,0.8355555555555556,1164,0.5022222222222222,,2484,0,0,0,0,6.26
reconstruit,0.5,1009,False,215,9131,boucle,0.9688888888888889,1412,0.5022222222222222,,7719,0,0,0,0,20.61
reconstruit,0.5,1010,False,218,8784,boucle,0.9822222222222222,1370,0.5022222222222222,,7414,0,0,0,0,20.07
reconstruit,0.5,1011,False,221,8037,boucle,0.9955555555555555,1171,0.5022222222222222,,6866,0,0,0,0,19.59
reconstruit,0.5,1012,False,220,8877,boucle,0.9911111111111112,1416,0.5022222222222222,,7461,0,0,0,0,21.73
reconstruit,0.5,1013,False,220,5488,corps,0.9911111111111112,1099,0.5022222222222222,,4389,0,0,0,0,11.47
reconstruit,0.5,1014,False,206,5478,corps,0.9288888888888889,1383,0.5022222222222222,,4095,0,0,0,0,10.83
reconstruit,0.5,1015,False,220,8770,boucle,0.9911111111111112,1329,0.5022222222222222,,7441,0,0,0,0,20.01
reconstruit,0.5,1016,False,218,8521,boucle,0.9822222222222222,1251,0.5022222222222222,,7270,0,0,0,0,19.55
reconstruit,0.5,1017,False,218,6065,corps,0.9822222222222222,1125,0.5022222222222222,,4940,0,0,0,0,12.53
reconstruit,0.5,1018,False,217,8606,boucle,0.9777777777777777,1470,0.5022222222222222,,7136,0,0,0,0,20.1
reconstruit,0.5,1019,False,221,6098,corps,0.9955555555555555,1318,0.5022222222222222,,4780,0,0,0,0,12.83
reconstruit,0.5,1020,False,220,8912,boucle,0.9911111111111112,1230,0.5022222222222222,,7682,0,0,0,0,21.76
reconstruit,0.5,1021,False,220,5940,corps,0.9911111111111112,1183,0.5022222222222222,,4757,0,0,0,0,12.18
reconstruit,0.5,1022,True,223,3497,victoire,1.0,1146,0.5022222222222222,1237,92,0,50,58,4,1.27
reconstruit,0.5,1023,False,210,5014,corps,0.9466666666666667,1264,0.5022222222222222,,3750,0,0,0,0,9.22
reconstruit,0.5,1024,False,196,4156,corps,0.8844444444444445,1235,0.5022222222222222,,2921,0,0,0,0,7.24
reconstruit,0.5,1025,False,219,8621,boucle,0.9866666666666667,1219,0.5022222222222222,,7402,0,0,0,0,19.76
reconstruit,0.5,1026,False,217,9363,boucle,0.9777777777777777,1262,0.5022222222222222,,8101,0,0,0,0,23.8
reconstruit,0.5,1027,False,219,8288,boucle,0.9866666666666667,1299,0.5022222222222222,,6989,0,0,0,0,19.79
reconstruit,0.5,1028,False,211,5132,corps,0.9511111111111111,1229,0.5022222222222222,,3903,0,0,0,0,10.52
reconstruit,0.5,1029,False,219,9634,boucle,0.9866666666666667,1274,0.5022222222222222,,8360,0,0,0,0,24.17
reconstruit,0.6,1000,False,205,5915,corps,0.9244444444444444,1739,0.6,,4176,0,0,0,0,11.28
reconstruit,0.6,1001,False,217,6060,corps,0.9777777777777777,1679,0.6,,4381,0,0,0,0,12.01
reconstruit,0.6,1002,False,199,4489,corps,0.8977777777777778,1754,0.6,,2735,0,0,0,0,7.23
reconstruit,0.6,1003,False,221,5401,corps,0.9955555555555555,1771,0.6,,3630,0,0,0,0,9.69
reconstruit,0.6,1004,False,219,7892,boucle,0.9866666666666667,1732,0.6,,6160,0,0,0,0,18.54
reconstruit,0.6,1005,False,222,6092,corps,1.0,1909,0.6,,4183,0,0,0,0,11.59
reconstruit,0.6,1006,False,205,5434,corps,0.9244444444444444,1914,0.6,,3520,0,0,0,0,9.58
reconstruit,0.6,1007,False,213,6336,corps,0.96,1937,0.6,,4399,0,0,0,0,12.25
reconstruit,0.6,1008,False,185,3648,corps,0.8355555555555556,1875,0.6,,1773,0,0,0,0,4.62
reconstruit,0.6,1009,False,215,9131,boucle,0.9688888888888889,1998,0.6,,7133,0,0,0,0,19.13
reconstruit,0.6,1010,False,218,8784,boucle,0.9822222222222222,1889,0.6,,6895,0,0,0,0,19.74
reconstruit,0.6,1011,False,221,8037,boucle,0.9955555555555555,1596,0.6,,6441,0,0,0,0,19.85
reconstruit,0.6,1012,False,220,8877,boucle,0.9911111111111112,2006,0.6,,6871,0,0,0,0,22.92
reconstruit,0.6,1013,False,220,5488,corps,0.9911111111111112,1483,0.6,,4005,0,0,0,0,10.89
reconstruit,0.6,1014,False,206,5478,corps,0.9288888888888889,2026,0.6,,3452,0,0,0,0,9.84
reconstruit,0.6,1015,False,220,8770,boucle,0.9911111111111112,1861,0.6,,6909,0,0,0,0,20.6
reconstruit,0.6,1016,False,218,8521,boucle,0.9822222222222222,1693,0.6,,6828,0,0,0,0,21.13
reconstruit,0.6,1017,False,218,6065,corps,0.9822222222222222,1714,0.6,,4351,0,0,0,0,13.55
reconstruit,0.6,1018,False,217,8606,boucle,0.9777777777777777,1869,0.6,,6737,0,0,0,0,21.53
reconstruit,0.6,1019,False,221,6098,corps,0.9955555555555555,1821,0.6,,4277,0,0,0,0,14.16
reconstruit,0.6,1020,False,220,8912,boucle,0.9911111111111112,1636,0.6,,7276,0,0,0,0,23.56
reconstruit,0.6,1021,False,220,5940,corps,0.9911111111111112,1780,0.6,,4160,0,0,0,0,13.5
reconstruit,0.6,1022,False,215,5720,corps,0.9688888888888889,1754,0.6,,3966,0,0,0,0,12.58
reconstruit,0.6,1023,False,210,5014,corps,0.9466666666666667,1993,0.6,,3021,0,0,0,0,9.24
reconstruit,0.6,1024,False,196,4156,corps,0.8844444444444445,1785,0.6,,2371,0,0,0,0,7.0
reconstruit,0.6,1025,False,219,8621,boucle,0.9866666666666667,1585,0.6,,7036,0,0,0,0,20.54
reconstruit,0.6,1026,False,217,9363,boucle,0.9777777777777777,1732,0.6,,7631,0,0,0,0,23.48
reconstruit,0.6,1027,False,219,8288,boucle,0.9866666666666667,1645,0.6,,6643,0,0,0,0,19.73
reconstruit,0.6,1028,False,211,5132,corps,0.9511111111111111,1622,0.6,,3510,0,0,0,0,9.99
reconstruit,0.6,1029,False,219,9634,boucle,0.9866666666666667,1856,0.6,,7778,0,0,0,0,26.24
reconstruit,0.7,1000,False,205,5915,corps,0.9244444444444444,2567,0.7022222222222222,,3348,0,0,0,0,9.48
reconstruit,0.7,1001,False,217,6060,corps,0.9777777777777777,2285,0.7022222222222222,,3775,0,0,0,0,11.23
reconstruit,0.7,1002,False,199,4489,corps,0.8977777777777778,2531,0.7022222222222222,,1958,0,0,0,0,5.53
reconstruit,0.7,1003,False,221,5401,corps,0.9955555555555555,2457,0.7022222222222222,,2944,0,0,0,0,8.83
reconstruit,0.7,1004,False,219,7892,boucle,0.9866666666666667,2350,0.7022222222222222,,5542,0,0,0,0,20.09
reconstruit,0.7,1005,False,222,6092,corps,1.0,2664,0.7022222222222222,,3428,0,0,0,0,9.94
reconstruit,0.7,1006,False,205,5434,corps,0.9244444444444444,2757,0.7022222222222222,,2677,0,0,0,0,7.69
reconstruit,0.7,1007,False,213,6336,corps,0.96,2770,0.7022222222222222,,3566,0,0,0,0,11.06
reconstruit,0.7,1008,False,185,3648,corps,0.8355555555555556,2559,0.7022222222222222,,1089,0,0,0,0,3.21
reconstruit,0.7,1009,False,215,9131,boucle,0.9688888888888889,2783,0.7022222222222222,,6348,0,0,0,0,20.64
reconstruit,0.7,1010,False,218,8784,boucle,0.9822222222222222,2861,0.7022222222222222,,5923,0,0,0,0,20.35
reconstruit,0.7,1011,False,221,8037,boucle,0.9955555555555555,2210,0.7022222222222222,,5827,0,0,0,0,20.51
reconstruit,0.7,1012,False,220,8877,boucle,0.9911111111111112,2594,0.7022222222222222,,6283,0,0,0,0,21.9
reconstruit,0.7,1013,False,220,5488,corps,0.9911111111111112,2199,0.7022222222222222,,3289,0,0,0,0,12.23
reconstruit,0.7,1014,False,206,5478,corps,0.9288888888888889,2695,0.7022222222222222,,2783,0,0,0,0,11.14
reconstruit,0.7,1015,False,220,8770,boucle,0.9911111111111112,2700,0.7022222222222222,,6070,0,0,0,0,20.02
reconstruit,0.7,1016,False,218,8521,boucle,0.9822222222222222,2688,0.7022222222222222,,5833,0,0,0,0,18.88
reconstruit,0.7,1017,False,218,6065,corps,0.9822222222222222,2557,0.7022222222222222,,3508,0,0,0,0,10.19
reconstruit,0.7,1018,False,217,8606,boucle,0.9777777777777777,2564,0.7022222222222222,,6042,0,0,0,0,17.97
reconstruit,0.7,1019,False,221,6098,corps,0.9955555555555555,2815,0.7022222222222222,,3283,0,0,0,0,9.91
reconstruit,0.7,1020,False,220,8912,boucle,0.9911111111111112,2433,0.7022222222222222,,6479,0,0,0,0,19.74
reconstruit,0.7,1021,False,220,5940,corps,0.9911111111111112,2753,0.7022222222222222,,3187,0,0,0,0,9.26
reconstruit,0.7,1022,False,215,5720,corps,0.9688888888888889,2609,0.7022222222222222,,3111,0,0,0,0,8.64
reconstruit,0.7,1023,False,210,5014,corps,0.9466666666666667,2830,0.7022222222222222,,2184,0,0,0,0,6.3
reconstruit,0.7,1024,False,196,4156,corps,0.8844444444444445,2621,0.7022222222222222,,1535,0,0,0,0,4.41
reconstruit,0.7,1025,False,219,8621,boucle,0.9866666666666667,2523,0.7022222222222222,,6098,0,0,0,0,17.77
reconstruit,0.7,1026,False,217,9363,boucle,0.9777777777777777,2518,0.7022222222222222,,6845,0,0,0,0,21.26
reconstruit,0.7,1027,False,219,8288,boucle,0.9866666666666667,2297,0.7022222222222222,,5991,0,0,0,0,17.33
reconstruit,0.7,1028,False,211,5132,corps,0.9511111111111111,2365,0.7022222222222222,,2767,0,0,0,0,8.45
reconstruit,0.7,1029,False,219,9634,boucle,0.9866666666666667,2636,0.7022222222222222,,6998,0,0,0,0,21.0
reconstruit,0.8,1000,False,205,5915,corps,0.9244444444444444,3918,0.8,,1997,0,0,0,0,6.32
reconstruit,0.8,1001,False,217,6060,corps,0.9777777777777777,3134,0.8,,2926,0,0,0,0,9.13
reconstruit,0.8,1002,False,199,4489,corps,0.8977777777777778,3468,0.8,,1021,0,0,0,0,3.47
reconstruit,0.8,1003,False,221,5401,corps,0.9955555555555555,3224,0.8,,2177,0,0,0,0,6.73
reconstruit,0.8,1004,False,219,7892,boucle,0.9866666666666667,2993,0.8,,4899,0,0,0,0,14.94
reconstruit,0.8,1005,False,222,6092,corps,1.0,3865,0.8,,2227,0,0,0,0,6.83
reconstruit,0.8,1006,False,205,5434,corps,0.9244444444444444,3986,0.8,,1448,0,0,0,0,4.68
reconstruit,0.8,1007,False,213,6336,corps,0.96,3907,0.8,,2429,0,0,0,0,7.65
reconstruit,0.8,1008,False,185,3648,corps,0.8355555555555556,3362,0.8,,286,0,0,0,0,1.38
reconstruit,0.8,1009,False,215,9131,boucle,0.9688888888888889,3840,0.8,,5291,0,0,0,0,15.16
reconstruit,0.8,1010,False,218,8784,boucle,0.9822222222222222,3894,0.8,,4890,0,0,0,0,15.28
reconstruit,0.8,1011,False,221,8037,boucle,0.9955555555555555,2995,0.8,,5042,0,0,0,0,15.75
reconstruit,0.8,1012,False,220,8877,boucle,0.9911111111111112,3505,0.8,,5372,0,0,0,0,16.55
reconstruit,0.8,1013,False,220,5488,corps,0.9911111111111112,3060,0.8,,2428,0,0,0,0,7.47
reconstruit,0.8,1014,False,206,5478,corps,0.9288888888888889,3716,0.8,,1762,0,0,0,0,5.58
reconstruit,0.8,1015,False,220,8770,boucle,0.9911111111111112,3794,0.8,,4976,0,0,0,0,14.75
reconstruit,0.8,1016,False,218,8521,boucle,0.9822222222222222,3693,0.8,,4828,0,0,0,0,14.41
reconstruit,0.8,1017,False,218,6065,corps,0.9822222222222222,3777,0.8,,2288,0,0,0,0,7.08
reconstruit,0.8,1018,False,217,8606,boucle,0.9777777777777777,3438,0.8,,5168,0,0,0,0,15.75
reconstruit,0.8,1019,False,221,6098,corps,0.9955555555555555,3632,0.8,,2466,0,0,0,0,7.69
reconstruit,0.8,1020,False,220,8912,boucle,0.9911111111111112,3354,0.8,,5558,0,0,0,0,17.44
reconstruit,0.8,1021,False,220,5940,corps,0.9911111111111112,3479,0.8,,2461,0,0,0,0,7.69
reconstruit,0.8,1022,False,215,5720,corps,0.9688888888888889,3973,0.8,,1747,0,0,0,0,5.39
reconstruit,0.8,1023,False,210,5014,corps,0.9466666666666667,3370,0.8,,1644,0,0,0,0,5.03
reconstruit,0.8,1024,False,196,4156,corps,0.8844444444444445,3452,0.8,,704,0,0,0,0,2.4
reconstruit,0.8,1025,False,219,8621,boucle,0.9866666666666667,3592,0.8,,5029,0,0,0,0,14.19
reconstruit,0.8,1026,False,217,9363,boucle,0.9777777777777777,3391,0.8,,5972,0,0,0,0,15.85
reconstruit,0.8,1027,False,219,8288,boucle,0.9866666666666667,3167,0.8,,5121,0,0,0,0,13.66
reconstruit,0.8,1028,False,211,5132,corps,0.9511111111111111,3305,0.8,,1827,0,0,0,0,5.83
reconstruit,0.8,1029,False,219,9634,boucle,0.9866666666666667,3890,0.8,,5744,0,0,0,0,14.81
reconstruit,2.0,1000,False,205,5915,corps,0.9244444444444444,,,,0,0,0,0,0,1.16
reconstruit,2.0,1001,False,217,6060,corps,0.9777777777777777,,,,0,0,0,0,0,1.15
reconstruit,2.0,1002,False,199,4489,corps,0.8977777777777778,,,,0,0,0,0,0,0.79
reconstruit,2.0,1003,False,221,5401,corps,0.9955555555555555,,,,0,0,0,0,0,1.0
reconstruit,2.0,1004,False,219,7892,boucle,0.9866666666666667,,,,0,0,0,0,0,1.54
reconstruit,2.0,1005,False,222,6092,corps,1.0,,,,0,0,0,0,0,1.12
reconstruit,2.0,1006,False,205,5434,corps,0.9244444444444444,,,,0,0,0,0,0,0.95
reconstruit,2.0,1007,False,213,6336,corps,0.96,,,,0,0,0,0,0,1.24
reconstruit,2.0,1008,False,185,3648,corps,0.8355555555555556,,,,0,0,0,0,0,0.65
reconstruit,2.0,1009,False,215,9131,boucle,0.9688888888888889,,,,0,0,0,0,0,1.78
reconstruit,2.0,1010,False,218,8784,boucle,0.9822222222222222,,,,0,0,0,0,0,1.71
reconstruit,2.0,1011,False,221,8037,boucle,0.9955555555555555,,,,0,0,0,0,0,1.5
reconstruit,2.0,1012,False,220,8877,boucle,0.9911111111111112,,,,0,0,0,0,0,1.68
reconstruit,2.0,1013,False,220,5488,corps,0.9911111111111112,,,,0,0,0,0,0,1.06
reconstruit,2.0,1014,False,206,5478,corps,0.9288888888888889,,,,0,0,0,0,0,1.01
reconstruit,2.0,1015,False,220,8770,boucle,0.9911111111111112,,,,0,0,0,0,0,1.64
reconstruit,2.0,1016,False,218,8521,boucle,0.9822222222222222,,,,0,0,0,0,0,1.6
reconstruit,2.0,1017,False,218,6065,corps,0.9822222222222222,,,,0,0,0,0,0,1.16
reconstruit,2.0,1018,False,217,8606,boucle,0.9777777777777777,,,,0,0,0,0,0,1.7
reconstruit,2.0,1019,False,221,6098,corps,0.9955555555555555,,,,0,0,0,0,0,1.11
reconstruit,2.0,1020,False,220,8912,boucle,0.9911111111111112,,,,0,0,0,0,0,1.78
reconstruit,2.0,1021,False,220,5940,corps,0.9911111111111112,,,,0,0,0,0,0,1.11
reconstruit,2.0,1022,False,215,5720,corps,0.9688888888888889,,,,0,0,0,0,0,1.08
reconstruit,2.0,1023,False,210,5014,corps,0.9466666666666667,,,,0,0,0,0,0,0.91
reconstruit,2.0,1024,False,196,4156,corps,0.8844444444444445,,,,0,0,0,0,0,0.77
reconstruit,2.0,1025,False,219,8621,boucle,0.9866666666666667,,,,0,0,0,0,0,1.58
reconstruit,2.0,1026,False,217,9363,boucle,0.9777777777777777,,,,0,0,0,0,0,1.71
reconstruit,2.0,1027,False,219,8288,boucle,0.9866666666666667,,,,0,0,0,0,0,1.44
reconstruit,2.0,1028,False,211,5132,corps,0.9511111111111111,,,,0,0,0,0,0,0.88
reconstruit,2.0,1029,False,219,9634,boucle,0.9866666666666667,,,,0,0,0,0,0,1.68
