cycle,threshold,seed,victory,score,steps,cause,fill,switch_step,switch_fill,switch_by,secours,ordered_step,transition_steps,shortcuts,rebuilds,rebuild_kept,rebuild_fails,seconds
temporel,0.3,1000,True,223,5781,victoire,1.0,577,0.3022222222222222,seuil,3,577,0,0,105,44,11,4.68
temporel,0.3,1001,True,223,7021,victoire,1.0,542,0.3022222222222222,seuil,1,542,0,0,93,57,9,4.57
temporel,0.3,1002,False,195,5626,corps,0.88,556,0.3022222222222222,seuil,13,556,0,0,92,34,6,3.86
temporel,0.3,1003,True,223,5965,victoire,1.0,595,0.3022222222222222,seuil,1,595,0,0,111,42,6,3.92
temporel,0.3,1004,True,223,6604,victoire,1.0,537,0.3022222222222222,seuil,7,537,0,0,97,49,17,6.07
temporel,0.3,1005,True,223,6554,victoire,1.0,594,0.3022222222222222,seuil,3,594,0,0,108,46,7,4.33
temporel,0.3,1006,False,215,5940,corps,0.9688888888888889,533,0.3022222222222222,seuil,7,533,0,0,98,43,12,4.65
temporel,0.3,1007,True,223,5992,victoire,1.0,626,0.3022222222222222,seuil,1,626,0,0,102,43,14,4.81
temporel,0.3,1008,True,223,5284,victoire,1.0,506,0.3022222222222222,seuil,13,506,0,0,110,40,12,4.23
temporel,0.3,1009,False,221,6241,corps,0.9955555555555555,498,0.3022222222222222,seuil,4,498,0,0,109,35,14,4.49
temporel,0.3,1010,True,223,6360,victoire,1.0,561,0.3022222222222222,seuil,1,561,0,0,96,59,4,4.45
temporel,0.3,1011,True,223,6382,victoire,1.0,521,0.3022222222222222,seuil,104,521,0,0,111,42,7,4.24
temporel,0.3,1012,False,211,6355,corps,0.9511111111111111,624,0.3022222222222222,seuil,6,624,0,0,101,38,8,4.31
temporel,0.3,1013,False,216,6700,corps,0.9733333333333334,538,0.3022222222222222,seuil,5,538,0,0,87,55,10,4.47
temporel,0.3,1014,True,223,6568,victoire,1.0,529,0.3022222222222222,seuil,3,529,0,0,105,46,9,5.38
temporel,0.3,1015,True,223,5578,victoire,1.0,557,0.3022222222222222,seuil,1,557,0,0,101,48,10,4.44
temporel,0.3,1016,True,223,6173,victoire,1.0,514,0.3022222222222222,seuil,3,514,0,0,100,48,13,5.51
temporel,0.3,1017,False,221,6306,corps,0.9955555555555555,571,0.3022222222222222,seuil,2,571,0,0,96,46,15,5.36
temporel,0.3,1018,False,177,4733,corps,0.8,600,0.3022222222222222,seuil,13,600,0,0,76,32,6,3.41
temporel,0.3,1019,False,202,5922,corps,0.9111111111111111,591,0.3022222222222222,seuil,14,591,0,0,90,40,9,5.37
temporel,0.3,1020,True,223,5948,victoire,1.0,562,0.3022222222222222,seuil,14,562,0,0,106,41,15,5.69
temporel,0.3,1021,False,219,5844,corps,0.9866666666666667,523,0.3022222222222222,seuil,4,523,0,0,113,36,7,4.46
temporel,0.3,1022,False,217,6393,corps,0.9777777777777777,546,0.3022222222222222,seuil,74,546,0,0,102,44,8,5.49
temporel,0.3,1023,True,223,6583,victoire,1.0,652,0.3022222222222222,seuil,2,652,0,0,97,50,13,5.71
temporel,0.3,1024,True,223,6002,victoire,1.0,588,0.3022222222222222,seuil,6,588,0,0,94,53,15,6.07
temporel,0.3,1025,True,223,6856,victoire,1.0,611,0.3022222222222222,seuil,21,611,0,0,88,55,17,5.85
temporel,0.3,1026,False,197,6092,corps,0.8888888888888888,630,0.3022222222222222,seuil,13,630,0,0,80,43,11,5.51
temporel,0.3,1027,True,223,6635,victoire,1.0,561,0.3022222222222222,seuil,24,561,0,0,106,47,10,5.17
temporel,0.3,1028,True,223,6185,victoire,1.0,612,0.3022222222222222,seuil,1,612,0,0,81,65,13,5.59
temporel,0.3,1029,False,219,7420,corps,0.9866666666666667,593,0.3022222222222222,seuil,5,593,0,0,97,46,14,5.73
temporel,0.4,1000,True,223,6143,victoire,1.0,860,0.4,seuil,16,860,0,0,92,35,16,5.61
temporel,0.4,1001,True,223,6404,victoire,1.0,795,0.4,seuil,2,795,0,0,97,34,7,4.44
temporel,0.4,1002,True,223,6461,victoire,1.0,873,0.4,seuil,3,873,0,0,84,45,10,5.57
temporel,0.4,1003,True,223,6628,victoire,1.0,829,0.4,seuil,1,829,0,0,83,44,10,4.48
temporel,0.4,1004,True,223,6171,victoire,1.0,881,0.4,seuil,1,881,0,0,91,33,13,4.97
temporel,0.4,1005,True,223,6043,victoire,1.0,857,0.4,seuil,60,857,0,0,82,45,12,4.48
temporel,0.4,1006,True,223,5812,victoire,1.0,784,0.4,seuil,8,784,0,0,90,40,8,4.13
temporel,0.4,1007,True,223,6255,victoire,1.0,822,0.4,seuil,5,822,0,0,88,38,13,5.45
temporel,0.4,1008,True,223,5892,victoire,1.0,761,0.4,seuil,227,761,0,0,92,34,14,5.07
temporel,0.4,1009,True,223,5875,victoire,1.0,873,0.4,seuil,2,873,0,0,89,39,10,4.05
temporel,0.4,1010,False,207,5027,corps,0.9333333333333333,842,0.4,seuil,3,842,0,0,77,37,8,3.78
temporel,0.4,1011,False,221,5639,corps,0.9955555555555555,753,0.4,seuil,6,753,0,0,80,47,10,4.75
temporel,0.4,1012,True,223,6377,victoire,1.0,1000,0.4,seuil,3,1000,0,0,78,48,13,5.18
temporel,0.4,1013,True,223,6314,victoire,1.0,794,0.40444444444444444,seuil,13,794,0,0,97,29,12,4.41
temporel,0.4,1014,True,223,6126,victoire,1.0,899,0.4,seuil,3,899,0,0,86,42,9,4.64
temporel,0.4,1015,False,221,6015,corps,0.9955555555555555,847,0.4,seuil,226,847,0,0,88,38,9,12.64
temporel,0.4,1016,True,223,5874,victoire,1.0,833,0.4,seuil,2,833,0,0,87,39,12,4.84
temporel,0.4,1017,True,223,6107,victoire,1.0,781,0.4,seuil,109,781,0,0,91,36,14,5.41
temporel,0.4,1018,True,223,5682,victoire,1.0,953,0.4,seuil,11,953,0,0,95,32,14,5.74
temporel,0.4,1019,True,223,6195,victoire,1.0,936,0.4,seuil,12,936,0,0,78,52,8,4.95
temporel,0.4,1020,True,223,5733,victoire,1.0,917,0.4,seuil,6,917,0,0,93,35,12,4.87
temporel,0.4,1021,False,221,4751,corps,0.9955555555555555,805,0.4,seuil,2,805,0,0,93,37,5,3.37
temporel,0.4,1022,True,223,5388,victoire,1.0,881,0.4,seuil,2,881,0,0,86,39,13,4.86
temporel,0.4,1023,True,223,6634,victoire,1.0,990,0.4,seuil,4,990,0,0,90,42,7,5.26
temporel,0.4,1024,True,223,5441,victoire,1.0,880,0.4,seuil,2,880,0,0,93,36,9,4.71
temporel,0.4,1025,True,223,6793,victoire,1.0,815,0.4,seuil,1,815,0,0,93,32,12,4.56
temporel,0.4,1026,True,223,6408,victoire,1.0,860,0.4,seuil,2,860,0,0,83,45,10,5.44
temporel,0.4,1027,True,223,6435,victoire,1.0,804,0.4,seuil,7,804,0,0,84,38,17,6.39
temporel,0.4,1028,False,144,2690,corps,0.6533333333333333,856,0.4,seuil,20,856,0,0,46,11,1,3.24
temporel,0.4,1029,True,223,6288,victoire,1.0,894,0.4,seuil,2,894,0,0,90,40,8,4.88
temporel,0.5,1000,True,223,6583,victoire,1.0,1159,0.5022222222222222,seuil,1,1159,0,0,69,38,7,4.32
temporel,0.5,1001,True,223,5768,victoire,1.0,1191,0.5022222222222222,seuil,3,1191,0,0,72,32,12,4.97
temporel,0.5,1002,True,223,5523,victoire,1.0,1264,0.5022222222222222,seuil,3,1264,0,0,72,33,10,4.54
temporel,0.5,1003,True,223,5410,victoire,1.0,1260,0.5022222222222222,seuil,1,1260,0,0,85,25,4,4.02
temporel,0.5,1004,True,223,5978,victoire,1.0,1241,0.5022222222222222,seuil,174,1241,0,0,76,32,10,5.4
temporel,0.5,1005,True,223,6124,victoire,1.0,1300,0.5022222222222222,seuil,10,1300,0,0,79,30,5,3.83
temporel,0.5,1006,True,223,5340,victoire,1.0,1405,0.5022222222222222,seuil,5,1405,0,0,73,33,10,5.15
temporel,0.5,1007,True,223,5674,victoire,1.0,1168,0.5066666666666667,seuil,5,1168,0,0,68,28,19,5.98
temporel,0.5,1008,True,223,5146,victoire,1.0,1164,0.5022222222222222,seuil,167,1164,0,0,67,32,17,11.58
temporel,0.5,1009,False,221,5547,corps,0.9955555555555555,1412,0.5022222222222222,seuil,12,1412,0,0,71,28,16,6.36
temporel,0.5,1010,True,223,5616,victoire,1.0,1370,0.5022222222222222,seuil,1,1370,0,0,73,34,7,4.72
temporel,0.5,1011,False,220,5246,corps,0.9911111111111112,1171,0.5022222222222222,seuil,3,1171,0,0,64,35,12,4.95
temporel,0.5,1012,True,223,6362,victoire,1.0,1416,0.5022222222222222,seuil,1,1416,0,0,69,35,10,4.71
temporel,0.5,1013,False,221,5134,corps,0.9955555555555555,1099,0.5022222222222222,seuil,6,1099,0,0,57,42,13,3.88
temporel,0.5,1014,False,179,3573,corps,0.8088888888888889,1383,0.5022222222222222,seuil,10,1383,0,0,49,17,4,2.93
temporel,0.5,1015,True,223,5482,victoire,1.0,1329,0.5022222222222222,seuil,2,1329,0,0,72,36,7,4.44
temporel,0.5,1016,False,208,4772,corps,0.9377777777777778,1251,0.5022222222222222,seuil,6,1251,0,0,65,25,9,3.83
temporel,0.5,1017,True,223,5267,victoire,1.0,1125,0.5022222222222222,seuil,6,1125,0,0,66,39,12,4.48
temporel,0.5,1018,False,160,3611,corps,0.7244444444444444,1470,0.5022222222222222,seuil,31,1470,0,0,28,19,4,5.8
temporel,0.5,1019,True,223,6009,victoire,1.0,1318,0.5022222222222222,seuil,48,1318,0,0,66,35,17,6.37
temporel,0.5,1020,True,223,4865,victoire,1.0,1230,0.5022222222222222,seuil,13,1230,0,0,66,39,12,4.91
temporel,0.5,1021,False,219,4961,corps,0.9866666666666667,1183,0.5022222222222222,seuil,34,1183,0,0,62,35,15,4.29
temporel,0.5,1022,True,223,5145,victoire,1.0,1146,0.5022222222222222,seuil,6,1146,0,0,73,36,8,4.31
temporel,0.5,1023,True,223,5536,victoire,1.0,1264,0.5022222222222222,seuil,4,1264,0,0,78,33,3,4.09
temporel,0.5,1024,True,223,5383,victoire,1.0,1235,0.5022222222222222,seuil,1,1235,0,0,68,38,8,4.46
temporel,0.5,1025,False,218,5250,corps,0.9822222222222222,1219,0.5022222222222222,seuil,9,1219,0,0,65,31,16,4.69
temporel,0.5,1026,True,223,6027,victoire,1.0,1272,0.5066666666666667,seuil,167,1272,0,0,72,29,16,5.26
temporel,0.5,1027,True,223,6216,victoire,1.0,1299,0.5022222222222222,seuil,139,1299,0,0,73,31,12,4.58
temporel,0.5,1028,True,223,5455,victoire,1.0,1239,0.5111111111111111,seuil,2,1239,0,0,68,37,8,4.55
temporel,0.5,1029,True,223,5751,victoire,1.0,1284,0.5066666666666667,seuil,4,1284,0,0,67,38,11,5.02
temporel,0.6,1000,True,223,4732,victoire,1.0,1739,0.6,seuil,8,1739,0,0,50,39,8,4.6
temporel,0.6,1001,True,223,5063,victoire,1.0,1679,0.6,seuil,1,1679,0,0,54,28,10,4.24
temporel,0.6,1002,True,223,5216,victoire,1.0,1764,0.6,seuil,2,1764,0,0,54,30,9,4.08
temporel,0.6,1003,True,223,5215,victoire,1.0,1781,0.6044444444444445,seuil,4,1781,0,0,54,31,9,4.48
temporel,0.6,1004,True,223,4783,victoire,1.0,1742,0.6044444444444445,seuil,66,1742,0,0,56,22,14,4.06
temporel,0.6,1005,True,223,5443,victoire,1.0,1909,0.6,seuil,3,1909,0,0,59,30,4,4.09
temporel,0.6,1006,True,223,5757,victoire,1.0,1924,0.6,seuil,2,1924,0,0,63,20,10,3.95
temporel,0.6,1007,True,223,4702,victoire,1.0,1937,0.6,seuil,2,1937,0,0,59,27,7,3.69
temporel,0.6,1008,True,223,5084,victoire,1.0,1885,0.6,seuil,2,1885,0,0,49,30,14,4.09
temporel,0.6,1009,False,221,5426,corps,0.9955555555555555,1998,0.6,seuil,6,1998,0,0,55,26,12,5.09
temporel,0.6,1010,True,223,6040,victoire,1.0,1889,0.6,seuil,1,1889,0,0,45,29,18,4.74
temporel,0.6,1011,True,223,5391,victoire,1.0,1596,0.6,seuil,3,1596,0,0,59,27,7,3.72
temporel,0.6,1012,True,223,4992,victoire,1.0,2006,0.6,seuil,100,2006,0,0,56,33,5,3.68
temporel,0.6,1013,True,223,5757,victoire,1.0,1483,0.6,seuil,3,1483,0,0,58,26,10,4.16
temporel,0.6,1014,True,223,5616,victoire,1.0,2026,0.6,seuil,4,2026,0,0,50,31,13,4.13
temporel,0.6,1015,True,223,5457,victoire,1.0,1871,0.6,seuil,1,1871,0,0,62,20,10,3.74
temporel,0.6,1016,True,223,5336,victoire,1.0,1693,0.6,seuil,3,1693,0,0,48,33,13,4.8
temporel,0.6,1017,False,221,4806,corps,0.9955555555555555,1714,0.6,seuil,14,1714,0,0,60,24,9,3.48
temporel,0.6,1018,True,223,5467,victoire,1.0,1869,0.6,seuil,79,1869,0,0,50,31,12,3.91
temporel,0.6,1019,True,223,5562,victoire,1.0,1831,0.6044444444444445,seuil,10,1831,0,0,61,22,10,4.41
temporel,0.6,1020,True,223,5467,victoire,1.0,1636,0.6,seuil,2,1636,0,0,57,29,7,3.27
temporel,0.6,1021,False,219,4700,corps,0.9866666666666667,1780,0.6,seuil,4,1780,0,0,54,24,11,4.05
temporel,0.6,1022,True,223,5695,victoire,1.0,1754,0.6,seuil,2,1754,0,0,51,31,11,4.63
temporel,0.6,1023,False,221,5338,corps,0.9955555555555555,2003,0.6,seuil,8,2003,0,0,58,17,18,5.69
temporel,0.6,1024,True,223,5038,victoire,1.0,1785,0.6,seuil,24,1785,0,0,52,36,5,3.65
temporel,0.6,1025,True,223,4475,victoire,1.0,1585,0.6,seuil,2,1585,0,0,57,31,5,3.68
temporel,0.6,1026,True,223,4535,victoire,1.0,1752,0.6,seuil,248,1752,0,0,61,20,16,4.84
temporel,0.6,1027,False,214,4363,corps,0.9644444444444444,1655,0.6044444444444445,seuil,9,1655,0,0,49,26,8,3.7
temporel,0.6,1028,True,223,5013,victoire,1.0,1662,0.6044444444444445,seuil,12,1662,0,0,55,25,13,5.26
temporel,0.6,1029,True,223,4797,victoire,1.0,1856,0.6,seuil,1,1856,0,0,52,37,3,3.25
temporel,0.7,1000,True,223,5411,victoire,1.0,2567,0.7022222222222222,seuil,24,2567,0,0,39,25,9,4.87
temporel,0.7,1001,True,223,4576,victoire,1.0,2295,0.7066666666666667,seuil,22,2295,0,0,45,17,7,5.12
temporel,0.7,1002,True,223,5108,victoire,1.0,2551,0.7022222222222222,seuil,1,2551,0,0,39,23,7,3.13
temporel,0.7,1003,True,223,5433,victoire,1.0,2457,0.7022222222222222,seuil,6,2457,0,0,33,23,14,4.67
temporel,0.7,1004,True,223,4364,victoire,1.0,2350,0.7022222222222222,seuil,42,2350,0,0,40,20,12,3.85
temporel,0.7,1005,False,220,7573,boucle,0.9911111111111112,2804,0.7155555555555555,seuil,2254,2804,0,0,37,20,7,5.81
temporel,0.7,1006,True,223,5039,victoire,1.0,2837,0.7066666666666667,seuil,9,2837,0,0,34,21,15,6.18
temporel,0.7,1007,True,223,5501,victoire,1.0,2770,0.7022222222222222,seuil,1,2770,0,0,43,23,3,2.8
temporel,0.7,1008,False,221,5072,corps,0.9955555555555555,2559,0.7022222222222222,seuil,3,2559,0,0,38,19,11,3.21
temporel,0.7,1009,False,220,7614,boucle,0.9911111111111112,2783,0.7022222222222222,seuil,2253,2783,0,0,39,22,6,4.68
temporel,0.7,1010,True,223,5281,victoire,1.0,2861,0.7022222222222222,seuil,1,2861,0,0,39,23,7,3.13
temporel,0.7,1011,True,223,5312,victoire,1.0,2210,0.7022222222222222,seuil,3,2210,0,0,39,23,8,3.25
temporel,0.7,1012,True,223,5728,victoire,1.0,2604,0.7066666666666667,seuil,53,2604,0,0,41,21,7,3.01
temporel,0.7,1013,True,223,4596,victoire,1.0,2269,0.7066666666666667,seuil,6,2269,0,0,44,22,3,2.57
temporel,0.7,1014,True,223,5342,victoire,1.0,2695,0.7022222222222222,seuil,1,2695,0,0,43,20,6,3.03
temporel,0.7,1015,True,223,5106,victoire,1.0,2700,0.7022222222222222,seuil,10,2700,0,0,40,17,14,3.87
temporel,0.7,1016,True,223,5219,victoire,1.0,2708,0.7066666666666667,seuil,2,2708,0,0,39,23,7,3.39
temporel,0.7,1017,True,223,5507,victoire,1.0,2557,0.7022222222222222,seuil,57,2557,0,0,42,20,10,4.95
temporel,0.7,1018,True,223,5187,victoire,1.0,2564,0.7022222222222222,seuil,24,2564,0,0,46,17,9,4.07
temporel,0.7,1019,False,220,5624,corps,0.9911111111111112,2815,0.7022222222222222,seuil,15,2815,0,0,42,18,8,3.86
temporel,0.7,1020,True,223,4929,victoire,1.0,2443,0.7022222222222222,seuil,3,2443,0,0,41,22,7,3.15
temporel,0.7,1021,False,221,4947,corps,0.9955555555555555,2773,0.7155555555555555,seuil,2,2773,0,0,44,16,4,2.27
temporel,0.7,1022,True,223,5454,victoire,1.0,2669,0.7022222222222222,seuil,1,2669,0,0,36,25,8,3.42
temporel,0.7,1023,True,223,5135,victoire,1.0,2840,0.7022222222222222,seuil,48,2840,0,0,36,25,9,3.57
temporel,0.7,1024,True,223,5213,victoire,1.0,2651,0.7111111111111111,seuil,13,2651,0,0,37,25,6,2.97
temporel,0.7,1025,True,223,4842,victoire,1.0,2523,0.7022222222222222,seuil,1,2523,0,0,30,26,13,3.49
temporel,0.7,1026,True,223,5066,victoire,1.0,2518,0.7022222222222222,seuil,32,2518,0,0,48,17,6,2.53
temporel,0.7,1027,True,223,4917,victoire,1.0,2297,0.7022222222222222,seuil,4,2297,0,0,41,23,7,3.89
temporel,0.7,1028,False,221,5180,corps,0.9955555555555555,2385,0.7022222222222222,seuil,9,2385,0,0,37,17,15,3.68
temporel,0.7,1029,True,223,5212,victoire,1.0,2646,0.7022222222222222,seuil,1,2646,0,0,44,20,5,2.62
temporel,0.8,1000,True,223,5379,victoire,1.0,3928,0.8,seuil,82,3928,0,0,31,13,4,2.3
temporel,0.8,1001,True,223,4660,victoire,1.0,3134,0.8,seuil,87,3134,0,0,27,13,9,2.92
temporel,0.8,1002,True,223,5240,victoire,1.0,3468,0.8,seuil,235,3468,0,0,27,16,8,3.08
temporel,0.8,1003,True,223,4554,victoire,1.0,3234,0.8,seuil,1,3234,0,0,21,20,6,2.29
temporel,0.8,1004,True,223,4859,victoire,1.0,2993,0.8,seuil,2,2993,0,0,30,16,2,2.14
temporel,0.8,1005,True,223,5739,victoire,1.0,3945,0.8044444444444444,seuil,1,3945,0,0,24,19,3,2.33
temporel,0.8,1006,True,223,6045,victoire,1.0,3986,0.8,seuil,12,3986,0,0,25,15,8,2.59
temporel,0.8,1007,True,223,5889,victoire,1.0,3907,0.8,seuil,3,3907,0,0,30,15,3,2.38
temporel,0.8,1008,False,221,4942,corps,0.9955555555555555,3392,0.8044444444444444,seuil,2,3392,0,0,26,13,5,2.45
temporel,0.8,1009,True,223,5798,victoire,1.0,3850,0.8044444444444444,seuil,5,3850,0,0,29,12,7,3.41
temporel,0.8,1010,False,219,5895,corps,0.9866666666666667,3924,0.8088888888888889,seuil,5,3924,0,0,28,6,9,3.36
temporel,0.8,1011,True,223,4617,victoire,1.0,3505,0.8533333333333334,seuil,5,3505,0,0,21,11,4,5.63
temporel,0.8,1012,True,223,5015,victoire,1.0,3505,0.8,seuil,68,3505,0,0,31,11,8,2.84
temporel,0.8,1013,True,223,5101,victoire,1.0,3060,0.8,seuil,1,3060,0,0,29,15,3,2.39
temporel,0.8,1014,True,223,5513,victoire,1.0,3766,0.8044444444444444,seuil,5,3766,0,0,20,18,9,3.6
temporel,0.8,1015,True,223,5850,victoire,1.0,3794,0.8,seuil,22,3794,0,0,30,15,3,3.85
temporel,0.8,1016,True,223,5380,victoire,1.0,3713,0.8044444444444444,seuil,2,3713,0,0,19,21,6,2.55
temporel,0.8,1017,False,220,7861,boucle,0.9911111111111112,3777,0.8,seuil,2254,3777,0,0,23,12,10,4.45
temporel,0.8,1018,True,223,5091,victoire,1.0,3438,0.8,seuil,217,3438,0,0,24,15,10,2.98
temporel,0.8,1019,True,223,5562,victoire,1.0,3662,0.8,seuil,1,3662,0,0,23,20,4,2.86
temporel,0.8,1020,True,223,4777,victoire,1.0,3354,0.8,seuil,1,3354,0,0,19,26,2,2.34
temporel,0.8,1021,False,221,5111,corps,0.9955555555555555,3489,0.8088888888888889,seuil,3,3489,0,0,26,11,7,2.7
temporel,0.8,1022,False,221,5850,corps,0.9955555555555555,4013,0.8,seuil,3,4013,0,0,24,15,7,3.62
temporel,0.8,1023,True,223,5577,victoire,1.0,3420,0.8044444444444444,seuil,2,3420,0,0,23,18,6,3.53
temporel,0.8,1024,True,223,5455,victoire,1.0,3502,0.8044444444444444,seuil,1,3502,0,0,26,18,2,2.28
temporel,0.8,1025,True,223,5254,victoire,1.0,3652,0.8133333333333334,seuil,1,3652,0,0,18,22,4,3.15
temporel,0.8,1026,True,223,5393,victoire,1.0,3421,0.8044444444444444,seuil,56,3421,0,0,25,16,6,2.93
temporel,0.8,1027,True,223,5181,victoire,1.0,3267,0.8177777777777778,seuil,2,3267,0,0,24,14,6,2.93
temporel,0.8,1028,True,223,4982,victoire,1.0,3315,0.8,seuil,4,3315,0,0,16,23,10,3.56
temporel,0.8,1029,False,222,5268,corps,1.0,3910,0.8,seuil,17,3910,0,0,23,13,12,3.62
temporel,0.9,1000,True,223,6406,victoire,1.0,5723,0.9022222222222223,seuil,1,5723,0,0,11,11,2,1.69
temporel,0.9,1001,True,223,5639,victoire,1.0,4672,0.9022222222222223,seuil,27,4672,0,0,10,11,4,2.15
temporel,0.9,1002,False,199,4489,corps,0.8977777777777778,,,,0,,0,0,0,0,0,0.76
temporel,0.9,1003,True,223,5161,victoire,1.0,4572,0.9066666666666666,seuil,78,4572,0,0,10,10,4,7.38
temporel,0.9,1004,False,219,7892,boucle,0.9866666666666667,,,,0,,0,0,0,0,0,11.06
temporel,0.9,1005,False,222,6092,corps,1.0,,,,0,,0,0,0,0,0,8.31
temporel,0.9,1006,True,223,5690,victoire,1.0,5009,0.9066666666666666,seuil,2,5009,0,0,6,14,4,2.05
temporel,0.9,1007,False,221,5781,corps,0.9955555555555555,5215,0.9066666666666666,seuil,3,5215,0,0,8,6,7,2.18
temporel,0.9,1008,False,185,3648,corps,0.8355555555555556,,,,0,,0,0,0,0,0,0.63
temporel,0.9,1009,False,215,9131,boucle,0.9688888888888889,,,,0,,0,0,0,0,0,12.48
temporel,0.9,1010,False,221,6112,corps,0.9955555555555555,5252,0.9022222222222223,seuil,2,5252,0,0,9,8,5,2.13
temporel,0.9,1011,False,221,8037,boucle,0.9955555555555555,,,,0,,0,0,0,0,0,13.31
temporel,0.9,1012,True,223,5927,victoire,1.0,4897,0.9022222222222223,seuil,1,4897,0,0,13,10,1,1.42
temporel,0.9,1013,True,223,5096,victoire,1.0,4296,0.9066666666666666,seuil,24,4296,0,0,13,10,1,1.4
temporel,0.9,1014,True,223,5959,victoire,1.0,5073,0.9022222222222223,seuil,2,5073,0,0,12,7,6,2.22
temporel,0.9,1015,True,223,6209,victoire,1.0,4994,0.9066666666666666,seuil,46,4994,0,0,11,11,3,1.89
temporel,0.9,1016,True,223,5594,victoire,1.0,4834,0.9066666666666666,seuil,4,4834,0,0,10,12,2,1.89
temporel,0.9,1017,False,218,6065,corps,0.9822222222222222,,,,0,,0,0,0,0,0,10.94
temporel,0.9,1018,False,217,8606,boucle,0.9777777777777777,,,,0,,0,0,0,0,0,11.92
temporel,0.9,1019,True,223,5948,victoire,1.0,4940,0.9066666666666666,seuil,1,4940,0,0,9,12,2,1.69
temporel,0.9,1020,True,223,6014,victoire,1.0,5395,0.9111111111111111,seuil,148,5395,0,0,12,9,2,1.77
temporel,0.9,1021,False,221,5503,corps,0.9955555555555555,4734,0.9066666666666666,seuil,11,4734,0,0,15,2,5,2.14
temporel,0.9,1022,True,223,5852,victoire,1.0,4986,0.9066666666666666,seuil,9,4986,0,0,14,8,2,1.8
temporel,0.9,1023,False,210,5014,corps,0.9466666666666667,,,,0,,0,0,0,0,0,7.02
temporel,0.9,1024,False,196,4156,corps,0.8844444444444445,,,,0,,0,0,0,0,0,0.76
temporel,0.9,1025,False,219,5491,corps,0.9866666666666667,4785,0.9022222222222223,seuil,50,4785,0,0,10,6,6,7.13
temporel,0.9,1026,True,223,6306,victoire,1.0,5014,0.9066666666666666,seuil,4,5014,0,0,13,8,3,1.65
temporel,0.9,1027,False,219,8288,boucle,0.9866666666666667,,,,0,,0,0,0,0,0,9.76
temporel,0.9,1028,True,223,5273,victoire,1.0,4588,0.9066666666666666,seuil,36,4588,0,0,13,9,2,1.43
temporel,0.9,1029,False,219,9634,boucle,0.9866666666666667,,,,0,,0,0,0,0,0,8.96
