partie,score,record,moyenne,pas,pas_par_pomme,score_par_sec_jeu,secondes
1,0,0,0.0,69,nan,0.0,0.15
2,0,0,0.0,28,nan,0.0,0.23
3,0,0,0.0,14,nan,0.0,0.3
4,0,0,0.0,44,nan,0.0,0.43
5,0,0,0.0,28,nan,0.0,0.54
6,0,0,0.0,28,nan,0.0,0.66
7,0,0,0.0,24,nan,0.0,0.79
8,1,1,0.125,58,58.0,0.0862,0.99
9,0,1,0.111,9,nan,0.0,1.12
10,0,1,0.1,43,nan,0.0,1.32
11,1,1,0.182,29,29.0,0.1724,1.5
12,1,1,0.25,22,22.0,0.2273,1.69
13,0,1,0.231,23,nan,0.0,1.88
14,0,1,0.214,19,nan,0.0,2.07
15,0,1,0.2,19,nan,0.0,2.27
16,2,2,0.312,128,64.0,0.0781,2.7
17,0,2,0.294,33,nan,0.0,2.98
18,1,2,0.333,25,25.0,0.2,3.26
19,0,2,0.316,15,nan,0.0,3.53
20,0,2,0.3,71,nan,0.0,3.92
21,0,2,0.286,14,nan,0.0,4.21
22,1,2,0.318,99,99.0,0.0505,4.69
23,0,2,0.304,67,nan,0.0,5.14
24,0,2,0.292,34,nan,0.0,5.47
25,2,2,0.36,141,70.5,0.0709,6.07
26,0,2,0.346,11,nan,0.0,6.46
27,0,2,0.333,27,nan,0.0,6.88
28,0,2,0.321,20,nan,0.0,7.29
29,0,2,0.31,33,nan,0.0,7.72
30,0,2,0.3,28,nan,0.0,8.15
31,0,2,0.29,61,nan,0.0,8.53
32,1,2,0.312,28,28.0,0.1786,8.77
33,0,2,0.303,82,nan,0.0,9.09
34,1,2,0.324,15,15.0,0.3333,9.32
35,2,2,0.371,72,36.0,0.1389,9.66
36,2,2,0.417,86,43.0,0.1163,9.97
37,1,2,0.432,90,90.0,0.0556,10.28
38,3,3,0.5,83,27.67,0.1807,10.59
39,3,3,0.564,73,24.33,0.2055,10.89
40,1,3,0.575,27,27.0,0.1852,11.13
41,0,3,0.561,19,nan,0.0,11.36
42,2,3,0.595,60,30.0,0.1667,11.64
43,1,3,0.605,145,145.0,0.0345,12.01
44,2,3,0.636,43,21.5,0.2326,12.28
45,0,3,0.622,23,nan,0.0,12.52
46,3,3,0.674,69,23.0,0.2174,12.82
47,0,3,0.66,13,nan,0.0,13.04
48,0,3,0.646,47,nan,0.0,13.3
49,0,3,0.633,19,nan,0.0,13.53
50,2,3,0.66,27,13.5,0.3704,13.96
51,2,3,0.686,23,11.5,0.4348,14.39
52,1,3,0.692,37,37.0,0.1351,14.83
53,5,5,0.774,165,33.0,0.1515,15.6
54,1,5,0.778,31,31.0,0.1613,15.96
55,0,5,0.764,16,nan,0.0,16.36
56,2,5,0.786,66,33.0,0.1515,16.85
57,0,5,0.772,11,nan,0.0,17.25
58,1,5,0.776,13,13.0,0.3846,17.63
59,1,5,0.78,31,31.0,0.1613,18.06
60,5,5,0.85,152,30.4,0.1645,18.7
61,1,5,0.852,144,144.0,0.0347,19.33
62,0,5,0.839,13,nan,0.0,19.73
63,2,5,0.857,56,28.0,0.1786,20.21
64,3,5,0.891,108,36.0,0.1389,20.77
65,4,5,0.938,125,31.25,0.16,21.36
66,6,6,1.015,167,27.83,0.1796,22.02
67,2,6,1.03,65,32.5,0.1538,22.51
68,0,6,1.015,30,nan,0.0,22.94
69,2,6,1.029,69,34.5,0.1449,23.45
70,10,10,1.157,191,19.1,0.2618,24.16
71,2,10,1.169,59,29.5,0.1695,24.66
72,11,11,1.306,290,26.36,0.1897,25.61
73,9,11,1.411,136,15.11,0.3309,26.29
74,20,20,1.662,309,15.45,0.3236,27.2
75,6,20,1.72,106,17.67,0.283,27.76
76,10,20,1.829,208,20.8,0.2404,28.48
77,7,20,1.896,194,27.71,0.1804,29.21
78,10,20,2.0,195,19.5,0.2564,29.7
79,23,23,2.266,377,16.39,0.305,30.35
80,31,31,2.625,1117,36.03,0.1388,31.86
81,19,31,2.827,212,11.16,0.4481,32.34
82,19,31,3.024,202,10.63,0.4703,32.79
83,14,31,3.157,162,11.57,0.4321,33.2
84,15,31,3.298,159,10.6,0.4717,33.6
85,39,39,3.718,576,14.77,0.3385,34.5
86,14,39,3.837,137,9.79,0.5109,34.88
87,23,39,4.057,285,12.39,0.4035,35.44
88,22,39,4.261,420,19.09,0.2619,36.4
89,18,39,4.416,238,13.22,0.3782,36.94
90,17,39,4.556,199,11.71,0.4271,37.49
91,36,39,4.901,505,14.03,0.3564,38.99
92,13,39,4.989,127,9.77,0.5118,39.74
93,23,39,5.183,243,10.57,0.4733,40.66
94,31,39,5.457,302,9.74,0.5132,41.75
95,40,40,5.821,536,13.4,0.3731,43.23
96,26,40,6.031,255,9.81,0.5098,44.16
97,11,40,6.082,115,10.45,0.4783,44.83
98,20,40,6.224,223,11.15,0.4484,45.73
99,39,40,6.556,506,12.97,0.3854,47.22
100,26,40,6.75,269,10.35,0.4833,48.24
101,26,40,6.941,309,11.88,0.4207,49.51
102,20,40,7.069,248,12.4,0.4032,50.54
103,27,40,7.262,347,12.85,0.389,51.66
104,36,40,7.538,430,11.94,0.4186,52.95
105,34,40,7.79,483,14.21,0.352,54.37
106,29,40,7.991,324,11.17,0.4475,55.47
107,29,40,8.187,337,11.62,0.4303,56.63
108,13,40,8.231,130,10.0,0.5,57.34
109,19,40,8.33,244,12.84,0.3893,58.27
110,22,40,8.455,263,11.95,0.4183,59.24
111,15,40,8.514,149,9.93,0.5034,59.94
112,19,40,8.607,229,12.05,0.4148,60.7
113,14,40,8.655,202,14.43,0.3465,61.4
114,21,40,8.763,225,10.71,0.4667,62.01
115,28,40,8.93,311,11.11,0.4502,63.05
116,38,40,9.181,457,12.03,0.4158,64.32
117,22,40,9.291,250,11.36,0.44,65.24
118,23,40,9.407,349,15.17,0.3295,66.11
119,38,40,9.647,491,12.92,0.387,67.03
120,12,40,9.667,132,11.0,0.4545,67.47
121,25,40,9.793,275,11.0,0.4545,68.13
122,20,40,9.877,257,12.85,0.3891,68.74
123,22,40,9.976,235,10.68,0.4681,69.28
124,19,40,10.048,211,11.11,0.4502,69.8
125,31,40,10.216,395,12.74,0.3924,70.57
126,16,40,10.262,176,11.0,0.4545,71.13
127,24,40,10.37,252,10.5,0.4762,71.9
128,12,40,10.383,132,11.0,0.4545,72.39
129,14,40,10.411,159,11.36,0.4403,73.1
130,34,40,10.592,351,10.32,0.4843,74.15
131,21,40,10.672,220,10.48,0.4773,74.99
132,37,40,10.871,439,11.86,0.4214,76.21
133,15,40,10.902,193,12.87,0.3886,76.99
134,27,40,11.022,300,11.11,0.45,77.76
135,32,40,11.178,458,14.31,0.3493,79.01
136,12,40,11.184,97,8.08,0.6186,79.54
137,38,40,11.38,507,13.34,0.3748,80.9
138,17,40,11.42,206,12.12,0.4126,81.52
139,22,40,11.496,247,11.23,0.4453,82.15
140,31,40,11.636,408,13.16,0.3799,83.33
141,35,40,11.801,491,14.03,0.3564,84.66
142,34,40,11.958,411,12.09,0.4136,85.84
143,9,40,11.937,67,7.44,0.6716,86.4
144,35,40,12.097,397,11.34,0.4408,87.54
145,24,40,12.179,271,11.29,0.4428,88.48
146,30,40,12.301,425,14.17,0.3529,89.68
147,30,40,12.422,370,12.33,0.4054,90.9
148,24,40,12.5,263,10.96,0.4563,91.86
149,26,40,12.591,287,11.04,0.453,92.88
150,32,40,12.72,423,13.22,0.3783,94.28
151,26,40,12.808,249,9.58,0.5221,95.23
152,30,40,12.921,428,14.27,0.3505,96.54
153,13,40,12.922,146,11.23,0.4452,97.29
154,15,40,12.935,175,11.67,0.4286,98.09
155,39,40,13.103,546,14.0,0.3571,99.81
156,21,40,13.154,254,12.1,0.4134,100.76
157,28,40,13.248,384,13.71,0.3646,101.98
158,20,40,13.291,221,11.05,0.4525,102.85
159,22,40,13.346,260,11.82,0.4231,103.8
160,15,40,13.356,155,10.33,0.4839,104.55
161,16,40,13.373,169,10.56,0.4734,105.33
162,23,40,13.432,308,13.39,0.3734,106.37
163,27,40,13.515,321,11.89,0.4206,107.44
164,10,40,13.494,104,10.4,0.4808,108.07
165,25,40,13.564,383,15.32,0.3264,109.31
166,27,40,13.645,355,13.15,0.3803,110.48
167,38,40,13.79,426,11.21,0.446,111.71
168,17,40,13.81,211,12.41,0.4028,112.55
169,21,40,13.852,224,10.67,0.4688,113.47
170,21,40,13.894,253,12.05,0.415,114.37
171,17,40,13.912,208,12.24,0.4087,115.19
172,29,40,14.0,344,11.86,0.4215,116.26
173,33,40,14.11,404,12.24,0.4084,117.44
174,14,40,14.109,162,11.57,0.4321,118.18
175,14,40,14.109,145,10.36,0.4828,118.89
176,24,40,14.165,309,12.88,0.3883,119.92
177,33,40,14.271,415,12.58,0.3976,121.13
178,27,40,14.343,307,11.37,0.4397,122.15
179,14,40,14.341,140,10.0,0.5,122.97
180,21,40,14.378,246,11.71,0.4268,123.87
181,17,40,14.392,189,11.12,0.4497,124.65
182,26,40,14.456,276,10.62,0.471,125.61
183,12,40,14.443,128,10.67,0.4688,126.29
184,18,40,14.462,157,8.72,0.5732,127.02
185,24,40,14.514,234,9.75,0.5128,127.9
186,31,40,14.602,381,12.29,0.4068,129.05
187,14,40,14.599,121,8.64,0.5785,129.7
188,15,40,14.601,203,13.53,0.3695,130.51
189,21,40,14.635,234,11.14,0.4487,131.37
190,17,40,14.647,158,9.29,0.538,132.1
191,33,40,14.743,372,11.27,0.4435,133.21
192,19,40,14.766,222,11.68,0.4279,134.06
193,25,40,14.819,327,13.08,0.3823,135.1
194,35,40,14.923,352,10.06,0.4972,136.19
195,23,40,14.964,265,11.52,0.434,137.12
196,18,40,14.98,192,10.67,0.4688,137.9
197,15,40,14.98,200,13.33,0.375,138.71
198,22,40,15.015,220,10.0,0.5,139.55
199,29,40,15.085,370,12.76,0.3919,140.66
200,20,40,15.11,239,11.95,0.4184,141.54
201,17,40,15.119,177,10.41,0.4802,142.31
202,39,40,15.238,375,9.62,0.52,143.43
203,23,40,15.276,231,10.04,0.4978,144.3
204,14,40,15.27,152,10.86,0.4605,145.02
205,21,40,15.298,241,11.48,0.4357,145.9
206,32,40,15.379,373,11.66,0.429,147.03
207,13,40,15.367,155,11.92,0.4194,147.75
208,32,40,15.447,356,11.12,0.4494,148.88
209,16,40,15.45,168,10.5,0.4762,149.63
210,19,40,15.467,206,10.84,0.4612,150.44
211,29,40,15.531,350,12.07,0.4143,151.51
212,21,40,15.557,234,11.14,0.4487,152.38
213,32,40,15.634,370,11.56,0.4324,153.49
214,18,40,15.645,195,10.83,0.4615,154.32
215,18,40,15.656,184,10.22,0.4891,155.1
216,13,40,15.644,138,10.62,0.471,155.63
217,35,40,15.733,428,12.23,0.4089,156.57
218,33,40,15.812,385,11.67,0.4286,157.68
219,29,40,15.872,294,10.14,0.4932,158.62
220,28,40,15.927,412,14.71,0.3398,159.79
221,20,40,15.946,258,12.9,0.3876,160.67
222,35,40,16.032,413,11.8,0.4237,161.84
223,27,40,16.081,272,10.07,0.4963,162.74
224,11,40,16.058,122,11.09,0.4508,163.39
225,23,40,16.089,258,11.22,0.4457,164.28
226,20,40,16.106,224,11.2,0.4464,165.1
227,12,40,16.088,113,9.42,0.531,165.71
228,16,40,16.088,156,9.75,0.5128,166.42
229,11,40,16.066,134,12.18,0.4104,167.09
230,26,40,16.109,377,14.5,0.3448,168.2
231,16,40,16.108,163,10.19,0.4908,168.93
232,33,40,16.181,467,14.15,0.3533,170.18
233,11,40,16.159,110,10.0,0.5,170.8
234,21,40,16.179,237,11.29,0.443,171.64
235,10,40,16.153,120,12.0,0.4167,172.33
236,17,40,16.157,215,12.65,0.3953,173.15
237,25,40,16.194,279,11.16,0.448,174.09
238,17,40,16.197,223,13.12,0.3812,174.92
239,34,40,16.272,367,10.79,0.4632,176.0
240,21,40,16.292,263,12.52,0.3992,176.9
241,16,40,16.29,179,11.19,0.4469,177.65
242,27,40,16.335,330,12.22,0.4091,178.67
243,24,40,16.366,253,10.54,0.4743,179.55
244,12,40,16.348,130,10.83,0.4615,180.21
245,34,40,16.42,360,10.59,0.4722,181.28
246,14,40,16.411,168,12.0,0.4167,182.01
247,10,40,16.385,113,11.3,0.4425,182.64
248,20,40,16.399,199,9.95,0.5025,183.43
249,19,40,16.41,183,9.63,0.5191,184.19
250,7,40,16.372,75,10.71,0.4667,184.75
251,20,40,16.386,229,11.45,0.4367,185.57
252,29,40,16.437,447,15.41,0.3244,186.84
253,17,40,16.439,179,10.53,0.4749,187.59
254,26,40,16.476,311,11.96,0.418,188.59
255,32,40,16.537,345,10.78,0.4638,189.65
256,19,40,16.547,206,10.84,0.4612,190.46
257,13,40,16.533,134,10.31,0.4851,191.12
258,32,40,16.593,366,11.44,0.4372,192.21
259,23,40,16.618,280,12.17,0.4107,193.16
260,18,40,16.623,206,11.44,0.4369,193.97
261,6,40,16.582,44,7.33,0.6818,194.48
262,14,40,16.573,102,7.29,0.6863,195.1
263,20,40,16.586,207,10.35,0.4831,195.91
264,23,40,16.61,327,14.22,0.3517,196.94
265,30,40,16.66,378,12.6,0.3968,198.07
266,45,45,16.767,543,12.07,0.4144,199.49
267,8,45,16.734,115,14.38,0.3478,200.13
268,31,45,16.787,395,12.74,0.3924,201.27
269,29,45,16.833,329,11.34,0.4407,202.3
270,12,45,16.815,131,10.92,0.458,202.96
271,17,45,16.815,188,11.06,0.4521,203.74
272,40,45,16.901,463,11.57,0.432,205.01
273,23,45,16.923,300,13.04,0.3833,206.0
274,22,45,16.942,258,11.73,0.4264,206.91
275,39,45,17.022,496,12.72,0.3931,208.25
276,17,45,17.022,197,11.59,0.4315,209.05
277,18,45,17.025,189,10.5,0.4762,209.84
278,24,45,17.05,275,11.46,0.4364,210.78
279,43,45,17.143,587,13.65,0.3663,212.27
280,16,45,17.139,210,13.12,0.381,213.09
281,27,45,17.174,380,14.07,0.3553,214.22
282,26,45,17.206,357,13.73,0.3641,215.37
283,33,45,17.261,473,14.33,0.3488,216.67
284,16,45,17.257,190,11.88,0.4211,217.46
285,28,45,17.295,333,11.89,0.4204,218.51
286,22,45,17.311,237,10.77,0.4641,219.39
287,22,45,17.328,267,12.14,0.412,220.32
288,11,45,17.306,125,11.36,0.44,221.0
289,20,45,17.315,211,10.55,0.4739,221.82
290,26,45,17.345,302,11.62,0.4305,222.81
291,21,45,17.357,226,10.76,0.4646,223.66
292,32,45,17.408,389,12.16,0.4113,224.81
293,26,45,17.437,276,10.62,0.471,225.75
294,31,45,17.483,400,12.9,0.3875,226.92
295,15,45,17.475,194,12.93,0.3866,227.7
296,15,45,17.466,133,8.87,0.5639,228.39
297,8,45,17.434,80,10.0,0.5,228.96
298,21,45,17.446,238,11.33,0.4412,229.83
299,10,45,17.421,131,13.1,0.3817,230.51
300,28,45,17.457,368,13.14,0.3804,231.61
301,27,45,17.488,307,11.37,0.4397,232.61
302,32,45,17.536,383,11.97,0.4178,233.73
303,31,45,17.581,430,13.87,0.3605,234.95
304,22,45,17.595,196,8.91,0.5612,235.74
305,25,45,17.62,313,12.52,0.3994,236.75
306,25,45,17.644,338,13.52,0.3698,237.79
307,21,45,17.655,180,8.57,0.5833,238.56
308,26,45,17.682,305,11.73,0.4262,239.56
309,24,45,17.702,263,10.96,0.4563,240.47
310,40,45,17.774,603,15.07,0.3317,242.0
311,32,45,17.82,369,11.53,0.4336,243.09
312,25,45,17.843,327,13.08,0.3823,244.13
313,7,45,17.808,71,10.14,0.493,244.69
314,29,45,17.844,339,11.69,0.4277,245.61
315,37,45,17.905,384,10.38,0.4818,246.45
316,19,45,17.908,220,11.58,0.4318,247.28
317,13,45,17.893,166,12.77,0.3916,248.01
318,16,45,17.887,179,11.19,0.4469,248.78
319,21,45,17.897,234,11.14,0.4487,249.61
320,37,45,17.956,491,13.27,0.3768,251.06
321,12,45,17.938,106,8.83,0.566,251.69
322,38,45,18.0,483,12.71,0.3934,252.99
323,29,45,18.034,337,11.62,0.4303,254.03
324,32,45,18.077,363,11.34,0.4408,255.12
325,24,45,18.095,305,12.71,0.3934,256.11
326,28,45,18.126,330,11.79,0.4242,257.19
327,22,45,18.138,293,13.32,0.3754,258.16
328,6,45,18.101,67,11.17,0.4478,258.72
329,34,45,18.149,389,11.44,0.437,259.85
330,25,45,18.17,323,12.92,0.387,260.87
331,12,45,18.151,139,11.58,0.4317,261.57
332,24,45,18.169,266,11.08,0.4511,262.48
333,8,45,18.138,83,10.38,0.4819,263.08
334,31,45,18.177,322,10.39,0.4814,264.1
335,26,45,18.2,284,10.92,0.4577,265.06
336,23,45,18.214,268,11.65,0.4291,265.98
337,23,45,18.228,266,11.57,0.4323,266.9
338,28,45,18.257,330,11.79,0.4242,267.93
339,35,45,18.307,450,12.86,0.3889,269.18
340,18,45,18.306,202,11.22,0.4455,269.98
341,12,45,18.287,137,11.42,0.438,270.68
342,26,45,18.31,294,11.31,0.4422,271.65
343,18,45,18.309,195,10.83,0.4615,272.45
344,41,45,18.375,515,12.56,0.3981,273.85
345,24,45,18.391,308,12.83,0.3896,274.92
346,12,45,18.373,142,11.83,0.4225,275.66
347,20,45,18.378,249,12.45,0.4016,276.61
348,12,45,18.359,138,11.5,0.4348,277.29
349,26,45,18.381,334,12.85,0.3892,278.38
350,28,45,18.409,310,11.07,0.4516,279.42
351,23,45,18.422,261,11.35,0.4406,280.36
352,18,45,18.42,189,10.5,0.4762,281.18
353,21,45,18.428,210,10.0,0.5,281.7
354,23,45,18.441,319,13.87,0.3605,282.65
355,22,45,18.451,276,12.55,0.3986,283.64
356,35,45,18.497,439,12.54,0.3986,284.91
357,21,45,18.504,235,11.19,0.4468,285.78
358,19,45,18.506,268,14.11,0.3545,286.7
359,14,45,18.493,173,12.36,0.4046,287.45
360,17,45,18.489,246,14.47,0.3455,288.33
361,18,45,18.488,179,9.94,0.5028,289.1
362,21,45,18.494,218,10.38,0.4817,289.94
363,25,45,18.512,328,13.12,0.3811,291.0
364,17,45,18.508,196,11.53,0.4337,291.79
365,23,45,18.521,255,11.09,0.451,292.68
366,25,45,18.538,295,11.8,0.4237,293.64
367,32,45,18.575,261,8.16,0.613,294.53
368,24,45,18.59,265,11.04,0.4528,295.43
369,30,45,18.621,330,11.0,0.4545,296.44
370,20,45,18.624,257,12.85,0.3891,297.33
371,29,45,18.652,306,10.55,0.4739,298.29
372,45,45,18.723,678,15.07,0.3319,299.93
373,25,45,18.74,243,9.72,0.5144,300.79
374,32,45,18.775,398,12.44,0.402,301.92
375,25,45,18.792,296,11.84,0.4223,302.87
376,25,45,18.809,309,12.36,0.4045,303.87
377,26,45,18.828,284,10.92,0.4577,304.81
378,38,45,18.878,480,12.63,0.3958,305.9
379,12,45,18.86,124,10.33,0.4839,306.3
380,34,45,18.9,421,12.38,0.4038,307.07
381,25,45,18.916,294,11.76,0.4252,307.68
382,21,45,18.921,277,13.19,0.3791,308.26
383,21,45,18.927,239,11.38,0.4393,308.8
384,15,45,18.917,165,11.0,0.4545,309.25
385,17,45,18.912,187,11.0,0.4545,309.73
386,19,45,18.912,213,11.21,0.446,310.23
387,27,45,18.933,301,11.15,0.4485,310.86
388,14,45,18.92,158,11.29,0.443,311.29
389,21,45,18.925,272,12.95,0.386,311.87
390,20,45,18.928,199,9.95,0.5025,312.36
391,23,45,18.939,244,10.61,0.4713,312.9
392,16,45,18.931,188,11.75,0.4255,313.37
393,29,45,18.957,334,11.52,0.4341,314.02
394,26,45,18.975,275,10.58,0.4727,314.61
395,33,45,19.01,380,11.52,0.4342,315.31
396,31,45,19.04,358,11.55,0.433,316.0
397,24,45,19.053,273,11.38,0.4396,316.59
398,15,45,19.043,153,10.2,0.4902,317.02
399,23,45,19.053,237,10.3,0.4852,317.55
400,26,45,19.07,291,11.19,0.4467,318.15
