n_game,score,steps,pas_pomme,fill_pct,victoire,cause,eps,loss
1,2,523,261.50,2.2,0,corps,199.90202449591717,0.1940
2,4,651,162.75,3.1,0,corps,199.8040979673415,0.2522
3,2,499,249.50,2.2,0,corps,199.70622038979133,0.2067
4,2,327,163.50,2.2,0,corps,199.60839173879728,0.3099
5,2,359,179.50,2.2,0,corps,199.51061198990217,0.2755
6,2,284,142.00,2.2,0,corps,199.41288111866112,0.3425
7,2,337,168.50,2.2,0,corps,199.3151991006413,0.2958
8,0,445,445.00,1.3,0,famine_truncated,199.21756591142233,0.0042
9,2,269,134.50,2.2,0,corps,199.11998152659584,0.3610
10,2,604,302.00,2.2,0,corps,199.02244592176575,0.1580
11,2,65,32.50,2.2,0,corps,198.92495907254815,1.4121
12,2,244,122.00,2.2,0,corps,198.82752095457133,0.3993
13,2,268,134.00,2.2,0,corps,198.73013154347575,0.3499
14,2,165,82.50,2.2,0,corps,198.63279081491407,0.5495
15,0,445,445.00,1.3,0,famine_truncated,198.53549874455112,0.0102
16,1,548,548.00,1.8,0,famine_truncated,198.4382553080639,0.0649
17,2,270,135.00,2.2,0,corps,198.34106048114148,0.3316
18,0,445,445.00,1.3,0,famine_truncated,198.2439142394852,0.0076
19,0,445,445.00,1.3,0,famine_truncated,198.14681655880847,0.0013
20,0,445,445.00,1.3,0,famine_truncated,198.04976741483696,0.0008
21,2,137,68.50,2.2,0,corps,197.95276678330828,0.6228
22,2,541,270.50,2.2,0,corps,197.85581463997227,0.1567
23,2,497,248.50,2.2,0,corps,197.75891096059095,0.2033
24,2,133,66.50,2.2,0,corps,197.66205572093838,0.6630
25,1,658,658.00,1.8,0,famine_truncated,197.56524889680077,0.0579
26,0,445,445.00,1.3,0,famine_truncated,197.46849046397637,0.0018
27,2,234,117.00,2.2,0,corps,197.3717803982756,0.3674
28,2,394,197.00,2.2,0,corps,197.27511867552093,0.2176
29,1,563,563.00,1.8,0,famine_truncated,197.17850527154695,0.0659
30,2,327,163.50,2.2,0,corps,197.08194016220028,0.2224
31,2,263,131.50,2.2,0,corps,196.98542332333966,0.3290
32,3,244,81.33,2.7,0,corps,196.8889547308359,0.4690
33,2,438,219.00,2.2,0,corps,196.79253436057178,0.2160
34,1,662,662.00,1.8,0,famine_truncated,196.6961621884423,0.0539
35,1,553,553.00,1.8,0,famine_truncated,196.59983819035435,0.0596
36,0,445,445.00,1.3,0,famine_truncated,196.50356234222696,0.0030
37,1,814,814.00,1.8,0,famine_truncated,196.4073346199911,0.0449
38,2,374,187.00,2.2,0,corps,196.31115499958997,0.2270
39,0,445,445.00,1.3,0,famine_truncated,196.21502345697857,0.0049
40,0,445,445.00,1.3,0,famine_truncated,196.11893996812404,0.0021
41,2,96,48.00,2.2,0,corps,196.0229045090055,0.8381
42,2,226,113.00,2.2,0,corps,195.92691705561407,0.3345
43,0,445,445.00,1.3,0,famine_truncated,195.83097758395294,0.0149
44,2,233,116.50,2.2,0,corps,195.73508607003717,0.3438
45,1,511,511.00,1.8,0,famine_truncated,195.63924248989392,0.0730
46,2,225,112.50,2.2,0,corps,195.5434468195623,0.3269
47,3,449,149.67,2.7,0,corps,195.4476990350934,0.2356
48,1,666,666.00,1.8,0,famine_truncated,195.3519991125502,0.0568
49,2,307,153.50,2.2,0,corps,195.25634702800784,0.2332
50,2,172,86.00,2.2,0,corps,195.1607427575532,0.3934
51,0,445,445.00,1.3,0,famine_truncated,195.06518627728525,0.0146
52,2,501,250.50,2.2,0,corps,194.96967756331486,0.1414
53,0,445,445.00,1.3,0,famine_truncated,194.87421659176488,0.0139
54,1,655,655.00,1.8,0,famine_truncated,194.77880333877,0.0524
55,2,634,317.00,2.2,0,corps,194.683437780477,0.1173
56,2,366,183.00,2.2,0,corps,194.5881198930444,0.1943
57,0,445,445.00,1.3,0,famine_truncated,194.49284965264278,0.0107
58,2,452,226.00,2.2,0,corps,194.39762703545455,0.1697
59,2,481,240.50,2.2,0,corps,194.30245201767406,0.1347
60,2,237,118.50,2.2,0,corps,194.2073245755076,0.2883
61,3,457,152.33,2.7,0,corps,194.11224468517327,0.2226
62,2,745,372.50,2.2,0,corps,194.0172123229011,0.0943
63,2,503,251.50,2.2,0,corps,193.92222746493297,0.1370
64,0,445,445.00,1.3,0,famine_truncated,193.82729008752273,0.0161
65,1,468,468.00,1.8,0,famine_truncated,193.73240016693597,0.0781
66,2,384,192.00,2.2,0,corps,193.63755767945028,0.1604
67,2,170,85.00,2.2,0,corps,193.54276260135498,0.3910
68,1,559,559.00,1.8,0,famine_truncated,193.44801490895128,0.0720
69,0,445,445.00,1.3,0,famine_truncated,193.35331457855233,0.0084
70,3,115,38.33,2.7,0,corps,193.25866158648302,0.7320
71,2,422,211.00,2.2,0,corps,193.1640559090801,0.1605
72,2,170,85.00,2.2,0,corps,193.0694975226921,0.3023
73,2,512,256.00,2.2,0,corps,192.9749864036795,0.1291
74,2,410,205.00,2.2,0,corps,192.88052252841447,0.1524
75,0,445,445.00,1.3,0,famine_truncated,192.78610587328106,0.0113
76,2,274,137.00,2.2,0,corps,192.6917364146751,0.2223
77,2,623,311.50,2.2,0,corps,192.59741412900425,0.1092
78,2,235,117.50,2.2,0,corps,192.50313899268787,0.2248
79,2,664,332.00,2.2,0,corps,192.40891098215724,0.1066
80,2,413,206.50,2.2,0,corps,192.31473007385534,0.1526
81,0,445,445.00,1.3,0,famine_truncated,192.22059624423696,0.0557
82,2,555,277.50,2.2,0,corps,192.1265094697686,0.1608
83,2,501,250.50,2.2,0,corps,192.03246972692855,0.1736
84,2,278,139.00,2.2,0,corps,191.93847699220697,0.3228
85,1,774,774.00,1.8,0,famine_truncated,191.8445312421056,0.0758
86,2,494,247.00,2.2,0,corps,191.75063245313802,0.1808
87,2,515,257.50,2.2,0,corps,191.65678060182952,0.1550
88,2,296,148.00,2.2,0,corps,191.56297566471713,0.2722
89,2,333,166.50,2.2,0,corps,191.46921761834966,0.2267
90,2,199,99.50,2.2,0,corps,191.3755064392876,0.3788
91,2,325,162.50,2.2,0,corps,191.28184210410308,0.1913
92,2,280,140.00,2.2,0,corps,191.18822458938007,0.2451
93,2,361,180.50,2.2,0,corps,191.09465387171417,0.1854
94,2,436,218.00,2.2,0,corps,191.00112992771275,0.1677
95,0,445,445.00,1.3,0,famine_truncated,190.90765273399478,0.0447
96,2,432,216.00,2.2,0,corps,190.81422226719093,0.1779
97,0,445,445.00,1.3,0,famine_truncated,190.72083850394364,0.0364
98,2,385,192.50,2.2,0,corps,190.62750142090695,0.1641
99,2,101,50.50,2.2,0,corps,190.5342109947466,0.6453
100,2,485,242.50,2.2,0,corps,190.44096720213994,0.1589
101,2,201,100.50,2.2,0,corps,190.34777001977608,0.3148
102,3,424,141.33,2.7,0,corps,190.2546194243557,0.1903
103,2,296,148.00,2.2,0,corps,190.16151539259113,0.1932
104,2,362,181.00,2.2,0,corps,190.06845790120636,0.1583
105,2,119,59.50,2.2,0,corps,189.97544692693705,0.4579
106,0,445,445.00,1.3,0,famine_truncated,189.88248244653045,0.0284
107,2,846,423.00,2.2,0,corps,189.78956443674542,0.0835
108,2,569,284.50,2.2,0,corps,189.69669287435246,0.1108
109,1,655,655.00,1.8,0,famine_truncated,189.6038677361337,0.0539
110,2,171,85.50,2.2,0,corps,189.51108899888283,0.2453
111,0,445,445.00,1.3,0,famine_truncated,189.4183566394052,0.0248
112,1,448,448.00,1.8,0,famine_truncated,189.32567063451765,0.0764
113,2,497,248.50,2.2,0,corps,189.23303096104874,0.1004
114,2,478,239.00,2.2,0,corps,189.1404375958386,0.1059
115,0,445,445.00,1.3,0,famine_truncated,189.04789051573874,0.0263
116,2,133,66.50,2.2,0,corps,188.95538969761253,0.3832
117,2,384,192.00,2.2,0,corps,188.86293511833466,0.1876
118,1,571,571.00,1.8,0,famine_truncated,188.77052675479155,0.0616
119,0,445,445.00,1.3,0,famine_truncated,188.6781645838811,0.0149
120,2,460,230.00,2.2,0,corps,188.58584858251274,0.1214
121,2,421,210.50,2.2,0,corps,188.4935787276075,0.2184
122,1,493,493.00,1.8,0,famine_truncated,188.4013549960979,0.0953
123,2,201,100.50,2.2,0,corps,188.30917736492802,0.3247
124,2,180,90.00,2.2,0,corps,188.21704581105342,0.3582
125,2,464,232.00,2.2,0,corps,188.12496031144127,0.1725
126,0,445,445.00,1.3,0,famine_truncated,188.03292084307012,0.0614
127,2,337,168.50,2.2,0,corps,187.94092738293017,0.2162
128,0,445,445.00,1.3,0,famine_truncated,187.84897990802298,0.0461
129,2,373,186.50,2.2,0,corps,187.75707839536176,0.1937
130,2,305,152.50,2.2,0,corps,187.66522282197107,0.1703
131,2,365,182.50,2.2,0,corps,187.57341316488706,0.2126
132,2,257,128.50,2.2,0,corps,187.4816494011573,0.2604
133,2,73,36.50,2.2,0,corps,187.38993150784083,0.7186
134,2,616,308.00,2.2,0,corps,187.29825946200822,0.1517
135,2,302,151.00,2.2,0,corps,187.20663324074138,0.2146
136,0,445,445.00,1.3,0,famine_truncated,187.11505282113384,0.0466
137,2,528,264.00,2.2,0,corps,187.0235181802905,0.1392
138,3,535,178.33,2.7,0,corps,186.9320292953276,0.2106
139,2,91,45.50,2.2,0,corps,186.84058614337297,0.6503
140,2,313,156.50,2.2,0,corps,186.74918870156588,0.2368
141,2,230,115.00,2.2,0,corps,186.65783694705686,0.3684
142,2,228,114.00,2.2,0,corps,186.56653085700805,0.3358
143,1,472,472.00,1.8,0,famine_truncated,186.4752704085929,0.1430
144,2,176,88.00,2.2,0,corps,186.38405557899634,0.3445
145,2,304,152.00,2.2,0,corps,186.2928863454146,0.2707
146,2,133,66.50,2.2,0,corps,186.20176268505537,0.3975
147,2,449,224.50,2.2,0,corps,186.11068457513778,0.1573
148,1,451,451.00,1.8,0,famine_truncated,186.0196519928923,0.1258
149,2,482,241.00,2.2,0,corps,185.92866491556074,0.1562
150,2,470,235.00,2.2,0,corps,185.83772332039638,0.2361
151,2,179,89.50,2.2,0,corps,185.74682718466377,0.3573
152,1,713,713.00,1.8,0,famine_truncated,185.65597648563892,0.1122
153,2,316,158.00,2.2,0,corps,185.56517120060914,0.2349
154,1,502,502.00,1.8,0,famine_truncated,185.47441130687307,0.1232
155,2,348,174.00,2.2,0,corps,185.38369678174084,0.2512
156,2,406,203.00,2.2,0,corps,185.2930276025337,0.2070
157,1,461,461.00,1.8,0,famine_truncated,185.20240374658442,0.1319
158,2,166,83.00,2.2,0,corps,185.11182519123702,0.3715
159,2,103,51.50,2.2,0,corps,185.02129191384685,0.5899
160,0,445,445.00,1.3,0,famine_truncated,184.9308038917806,0.0710
161,0,445,445.00,1.3,0,famine_truncated,184.8403611024163,0.0669
162,2,347,173.50,2.2,0,corps,184.74996352314318,0.2246
163,2,386,193.00,2.2,0,corps,184.65961113136188,0.2695
164,2,124,62.00,2.2,0,corps,184.56930390448434,0.4103
165,2,379,189.50,2.2,0,corps,184.47904181993368,0.1994
166,1,573,573.00,1.8,0,famine_truncated,184.38882485514443,0.0981
167,2,222,111.00,2.2,0,corps,184.29865298756235,0.2942
168,2,143,71.50,2.2,0,corps,184.20852619464443,0.4078
169,2,378,189.00,2.2,0,corps,184.118444453859,0.1914
170,2,246,123.00,2.2,0,corps,184.02840774268566,0.2821
171,2,433,216.50,2.2,0,corps,183.93841603861514,0.1833
172,2,282,141.00,2.2,0,corps,183.8484693191496,0.2593
173,2,311,155.50,2.2,0,corps,183.75856756180232,0.2271
174,2,340,170.00,2.2,0,corps,183.66871074409787,0.2420
175,2,94,47.00,2.2,0,corps,183.578898843572,0.5254
176,2,330,165.00,2.2,0,corps,183.48913183777182,0.2313
177,3,358,119.33,2.7,0,corps,183.39940970425553,0.2576
178,2,302,151.00,2.2,0,corps,183.30973242059258,0.2352
179,2,206,103.00,2.2,0,corps,183.2200999643637,0.3558
180,2,171,85.50,2.2,0,corps,183.13051231316072,0.3381
181,2,393,196.50,2.2,0,corps,183.04096944458678,0.2328
182,2,144,72.00,2.2,0,corps,182.95147133625608,0.4037
183,2,267,133.50,2.2,0,corps,182.8620179657942,0.2607
184,2,121,60.50,2.2,0,corps,182.7726093108377,0.4706
185,3,580,193.33,2.7,0,corps,182.6832453490345,0.2016
186,2,109,54.50,2.2,0,corps,182.59392605804354,0.6371
187,2,208,104.00,2.2,0,corps,182.50465141553505,0.3130
188,2,237,118.50,2.2,0,corps,182.41542139919034,0.2959
189,3,270,90.00,2.7,0,corps,182.32623598670187,0.3669
190,2,149,74.50,2.2,0,corps,182.23709515577335,0.3953
191,2,257,128.50,2.2,0,corps,182.14799888411957,0.2834
192,2,112,56.00,2.2,0,corps,182.05894714946643,0.4920
193,2,122,61.00,2.2,0,corps,181.96993992955097,0.3988
194,2,58,29.00,2.2,0,corps,181.88097720212144,0.9826
195,2,118,59.00,2.2,0,corps,181.79205894493714,0.5279
196,2,122,61.00,2.2,0,corps,181.7031851357685,0.4269
197,2,437,218.50,2.2,0,corps,181.61435575239707,0.2116
198,2,226,113.00,2.2,0,corps,181.5255707726155,0.3912
199,2,535,267.50,2.2,0,corps,181.43683017422757,0.1714
200,2,636,318.00,2.2,0,corps,181.34813393504808,0.1674
201,2,392,196.00,2.2,0,corps,181.259482032903,0.1996
202,2,332,166.00,2.2,0,corps,181.17087444562935,0.2248
203,2,160,80.00,2.2,0,corps,181.08231115107526,0.3766
204,2,189,94.50,2.2,0,corps,180.99379212709985,0.3830
205,2,537,268.50,2.2,0,corps,180.90531735157342,0.1683
206,2,305,152.50,2.2,0,corps,180.81688680237724,0.2430
207,2,550,275.00,2.2,0,corps,180.72850045740367,0.1872
208,2,290,145.00,2.2,0,corps,180.64015829455616,0.2625
209,2,447,223.50,2.2,0,corps,180.5518602917491,0.1888
210,2,511,255.50,2.2,0,corps,180.46360642690806,0.1833
211,3,290,96.67,2.7,0,corps,180.37539667796955,0.2890
212,2,247,123.50,2.2,0,corps,180.28723102288112,0.1866
213,2,70,35.00,2.2,0,corps,180.19910943960136,0.4296
214,2,73,36.50,2.2,0,corps,180.11103190609987,0.5858
215,2,195,97.50,2.2,0,corps,180.02299840035732,0.3044
216,2,190,95.00,2.2,0,corps,179.93500890036523,0.4429
217,3,293,97.67,2.7,0,corps,179.8470633841263,0.2478
218,3,230,76.67,2.7,0,corps,179.75916182965415,0.4391
219,2,154,77.00,2.2,0,corps,179.67130421497336,0.3060
220,2,338,169.00,2.2,0,corps,179.58349051811953,0.1958
221,2,277,138.50,2.2,0,corps,179.49572071713925,0.3345
222,2,544,272.00,2.2,0,corps,179.40799479009007,0.2458
223,2,304,152.00,2.2,0,corps,179.3203127150405,0.2563
224,2,295,147.50,2.2,0,corps,179.23267447007,0.2438
225,2,373,186.50,2.2,0,corps,179.14508003326907,0.2035
226,2,136,68.00,2.2,0,corps,179.05752938273903,0.3668
227,2,302,151.00,2.2,0,corps,178.97002249659226,0.2246
228,2,66,33.00,2.2,0,corps,178.88255935295203,0.5912
229,2,427,213.50,2.2,0,corps,178.79513992995254,0.2231
230,2,133,66.50,2.2,0,corps,178.70776420573895,0.3641
231,2,141,70.50,2.2,0,corps,178.6204321584673,0.4227
232,2,59,29.50,2.2,0,corps,178.53314376630465,0.6750
233,2,153,76.50,2.2,0,corps,178.4458990074288,0.3146
234,2,79,39.50,2.2,0,corps,178.35869786002863,0.4619
235,2,598,299.00,2.2,0,corps,178.2715403023038,0.1811
236,3,162,54.00,2.7,0,corps,178.184426312465,0.5116
237,3,235,78.33,2.7,0,corps,178.09735586873367,0.4461
238,2,112,56.00,2.2,0,corps,178.0103289493422,0.4631
239,2,196,98.00,2.2,0,corps,177.92334553253392,0.3835
240,1,496,496.00,1.8,0,famine_truncated,177.83640559656286,0.1623
241,3,93,31.00,2.7,0,corps,177.74950911969415,0.8887
242,2,154,77.00,2.2,0,corps,177.66265608020362,0.3113
243,2,486,243.00,2.2,0,corps,177.575846456378,0.3131
244,2,213,106.50,2.2,0,corps,177.48908022651491,0.3208
245,2,50,25.00,2.2,0,corps,177.4023573689228,0.8094
246,2,239,119.50,2.2,0,corps,177.3156778619209,0.5170
247,2,264,132.00,2.2,0,corps,177.22904168383937,0.3795
248,2,90,45.00,2.2,0,corps,177.14244881301917,0.6230
249,3,381,127.00,2.7,0,corps,177.0558992278121,0.3261
250,2,268,134.00,2.2,0,corps,176.9693929065807,0.3946
251,2,405,202.50,2.2,0,corps,176.88292982769846,0.3018
252,2,121,60.50,2.2,0,corps,176.79650996954953,0.4336
253,2,279,139.50,2.2,0,corps,176.71013331052902,0.3390
254,2,277,138.50,2.2,0,corps,176.62379982904278,0.2946
255,3,135,45.00,2.7,0,corps,176.53750950350735,0.7276
256,2,238,119.00,2.2,0,corps,176.45126231235017,0.4851
257,2,342,171.00,2.2,0,corps,176.36505823400952,0.3259
258,2,186,93.00,2.2,0,corps,176.27889724693432,0.4767
259,2,452,226.00,2.2,0,corps,176.1927793295843,0.2784
260,2,77,38.50,2.2,0,corps,176.10670446043002,0.6070
261,2,314,157.00,2.2,0,corps,176.02067261795273,0.2605
262,2,139,69.50,2.2,0,corps,175.93468378064455,0.3889
263,2,137,68.50,2.2,0,corps,175.84873792700816,0.4857
264,3,112,37.33,2.7,0,corps,175.76283503555717,0.5355
265,2,219,109.50,2.2,0,corps,175.6769750848158,0.2801
266,2,422,211.00,2.2,0,corps,175.59115805331913,0.2198
267,2,214,107.00,2.2,0,corps,175.50538391961285,0.3057
268,2,152,76.00,2.2,0,corps,175.41965266225347,0.3015
269,2,215,107.50,2.2,0,corps,175.33396425980814,0.3194
270,2,174,87.00,2.2,0,corps,175.24831869085475,0.3267
271,2,91,45.50,2.2,0,corps,175.16271593398193,0.5997
272,2,78,39.00,2.2,0,corps,175.077155967789,0.6149
273,2,112,56.00,2.2,0,corps,174.9916387708859,0.3822
274,2,146,73.00,2.2,0,corps,174.90616432189344,0.3773
275,2,156,78.00,2.2,0,corps,174.82073259944292,0.4137
276,2,208,104.00,2.2,0,corps,174.73534358217648,0.3211
277,2,247,123.50,2.2,0,corps,174.64999724874679,0.3923
278,2,150,75.00,2.2,0,corps,174.5646935778173,0.3777
279,3,207,69.00,2.7,0,corps,174.4794325480621,0.3222
280,2,413,206.50,2.2,0,corps,174.39421413816595,0.1932
281,2,203,101.50,2.2,0,corps,174.3090383268242,0.3662
282,2,281,140.50,2.2,0,corps,174.2239050927429,0.3045
283,3,351,117.00,2.7,0,corps,174.13881441463877,0.3696
284,2,157,78.50,2.2,0,corps,174.05376627123917,0.5469
285,2,162,81.00,2.2,0,corps,173.96876064128196,0.3559
286,2,62,31.00,2.2,0,corps,173.88379750351584,0.6794
287,3,136,45.33,2.7,0,corps,173.79887683669995,0.5013
288,2,122,61.00,2.2,0,corps,173.71399861960418,0.5582
289,3,318,106.00,2.7,0,corps,173.62916283100895,0.3793
290,2,57,28.50,2.2,0,corps,173.5443694497053,0.6740
291,2,306,153.00,2.2,0,corps,173.4596184544949,0.2889
292,2,235,117.50,2.2,0,corps,173.37490982418998,0.4318
293,2,97,48.50,2.2,0,corps,173.2902435376134,0.6864
294,3,349,116.33,2.7,0,corps,173.20561957359863,0.2721
295,2,203,101.50,2.2,0,corps,173.12103791098957,0.4032
296,2,168,84.00,2.2,0,corps,173.03649852864092,0.4916
297,2,95,47.50,2.2,0,corps,172.95200140541775,0.5949
298,3,181,60.33,2.7,0,corps,172.86754652019582,0.7594
299,4,166,41.50,3.1,0,corps,172.78313385186138,0.6860
300,2,105,52.50,2.2,0,corps,172.69876337931134,0.5493
301,2,135,67.50,2.2,0,corps,172.61443508145297,0.7192
302,3,193,64.33,2.7,0,corps,172.53014893720427,0.5316
303,2,235,117.50,2.2,0,corps,172.44590492549366,0.4056
304,2,69,34.50,2.2,0,corps,172.3617030252602,0.6991
305,4,89,22.25,3.1,0,corps,172.27754321545333,1.2447
306,2,46,23.00,2.2,0,corps,172.19342547503317,1.0604
307,2,226,113.00,2.2,0,corps,172.10934978297027,0.4814
308,2,450,225.00,2.2,0,corps,172.02531611824568,0.3772
309,2,249,124.50,2.2,0,corps,171.941324459851,0.4351
310,2,116,58.00,2.2,0,corps,171.85737478678823,0.4887
311,2,284,142.00,2.2,0,corps,171.7734670780701,0.5664
312,2,194,97.00,2.2,0,corps,171.68960131271962,0.5631
313,2,162,81.00,2.2,0,corps,171.60577746977032,0.4699
314,3,313,104.33,2.7,0,corps,171.52199552826627,0.5045
315,2,381,190.50,2.2,0,corps,171.438255467262,0.4431
316,2,65,32.50,2.2,0,corps,171.35455726582242,0.5806
317,2,383,191.50,2.2,0,corps,171.27090090302306,0.4011
318,2,403,201.50,2.2,0,corps,171.18728635794977,0.4403
319,2,59,29.50,2.2,0,corps,171.10371360969899,0.8366
320,2,159,79.50,2.2,0,corps,171.02018263737742,0.5558
321,2,420,210.00,2.2,0,corps,170.93669342010242,0.4087
322,2,216,108.00,2.2,0,corps,170.85324593700162,0.6209
323,3,239,79.67,2.7,0,corps,170.7698401672132,0.5410
324,2,339,169.50,2.2,0,corps,170.68647608988567,0.5107
325,2,320,160.00,2.2,0,corps,170.60315368417804,0.4038
326,2,165,82.50,2.2,0,corps,170.5198729292597,0.5907
327,2,200,100.00,2.2,0,corps,170.43663380431045,0.5780
328,2,54,27.00,2.2,0,corps,170.35343628852053,1.1593
329,2,189,94.50,2.2,0,corps,170.27028036109053,0.5071
330,2,50,25.00,2.2,0,corps,170.1871660012315,1.1516
331,2,176,88.00,2.2,0,corps,170.10409318816485,0.5851
332,2,318,159.00,2.2,0,corps,170.02106190112232,0.5153
333,2,280,140.00,2.2,0,corps,169.93807211934617,0.4486
334,2,170,85.00,2.2,0,corps,169.8551238220889,0.5544
335,2,155,77.50,2.2,0,corps,169.77221698861345,0.6114
336,2,193,96.50,2.2,0,corps,169.68935159819313,0.6294
337,3,192,64.00,2.7,0,corps,169.60652763011154,0.5908
338,2,207,103.50,2.2,0,corps,169.52374506366272,0.4976
339,2,181,90.50,2.2,0,corps,169.44100387815107,0.5397
340,2,123,61.50,2.2,0,corps,169.3583040528912,0.4365
341,2,171,85.50,2.2,0,corps,169.27564556720822,0.4764
342,2,232,116.00,2.2,0,corps,169.1930284004375,0.3897
343,3,71,23.67,2.7,0,corps,169.11045253192475,0.9732
344,4,486,121.50,3.1,0,corps,169.02791794102598,0.3736
345,2,418,209.00,2.2,0,corps,168.94542460710758,0.3104
346,2,197,98.50,2.2,0,corps,168.86297250954615,0.4302
347,4,226,56.50,3.1,0,corps,168.78056162772873,0.5553
348,3,130,43.33,2.7,0,corps,168.69819194105256,1.1400
349,2,96,48.00,2.2,0,corps,168.61586342892525,0.6757
350,2,50,25.00,2.2,0,corps,168.53357607076464,0.9716
351,3,184,61.33,2.7,0,corps,168.4513298459989,0.5195
352,2,201,100.50,2.2,0,corps,168.3691247340665,0.3640
353,2,167,83.50,2.2,0,corps,168.28696071441613,0.4198
354,2,88,44.00,2.2,0,corps,168.20483776650678,0.7469
355,2,309,154.50,2.2,0,corps,168.12275586980775,0.4234
356,2,548,274.00,2.2,0,corps,168.04071500379857,0.2915
357,2,94,47.00,2.2,0,corps,167.95871514796895,0.6356
358,2,89,44.50,2.2,0,corps,167.87675628181896,0.6302
359,3,71,23.67,2.7,0,corps,167.7948383848589,1.0947
360,2,227,113.50,2.2,0,corps,167.71296143660933,0.4316
361,2,95,47.50,2.2,0,corps,167.63112541660092,0.5436
362,2,57,28.50,2.2,0,corps,167.54933030437476,0.7340
363,2,101,50.50,2.2,0,corps,167.467576079482,0.6733
364,2,84,42.00,2.2,0,corps,167.38586272148413,0.6786
365,2,134,67.00,2.2,0,corps,167.30419020995276,0.4134
366,4,164,41.00,3.1,0,corps,167.22255852446983,0.7310
367,2,36,18.00,2.2,0,corps,167.14096764462735,0.9696
368,2,177,88.50,2.2,0,corps,167.05941755002766,0.3054
369,2,85,42.50,2.2,0,corps,166.9779082202832,0.6850
370,2,98,49.00,2.2,0,corps,166.89643963501663,0.6630
371,2,380,190.00,2.2,0,corps,166.81501177386082,0.3213
372,2,96,48.00,2.2,0,corps,166.7336246164588,0.4452
373,2,71,35.50,2.2,0,corps,166.65227814246379,0.4808
374,2,92,46.00,2.2,0,corps,166.57097233153917,0.6702
375,2,51,25.50,2.2,0,corps,166.48970716335847,0.6826
376,2,315,157.50,2.2,0,corps,166.4084826176054,0.3638
377,2,176,88.00,2.2,0,corps,166.32729867397384,0.5073
378,2,324,162.00,2.2,0,corps,166.2461553121678,0.3510
379,2,193,96.50,2.2,0,corps,166.16505251190142,0.3834
380,2,128,64.00,2.2,0,corps,166.083990252899,0.5530
381,2,50,25.00,2.2,0,corps,166.00296851489503,1.1114
382,2,243,121.50,2.2,0,corps,165.92198727763397,0.5616
383,2,218,109.00,2.2,0,corps,165.8410465208706,0.5080
384,2,120,60.00,2.2,0,corps,165.76014622436975,0.4883
385,2,219,109.50,2.2,0,corps,165.67928636790626,0.4241
386,2,143,71.50,2.2,0,corps,165.59846693126522,0.4826
387,3,147,49.00,2.7,0,corps,165.51768789424173,0.5877
388,2,166,83.00,2.2,0,corps,165.43694923664108,0.5215
389,2,129,64.50,2.2,0,corps,165.35625093827852,0.6783
390,2,244,122.00,2.2,0,corps,165.2755929789796,0.3983
391,2,274,137.00,2.2,0,corps,165.19497533857975,0.5833
392,2,143,71.50,2.2,0,corps,165.11439799692457,0.7570
393,3,84,28.00,2.7,0,corps,165.03386093386973,1.2661
394,3,426,142.00,2.7,0,corps,164.95336412928097,0.4836
395,2,269,134.50,2.2,0,corps,164.87290756303406,0.4753
396,2,117,58.50,2.2,0,corps,164.79249121501488,0.6816
397,2,19,9.50,2.2,0,corps,164.71211506511935,1.9317
398,2,117,58.50,2.2,0,corps,164.6317790932534,0.5615
399,2,81,40.50,2.2,0,corps,164.5514832793331,0.7664
400,1,477,477.00,1.8,0,famine_truncated,164.47122760328443,0.2765
401,2,356,178.00,2.2,0,corps,164.39101204504354,0.3886
402,2,115,57.50,2.2,0,corps,164.31083658455645,0.6182
403,2,101,50.50,2.2,0,corps,164.23070120177937,0.6666
404,2,146,73.00,2.2,0,corps,164.15060587667838,0.4834
405,2,477,238.50,2.2,0,corps,164.07055058922973,0.3079
406,2,118,59.00,2.2,0,corps,163.99053531941954,0.6897
407,2,126,63.00,2.2,0,corps,163.91056004724405,0.5919
408,2,83,41.50,2.2,0,corps,163.83062475270938,0.9046
409,3,245,81.67,2.7,0,corps,163.7507294158317,0.5050
410,2,277,138.50,2.2,0,corps,163.67087401663724,0.4902
411,2,122,61.00,2.2,0,corps,163.59105853516215,0.6315
412,2,22,11.00,2.2,0,corps,163.51128295145244,1.3327
413,2,128,64.00,2.2,0,corps,163.43154724556436,0.5573
414,2,215,107.50,2.2,0,corps,163.3518513975639,0.4278
415,2,89,44.50,2.2,0,corps,163.27219538752715,0.4792
416,2,187,93.50,2.2,0,corps,163.19257919554008,0.4666
417,2,183,91.50,2.2,0,corps,163.11300280169857,0.5199
418,2,101,50.50,2.2,0,corps,163.03346618610863,0.5413
419,2,151,75.50,2.2,0,corps,162.95396932888607,0.4884
420,2,54,27.00,2.2,0,corps,162.87451221015667,1.1880
421,2,71,35.50,2.2,0,corps,162.79509481005613,0.8735
422,2,123,61.50,2.2,0,corps,162.71571710873016,0.6867
423,2,264,132.00,2.2,0,corps,162.63637908633427,0.4363
424,2,147,73.50,2.2,0,corps,162.55708072303398,0.6532
425,2,188,94.00,2.2,0,corps,162.47782199900468,0.4482
426,2,139,69.50,2.2,0,corps,162.39860289443172,0.5957
427,2,177,88.50,2.2,0,corps,162.31942338951032,0.6126
428,3,83,27.67,2.7,0,corps,162.24028346444555,1.0593
429,2,148,74.00,2.2,0,corps,162.1611830994525,0.5229
430,3,71,23.67,2.7,0,corps,162.08212227475607,0.9110
431,2,170,85.00,2.2,0,corps,162.00310097059102,0.5611
432,2,103,51.50,2.2,0,corps,161.924119167202,0.5799
433,2,351,175.50,2.2,0,corps,161.84517684484365,0.4498
434,2,33,16.50,2.2,0,corps,161.7662739837803,0.9724
435,2,204,102.00,2.2,0,corps,161.68741056428627,0.5073
436,2,288,144.00,2.2,0,corps,161.6085865666457,0.5277
437,2,138,69.00,2.2,0,corps,161.52980197115258,0.4429
438,2,94,47.00,2.2,0,corps,161.4510567581108,1.0022
439,2,120,60.00,2.2,0,corps,161.372350907834,0.7433
440,2,197,98.50,2.2,0,corps,161.2936844006458,0.4163
441,2,63,31.50,2.2,0,corps,161.21505721687944,0.5586
442,5,209,41.80,3.6,0,corps,161.13646933687826,0.7077
443,2,275,137.50,2.2,0,corps,161.05792074099523,0.2874
444,2,186,93.00,2.2,0,corps,160.9794114095932,0.3871
445,3,107,35.67,2.7,0,corps,160.90094132304483,0.6345
446,2,281,140.50,2.2,0,corps,160.8225104617326,0.4271
447,3,265,88.33,2.7,0,corps,160.74411880604882,0.6220
448,2,145,72.50,2.2,0,corps,160.66576633639556,0.3782
449,4,93,23.25,3.1,0,corps,160.5874530331847,2.0657
450,3,63,21.00,2.7,0,corps,160.50917887683792,0.8153
451,3,119,39.67,2.7,0,corps,160.43094384778664,0.6262
452,2,127,63.50,2.2,0,corps,160.35274792647215,0.3576
453,2,110,55.00,2.2,0,corps,160.27459109334546,0.5550
454,3,106,35.33,2.7,0,corps,160.19647332886737,0.6165
455,2,181,90.50,2.2,0,corps,160.1183946135084,0.3185
456,2,84,42.00,2.2,0,corps,160.04035492774892,0.6205
457,3,112,37.33,2.7,0,corps,159.962354252079,0.7012
458,2,251,125.50,2.2,0,corps,159.8843925669984,0.2739
459,2,125,62.50,2.2,0,corps,159.8064698530168,0.5567
460,2,73,36.50,2.2,0,corps,159.7285860906535,0.8012
461,2,240,120.00,2.2,0,corps,159.65074126043746,0.6662
462,3,135,45.00,2.7,0,corps,159.57293534290758,1.0030
463,3,196,65.33,2.7,0,corps,159.49516831861234,0.7203
464,2,340,170.00,2.2,0,corps,159.41744016811,0.5070
465,4,201,50.25,3.1,0,corps,159.33975087196853,0.7376
466,2,181,90.50,2.2,0,corps,159.26210041076556,0.6150
467,2,251,125.50,2.2,0,corps,159.18448876508847,0.5420
468,2,64,32.00,2.2,0,corps,159.10691591553444,1.5321
469,2,147,73.50,2.2,0,corps,159.0293818427102,0.6414
470,3,121,40.33,2.7,0,corps,158.95188652723218,0.6679
471,2,173,86.50,2.2,0,corps,158.87442994972662,0.5226
472,2,182,91.00,2.2,0,corps,158.79701209082933,0.5957
473,2,284,142.00,2.2,0,corps,158.7196329311859,0.6735
474,2,103,51.50,2.2,0,corps,158.6422924514515,0.6326
475,3,187,62.33,2.7,0,corps,158.56499063229103,0.5714
476,3,127,42.33,2.7,0,corps,158.487727454379,0.8878
477,2,155,77.50,2.2,0,corps,158.41050289839967,0.7923
478,2,122,61.00,2.2,0,corps,158.33331694504685,0.4739
479,2,73,36.50,2.2,0,corps,158.25616957502407,1.2381
480,2,238,119.00,2.2,0,corps,158.1790607690445,0.4524
481,2,147,73.50,2.2,0,corps,158.10199050783086,0.4873
482,3,288,96.00,2.7,0,corps,158.02495877211572,0.6862
483,2,160,80.00,2.2,0,corps,157.94796554264104,0.5893
484,3,105,35.00,2.7,0,corps,157.8710108001586,0.7906
485,2,168,84.00,2.2,0,corps,157.7940945254296,0.5943
486,2,267,133.50,2.2,0,corps,157.71721669922508,0.4160
487,5,432,86.40,3.6,0,corps,157.6403773023255,0.5716
488,2,201,100.50,2.2,0,corps,157.56357631552106,0.4783
489,2,162,81.00,2.2,0,corps,157.4868137196115,0.6134
490,2,93,46.50,2.2,0,corps,157.41008949540617,0.8853
491,2,75,37.50,2.2,0,corps,157.33340362372402,0.9010
492,2,192,96.00,2.2,0,corps,157.25675608539353,0.4904
493,2,185,92.50,2.2,0,corps,157.1801468612529,0.5487
494,3,126,42.00,2.7,0,corps,157.1035759321498,0.6240
495,2,74,37.00,2.2,0,corps,157.02704327894145,0.5790
496,2,103,51.50,2.2,0,corps,156.9505488824947,0.7632
497,2,249,124.50,2.2,0,corps,156.874092723686,0.4461
498,2,279,139.50,2.2,0,corps,156.79767478340128,0.4702
499,2,89,44.50,2.2,0,corps,156.721295042536,0.8612
500,3,340,113.33,2.7,0,corps,156.64495348199537,0.4793
501,2,68,34.00,2.2,0,corps,156.56865008269384,0.8472
502,4,96,24.00,3.1,0,corps,156.49238482555563,1.4658
503,2,110,55.00,2.2,0,corps,156.41615769151446,0.7203
504,2,69,34.50,2.2,0,corps,156.33996866151344,0.5433
505,3,255,85.00,2.7,0,corps,156.26381771650543,0.3629
506,2,148,74.00,2.2,0,corps,156.1877048374526,0.5779
507,2,32,16.00,2.2,0,corps,156.1116300053268,1.1716
508,2,118,59.00,2.2,0,corps,156.03559320110932,0.5080
509,2,107,53.50,2.2,0,corps,155.95959440579088,0.5123
510,2,120,60.00,2.2,0,corps,155.88363360037187,0.4714
511,3,150,50.00,2.7,0,corps,155.80771076586203,0.5464
512,2,61,30.50,2.2,0,corps,155.7318258832807,0.5923
513,2,108,54.00,2.2,0,corps,155.6559789336566,0.6053
514,2,74,37.00,2.2,0,corps,155.580169898028,0.5566
515,3,63,21.00,2.7,0,corps,155.50439875744271,1.1804
516,2,119,59.50,2.2,0,corps,155.42866549295792,0.3604
517,2,137,68.50,2.2,0,corps,155.3529700856402,0.4573
518,2,133,66.50,2.2,0,corps,155.27731251656587,0.5076
519,2,134,67.00,2.2,0,corps,155.20169276682046,0.4263
520,2,200,100.00,2.2,0,corps,155.12611081749898,0.4160
521,2,32,16.00,2.2,0,corps,155.050566649706,1.1723
522,2,60,30.00,2.2,0,corps,154.97506024455552,1.1328
523,2,180,90.00,2.2,0,corps,154.89959158317083,0.5264
524,3,100,33.33,2.7,0,corps,154.82416064668487,0.8935
525,2,41,20.50,2.2,0,corps,154.74876741623982,1.0880
526,2,52,26.00,2.2,0,corps,154.67341187298743,1.0709
527,2,37,18.50,2.2,0,corps,154.59809399808876,0.8984
528,2,59,29.50,2.2,0,corps,154.5228137727144,1.1010
529,2,127,63.50,2.2,0,corps,154.44757117804429,0.6832
530,2,119,59.50,2.2,0,corps,154.37236619526772,0.6093
531,2,111,55.50,2.2,0,corps,154.2971988055835,0.6232
532,3,260,86.67,2.7,0,corps,154.22206899019977,0.5189
533,4,83,20.75,3.1,0,corps,154.14697673033405,3.1101
534,5,71,14.20,3.6,0,corps,154.0719220072133,1.4797
535,2,163,81.50,2.2,0,corps,153.99690480207383,0.6920
536,2,122,61.00,2.2,0,corps,153.92192509616135,0.6255
537,2,47,23.50,2.2,0,corps,153.8469828707309,0.8853
538,2,196,98.00,2.2,0,corps,153.772078107047,0.5289
539,2,47,23.50,2.2,0,corps,153.69721078638338,1.1551
540,2,157,78.50,2.2,0,corps,153.62238089002324,0.4244
541,2,141,70.50,2.2,0,corps,153.54758839925907,0.7848
542,5,88,17.60,3.6,0,corps,153.4728332953928,1.7284
543,2,97,48.50,2.2,0,corps,153.39811555973566,0.7320
544,2,97,48.50,2.2,0,corps,153.32343517360815,0.7271
545,2,193,96.50,2.2,0,corps,153.24879211834022,0.5677
546,4,86,21.50,3.1,0,corps,153.17418637527112,1.7509
547,2,56,28.00,2.2,0,corps,153.09961792574938,0.6496
548,2,184,92.00,2.2,0,corps,153.02508675113287,0.4767
549,2,64,32.00,2.2,0,corps,152.95059283278886,0.9262
550,2,104,52.00,2.2,0,corps,152.8761361520938,0.5905
551,2,78,39.00,2.2,0,corps,152.80171669043358,0.8786
552,2,262,131.00,2.2,0,corps,152.7273344292033,0.5119
553,3,52,17.33,2.7,0,corps,152.65298934980743,1.2180
554,2,118,59.00,2.2,0,corps,152.57868143365963,0.6037
555,2,178,89.00,2.2,0,corps,152.50441066218298,0.4527
556,2,67,33.50,2.2,0,corps,152.43017701680975,1.0408
557,2,127,63.50,2.2,0,corps,152.35598047898156,0.6259
558,2,105,52.50,2.2,0,corps,152.2818210301493,0.7478
559,3,98,32.67,2.7,0,corps,152.20769865177303,1.0366
560,2,128,64.00,2.2,0,corps,152.1336133253222,0.5245
561,4,175,43.75,3.1,0,corps,152.05956503227546,0.8828
562,2,53,26.50,2.2,0,corps,151.98555375412076,1.1649
563,7,148,21.14,4.4,0,corps,151.9115794723553,1.2915
564,2,117,58.50,2.2,0,corps,151.83764216848544,0.6468
565,2,59,29.50,2.2,0,corps,151.7637418240269,0.9065
566,2,125,62.50,2.2,0,corps,151.68987842050458,0.4921
567,2,99,49.50,2.2,0,corps,151.61605193945263,0.8651
568,2,72,36.00,2.2,0,corps,151.54226236241445,0.9619
569,2,54,27.00,2.2,0,corps,151.46850967094264,1.2103
570,2,22,11.00,2.2,0,corps,151.394793846599,1.6188
571,2,147,73.50,2.2,0,corps,151.32111487095457,0.6460
572,2,103,51.50,2.2,0,corps,151.24747272558966,0.5512
573,2,143,71.50,2.2,0,corps,151.17386739209368,0.5357
574,4,257,64.25,3.1,0,corps,151.10029885206532,0.6065
575,2,58,29.00,2.2,0,corps,151.02676708711243,1.1280
576,4,133,33.25,3.1,0,corps,150.9532720788521,0.9525
577,2,78,39.00,2.2,0,corps,150.87981380891054,0.8494
578,3,188,62.67,2.7,0,corps,150.80639225892318,0.5833
579,2,104,52.00,2.2,0,corps,150.73300741053467,0.7140
580,2,56,28.00,2.2,0,corps,150.65965924539879,0.9561
581,2,160,80.00,2.2,0,corps,150.58634774517847,0.4959
582,2,113,56.50,2.2,0,corps,150.51307289154585,0.4644
583,3,260,86.67,2.7,0,corps,150.4398346661822,0.4783
584,3,126,42.00,2.7,0,corps,150.366633050778,0.6225
585,4,44,11.00,3.1,0,corps,150.29346802703282,1.2875
586,2,172,86.00,2.2,0,corps,150.22033957665542,0.5142
587,2,225,112.50,2.2,0,corps,150.14724768136364,0.4004
588,2,40,20.00,2.2,0,corps,150.07419232288456,1.0151
589,4,184,46.00,3.1,0,corps,150.00117348295433,0.7179
590,2,54,27.00,2.2,0,corps,149.92819114331826,0.7268
591,3,108,36.00,2.7,0,corps,149.8552452857307,0.9200
592,2,166,83.00,2.2,0,corps,149.7823358919552,0.5961
593,2,123,61.50,2.2,0,corps,149.70946294376446,0.5435
594,2,60,30.00,2.2,0,corps,149.6366264229402,0.9302
595,3,129,43.00,2.7,0,corps,149.56382631127335,0.6671
596,2,75,37.50,2.2,0,corps,149.49106259056379,0.5709
597,4,216,54.00,3.1,0,corps,149.41833524262063,0.5373
598,2,239,119.50,2.2,0,corps,149.34564424926208,0.3217
599,3,82,27.33,2.7,0,corps,149.2729895923153,0.6238
600,2,92,46.00,2.2,0,corps,149.2003712536167,0.6455
601,2,143,71.50,2.2,0,corps,149.12778921501166,0.6060
602,2,115,57.50,2.2,0,corps,149.0552434583547,0.7208
603,3,76,25.33,2.7,0,corps,148.98273396550934,0.8295
604,2,145,72.50,2.2,0,corps,148.91026071834824,0.6058
605,2,93,46.50,2.2,0,corps,148.83782369875306,0.6598
606,3,75,25.00,2.7,0,corps,148.76542288861458,0.9347
607,2,170,85.00,2.2,0,corps,148.69305826983256,0.5179
608,4,103,25.75,3.1,0,corps,148.62072982431587,1.2989
609,3,108,36.00,2.7,0,corps,148.5484375339824,0.7538
610,3,127,42.33,2.7,0,corps,148.47618138075904,0.8853
611,2,45,22.50,2.2,0,corps,148.40396134658178,0.6151
612,5,196,39.20,3.6,0,corps,148.3317774133956,0.9438
613,2,86,43.00,2.2,0,corps,148.25962956315456,0.8355
614,2,101,50.50,2.2,0,corps,148.18751777782165,0.6463
615,3,88,29.33,2.7,0,corps,148.11544203936893,0.8923
616,4,42,10.50,3.1,0,corps,148.04340232977745,1.4475
617,2,63,31.50,2.2,0,corps,147.97139863103735,0.7129
618,3,106,35.33,2.7,0,corps,147.8994309251476,1.0441
619,2,37,18.50,2.2,0,corps,147.82749919411637,1.2117
620,3,69,23.00,2.7,0,corps,147.7556034199607,1.4597
621,2,56,28.00,2.2,0,corps,147.6837435847066,1.1285
622,2,78,39.00,2.2,0,corps,147.61191967038917,0.9123
623,2,65,32.50,2.2,0,corps,147.5401316590524,0.8769
624,3,67,22.33,2.7,0,corps,147.46837953274928,1.0222
625,3,90,30.00,2.7,0,corps,147.3966632735418,0.8101
626,2,56,28.00,2.2,0,corps,147.32498286350088,1.1696
627,2,74,37.00,2.2,0,corps,147.25333828470642,1.0399
628,2,40,20.00,2.2,0,corps,147.18172951924728,1.3480
629,3,94,31.33,2.7,0,corps,147.11015654922127,1.1700
630,6,94,15.67,4.0,0,corps,147.03861935673515,1.3671
631,2,80,40.00,2.2,0,corps,146.96711792390457,1.2302
632,2,156,78.00,2.2,0,corps,146.89565223285425,0.9808
633,2,75,37.50,2.2,0,corps,146.82422226571776,0.9453
634,6,135,22.50,4.0,0,corps,146.75282800463754,1.4595
635,2,58,29.00,2.2,0,corps,146.68146943176507,1.2868
636,2,38,19.00,2.2,0,corps,146.61014652926073,1.4267
637,3,136,45.33,2.7,0,corps,146.53885927929372,0.9083
638,2,47,23.50,2.2,0,corps,146.4676076640423,1.2788
639,2,178,89.00,2.2,0,corps,146.39639166569353,0.8468
640,3,117,39.00,2.7,0,corps,146.32521126644343,1.0020
641,2,141,70.50,2.2,0,corps,146.25406644849687,0.9354
642,2,67,33.50,2.2,0,corps,146.18295719406765,0.8812
643,2,75,37.50,2.2,0,corps,146.1118834853785,1.0117
644,4,47,11.75,3.1,0,corps,146.04084530466096,2.1312
645,2,112,56.00,2.2,0,corps,145.96984263415547,0.8990
646,5,296,59.20,3.6,0,corps,145.8988754561114,0.8754
647,2,58,29.00,2.2,0,corps,145.82794375278692,1.5238
648,2,95,47.50,2.2,0,corps,145.7570475064491,0.7338
649,2,49,24.50,2.2,0,corps,145.68618669937393,0.8823
650,2,59,29.50,2.2,0,corps,145.61536131384617,0.6650
651,2,50,25.00,2.2,0,corps,145.54457133215942,0.7367
652,2,86,43.00,2.2,0,corps,145.4738167366163,0.7367
653,2,62,31.00,2.2,0,corps,145.4030975095281,0.8267
654,2,68,34.00,2.2,0,corps,145.332413633215,1.4585
655,2,68,34.00,2.2,0,corps,145.261765090006,0.8601
656,2,85,42.50,2.2,0,corps,145.19115186223908,1.0111
657,2,164,82.00,2.2,0,corps,145.1205739322608,0.7629
658,2,87,43.50,2.2,0,corps,145.0500312824268,0.9937
659,2,50,25.00,2.2,0,corps,144.9795238951013,1.4971
660,2,53,26.50,2.2,0,corps,144.90905175265755,1.0294
661,2,36,18.00,2.2,0,corps,144.83861483747742,1.3039
662,2,192,96.00,2.2,0,corps,144.7682131319518,0.6312
663,2,39,19.50,2.2,0,corps,144.69784661848016,1.0845
664,4,166,41.50,3.1,0,corps,144.62751527947088,1.3316
665,5,79,15.80,3.6,0,corps,144.55721909734118,1.7348
666,3,132,44.00,2.7,0,corps,144.486958054517,1.0170
667,2,171,85.50,2.2,0,corps,144.41673213343304,0.8106
668,2,182,91.00,2.2,0,corps,144.34654131653286,0.7298
669,2,104,52.00,2.2,0,corps,144.27638558626873,0.9682
670,3,116,38.67,2.7,0,corps,144.20626492510172,0.9350
671,2,83,41.50,2.2,0,corps,144.13617931550172,1.2916
672,4,122,30.50,3.1,0,corps,144.06612873994723,1.0128
673,2,177,88.50,2.2,0,corps,143.99611318092568,0.6019
674,4,162,40.50,3.1,0,corps,143.92613262093312,1.1024
675,2,114,57.00,2.2,0,corps,143.85618704247446,0.8064
676,2,47,23.50,2.2,0,corps,143.78627642806333,0.8638
677,2,90,45.00,2.2,0,corps,143.716400760222,1.0156
678,2,279,139.50,2.2,0,corps,143.6465600214816,0.6548
679,3,62,20.67,2.7,0,corps,143.5767541943819,0.9923
680,2,71,35.50,2.2,0,corps,143.50698326147148,1.0386
681,2,330,165.00,2.2,0,corps,143.43724720530764,0.5601
682,2,89,44.50,2.2,0,corps,143.36754600845632,0.8544
683,5,121,24.20,3.6,0,corps,143.2978796534922,1.2575
684,3,145,48.33,2.7,0,corps,143.22824812299874,0.6974
685,2,86,43.00,2.2,0,corps,143.15865139956804,0.8196
686,5,67,13.40,3.6,0,corps,143.0890894658009,1.8291
687,2,73,36.50,2.2,0,corps,143.01956230430685,0.7899
688,2,46,23.00,2.2,0,corps,142.9500698977041,1.1942
689,2,35,17.50,2.2,0,corps,142.88061222861955,1.1104
690,2,84,42.00,2.2,0,corps,142.8111892796888,1.1794
691,2,67,33.50,2.2,0,corps,142.74180103355607,0.8246
692,4,174,43.50,3.1,0,corps,142.67244747287432,2.1696
693,2,133,66.50,2.2,0,corps,142.60312858030517,0.7036
694,2,89,44.50,2.2,0,corps,142.5338443385189,1.0413
695,3,117,39.00,2.7,0,corps,142.46459473019442,0.8688
696,2,76,38.00,2.2,0,corps,142.39537973801936,0.8885
697,2,53,26.50,2.2,0,corps,142.32619934468994,1.0395
698,2,19,9.50,2.2,0,corps,142.25705353291107,1.2949
699,2,75,37.50,2.2,0,corps,142.1879422853963,0.9174
700,2,85,42.50,2.2,0,corps,142.11886558486785,0.7008
701,3,118,39.33,2.7,0,corps,142.0498234140565,0.9492
702,2,58,29.00,2.2,0,corps,141.9808157557017,0.9066
703,2,101,50.50,2.2,0,corps,141.91184259255158,0.7323
704,3,108,36.00,2.7,0,corps,141.84290390736282,1.0836
705,2,84,42.00,2.2,0,corps,141.77399968290075,0.9546
706,2,181,90.50,2.2,0,corps,141.70512990193936,0.6949
707,3,96,32.00,2.7,0,corps,141.6362945472611,1.1820
708,2,164,82.00,2.2,0,corps,141.56749360165725,0.6761
709,3,118,39.33,2.7,0,corps,141.49872704792747,0.8504
710,2,118,59.00,2.2,0,corps,141.4299948688802,0.7465
711,2,128,64.00,2.2,0,corps,141.36129704733233,0.6442
712,2,36,18.00,2.2,0,corps,141.29263356610946,1.2546
713,2,204,102.00,2.2,0,corps,141.2240044080457,0.6720
714,2,116,58.00,2.2,0,corps,141.15540955598377,0.7354
715,2,137,68.50,2.2,0,corps,141.08684899277492,0.7268
716,4,115,28.75,3.1,0,corps,141.01832270127903,1.1309
717,2,77,38.50,2.2,0,corps,140.94983066436455,0.8655
718,2,60,30.00,2.2,0,corps,140.88137286490843,0.7291
719,2,184,92.00,2.2,0,corps,140.81294928579624,0.7734
720,2,74,37.00,2.2,0,corps,140.74455990992206,0.8262
721,2,91,45.50,2.2,0,corps,140.67620472018865,0.6235
722,4,126,31.50,3.1,0,corps,140.60788369950706,0.8192
723,2,58,29.00,2.2,0,corps,140.5395968307971,0.8524
724,3,74,24.67,2.7,0,corps,140.4713440969871,1.1647
725,2,82,41.00,2.2,0,corps,140.40312548101383,0.5201
726,2,115,57.50,2.2,0,corps,140.33494096582265,0.7461
727,2,39,19.50,2.2,0,corps,140.26679053436737,0.9893
728,2,29,14.50,2.2,0,corps,140.19867416961048,1.0843
729,3,56,18.67,2.7,0,corps,140.13059185452283,0.8751
730,2,40,20.00,2.2,0,corps,140.06254357208385,0.9435
731,2,34,17.00,2.2,0,corps,139.9945293052815,1.8318
732,2,61,30.50,2.2,0,corps,139.92654903711215,0.8583
733,5,159,31.80,3.6,0,corps,139.8586027505808,0.7736
734,2,32,16.00,2.2,0,corps,139.79069042870077,1.3714
735,2,87,43.50,2.2,0,corps,139.7228120544941,0.6877
736,4,81,20.25,3.1,0,corps,139.65496761099118,0.7900
737,3,151,50.33,2.7,0,corps,139.58715708123083,1.0129
738,2,86,43.00,2.2,0,corps,139.51938044826048,0.6379
739,2,97,48.50,2.2,0,corps,139.4516376951359,0.8397
740,2,83,41.50,2.2,0,corps,139.3839288049215,0.7277
741,2,64,32.00,2.2,0,corps,139.31625376069002,0.9739
742,2,60,30.00,2.2,0,corps,139.24861254552266,0.7602
743,2,22,11.00,2.2,0,corps,139.18100514250912,2.3129
744,2,287,143.50,2.2,0,corps,139.1134315347476,0.7375
745,3,127,42.33,2.7,0,corps,139.04589170534464,1.0265
746,2,71,35.50,2.2,0,corps,138.97838563741533,1.1758
747,2,38,19.00,2.2,0,corps,138.91091331408313,1.4995
748,2,14,7.00,2.2,0,corps,138.84347471847997,2.1743
749,3,70,23.33,2.7,0,corps,138.77606983374616,1.1812
750,3,133,44.33,2.7,0,corps,138.70869864303057,0.7727
751,3,95,31.67,2.7,0,corps,138.6413611294903,0.9397
752,4,43,10.75,3.1,0,corps,138.574057276291,1.1942
753,2,37,18.50,2.2,0,corps,138.50678706660673,1.1842
754,2,30,15.00,2.2,0,corps,138.43955048361997,1.8163
755,2,43,21.50,2.2,0,corps,138.37234751052148,0.7493
756,2,88,44.00,2.2,0,corps,138.30517813051057,0.7090
757,2,123,61.50,2.2,0,corps,138.2380423267949,0.7649
758,2,41,20.50,2.2,0,corps,138.17094008259053,1.2554
759,2,163,81.50,2.2,0,corps,138.10387138112188,0.5861
760,3,60,20.00,2.7,0,corps,138.03683620562174,1.1201
761,2,132,66.00,2.2,0,corps,137.96983453933137,0.8658
762,2,102,51.00,2.2,0,corps,137.90286636550033,0.8582
763,3,82,27.33,2.7,0,corps,137.8359316673866,1.4019
764,2,48,24.00,2.2,0,corps,137.76903042825646,1.0413
765,2,90,45.00,2.2,0,corps,137.70216263138465,0.9564
766,2,52,26.00,2.2,0,corps,137.63532826005417,0.9172
767,3,99,33.00,2.7,0,corps,137.56852729755644,1.1896
768,2,83,41.50,2.2,0,corps,137.50175972719123,0.5998
769,2,94,47.00,2.2,0,corps,137.43502553226668,0.6439
770,3,68,22.67,2.7,0,corps,137.3683246960992,1.5345
771,2,54,27.00,2.2,0,corps,137.30165720201356,1.2256
772,3,73,24.33,2.7,0,corps,137.2350230333429,1.0524
773,2,84,42.00,2.2,0,corps,137.16842217342875,0.6500
774,2,39,19.50,2.2,0,corps,137.10185460562082,1.0980
775,3,96,32.00,2.7,0,corps,137.0353203132772,1.0205
776,4,77,19.25,3.1,0,corps,136.96881927976438,1.1718
777,2,117,58.50,2.2,0,corps,136.9023514884571,0.6725
778,2,189,94.50,2.2,0,corps,136.83591692273833,0.8150
779,2,180,90.00,2.2,0,corps,136.7695155659995,0.7121
780,2,96,48.00,2.2,0,corps,136.70314740164028,0.7939
781,3,116,38.67,2.7,0,corps,136.63681241306858,0.7266
782,2,78,39.00,2.2,0,corps,136.57051058370067,0.8423
783,2,57,28.50,2.2,0,corps,136.5042418969611,0.9933
784,2,64,32.00,2.2,0,corps,136.43800633628268,0.8005
785,2,121,60.50,2.2,0,corps,136.37180388510657,0.6906
786,2,57,28.50,2.2,0,corps,136.3056345268821,0.7926
787,3,126,42.00,2.7,0,corps,136.23949824506695,0.7009
788,2,148,74.00,2.2,0,corps,136.17339502312706,0.6758
789,2,32,16.00,2.2,0,corps,136.1073248445366,1.0896
790,3,149,49.67,2.7,0,corps,136.04128769277807,0.6862
791,4,169,42.25,3.1,0,corps,135.97528355134213,0.9374
792,3,125,41.67,2.7,0,corps,135.9093124037277,1.0127
793,2,112,56.00,2.2,0,corps,135.84337423344215,0.9570
794,3,127,42.33,2.7,0,corps,135.7774690240008,0.9973
795,2,112,56.00,2.2,0,corps,135.71159675892744,0.7709
796,3,104,34.67,2.7,0,corps,135.6457574217539,1.0833
797,3,210,70.00,2.7,0,corps,135.57995099602041,0.7680
798,2,36,18.00,2.2,0,corps,135.5141774652754,1.1826
799,2,54,27.00,2.2,0,corps,135.4484368130754,0.9238
800,3,150,50.00,2.7,0,corps,135.3827290229853,0.5590
801,2,62,31.00,2.2,0,corps,135.31705407857814,1.0703
802,2,66,33.00,2.2,0,corps,135.25141196343517,1.1015
803,4,170,42.50,3.1,0,corps,135.18580266114589,1.2056
804,2,58,29.00,2.2,0,corps,135.12022615530796,0.9397
805,2,113,56.50,2.2,0,corps,135.05468242952725,0.8645
806,2,50,25.00,2.2,0,corps,134.98917146741783,0.9847
807,2,99,49.50,2.2,0,corps,134.92369325260196,0.8720
808,2,49,24.50,2.2,0,corps,134.85824776871007,1.2837
809,3,124,41.33,2.7,0,corps,134.7928349993808,0.8565
810,2,37,18.50,2.2,0,corps,134.72745492826098,1.3664
811,2,79,39.50,2.2,0,corps,134.66210753900558,0.9773
812,2,17,8.50,2.2,0,corps,134.59679281527772,4.1225
813,2,108,54.00,2.2,0,corps,134.53151074074876,0.8688
814,3,90,30.00,2.7,0,corps,134.46626129909816,1.0652
815,3,75,25.00,2.7,0,corps,134.4010444740136,0.9324
816,2,91,45.50,2.2,0,corps,134.33586024919077,0.8895
817,2,57,28.50,2.2,0,corps,134.27070860833373,1.1971
818,3,56,18.67,2.7,0,corps,134.2055895351545,1.2231
819,2,63,31.50,2.2,0,corps,134.14050301337332,1.7125
820,2,115,57.50,2.2,0,corps,134.0754490267186,0.9380
821,2,45,22.50,2.2,0,corps,134.0104275589268,1.0830
822,5,82,16.40,3.6,0,corps,133.94543859374258,1.9411
823,2,57,28.50,2.2,0,corps,133.88048211491866,0.8448
824,2,106,53.00,2.2,0,corps,133.81555810621597,0.7540
825,2,65,32.50,2.2,0,corps,133.75066655140347,0.7778
826,2,98,49.00,2.2,0,corps,133.6858074342583,0.8349
827,2,22,11.00,2.2,0,corps,133.62098073856563,1.0613
828,2,131,65.50,2.2,0,corps,133.55618644811886,0.8493
829,3,152,50.67,2.7,0,corps,133.49142454671934,1.3604
830,2,52,26.00,2.2,0,corps,133.42669501817664,1.5325
831,2,37,18.50,2.2,0,corps,133.36199784630838,1.3328
832,3,121,40.33,2.7,0,corps,133.29733301494025,0.9301
833,2,34,17.00,2.2,0,corps,133.23270050790606,1.1046
834,2,103,51.50,2.2,0,corps,133.16810030904767,1.1277
835,3,53,17.67,2.7,0,corps,133.10353240221502,0.8811
836,2,58,29.00,2.2,0,corps,133.0389967712661,0.7266
837,2,64,32.00,2.2,0,corps,132.97449340006713,0.7242
838,4,123,30.75,3.1,0,corps,132.91002227249214,0.9128
839,2,103,51.50,2.2,0,corps,132.8455833724234,0.8840
840,5,69,13.80,3.6,0,corps,132.78117668375114,1.5017
841,2,124,62.00,2.2,0,corps,132.71680219037373,0.6613
842,2,83,41.50,2.2,0,corps,132.65245987619755,1.2748
843,3,103,34.33,2.7,0,corps,132.58814972513701,0.7771
844,2,99,49.50,2.2,0,corps,132.5238717211146,0.9360
845,2,23,11.50,2.2,0,corps,132.45962584806074,1.3011
846,2,23,11.50,2.2,0,corps,132.39541208991403,1.6994
847,2,90,45.00,2.2,0,corps,132.33123043062102,0.7389
848,3,128,42.67,2.7,0,corps,132.26708085413628,0.7979
849,2,52,26.00,2.2,0,corps,132.20296334442241,0.7997
850,3,94,31.33,2.7,0,corps,132.13887788545006,1.0016
851,2,55,27.50,2.2,0,corps,132.07482446119786,1.1723
852,2,110,55.00,2.2,0,corps,132.01080305565242,0.8392
853,2,103,51.50,2.2,0,corps,131.94681365280843,1.0458
854,2,71,35.50,2.2,0,corps,131.8828562366685,1.1714
855,2,81,40.50,2.2,0,corps,131.8189307912433,1.2111
856,2,90,45.00,2.2,0,corps,131.75503730055146,0.8051
857,2,147,73.50,2.2,0,corps,131.69117574861963,0.8729
858,2,93,46.50,2.2,0,corps,131.62734611948238,0.9955
859,2,48,24.00,2.2,0,corps,131.56354839718233,0.8522
860,3,102,34.00,2.7,0,corps,131.49978256577003,0.9023
861,3,148,49.33,2.7,0,corps,131.43604860930407,0.7388
862,2,55,27.50,2.2,0,corps,131.37234651185094,1.0007
863,3,66,22.00,2.7,0,corps,131.30867625748505,1.4286
864,2,111,55.50,2.2,0,corps,131.24503783028888,0.7192
865,4,124,31.00,3.1,0,corps,131.18143121435287,1.0256
866,2,46,23.00,2.2,0,corps,131.1178563937753,1.1368
867,3,55,18.33,2.7,0,corps,131.05431335266252,0.8016
868,2,87,43.50,2.2,0,corps,130.99080207512873,0.6743
869,2,103,51.50,2.2,0,corps,130.9273225452961,0.6736
870,3,136,45.33,2.7,0,corps,130.8638747472948,0.9160
871,3,74,24.67,2.7,0,corps,130.8004586652628,1.2849
872,3,52,17.33,2.7,0,corps,130.73707428334617,0.8182
873,5,131,26.20,3.6,0,corps,130.67372158569876,0.8137
874,3,79,26.33,2.7,0,corps,130.6104005564824,0.8174
875,2,108,54.00,2.2,0,corps,130.54711117986685,0.8092
876,3,101,33.67,2.7,0,corps,130.48385344002972,0.6979
877,2,59,29.50,2.2,0,corps,130.42062732115664,0.9253
878,3,105,35.00,2.7,0,corps,130.35743280744106,1.0564
879,2,56,28.00,2.2,0,corps,130.29426988308433,0.7631
880,2,48,24.00,2.2,0,corps,130.23113853229572,0.9356
881,3,78,26.00,2.7,0,corps,130.1680387392924,1.1786
882,2,76,38.00,2.2,0,corps,130.10497048829941,1.2100
883,3,56,18.67,2.7,0,corps,130.04193376354974,1.5024
884,4,102,25.50,3.1,0,corps,129.97892854928412,1.3935
885,4,49,12.25,3.1,0,corps,129.9159548297513,8.4722
886,2,88,44.00,2.2,0,corps,129.85301258920788,1.1470
887,3,120,40.00,2.7,0,corps,129.79010181191825,1.0353
888,2,51,25.50,2.2,0,corps,129.7272224821547,1.3831
889,2,97,48.50,2.2,0,corps,129.66437458419745,1.0684
890,2,34,17.00,2.2,0,corps,129.60155810233448,1.5597
891,2,45,22.50,2.2,0,corps,129.5387730208617,1.8065
892,5,107,21.40,3.6,0,corps,129.47601932408284,1.4547
893,2,19,9.50,2.2,0,corps,129.41329699630944,3.5304
894,2,62,31.00,2.2,0,corps,129.35060602186098,0.9814
895,2,37,18.50,2.2,0,corps,129.28794638506466,1.3002
896,3,90,30.00,2.7,0,corps,129.22531807025558,1.2237
897,2,103,51.50,2.2,0,corps,129.16272106177667,1.2068
898,3,55,18.33,2.7,0,corps,129.10015534397868,1.3742
899,3,126,42.00,2.7,0,corps,129.0376209012202,1.2264
900,3,88,29.33,2.7,0,corps,128.9751177178676,1.3827
901,2,136,68.00,2.2,0,corps,128.91264577829503,0.6508
902,2,94,47.00,2.2,0,corps,128.85020506688457,0.5721
903,4,191,47.75,3.1,0,corps,128.78779556802604,0.9812
904,2,52,26.00,2.2,0,corps,128.72541726611706,0.8986
905,3,81,27.00,2.7,0,corps,128.66307014556304,0.7932
906,4,96,24.00,3.1,0,corps,128.6007541907772,0.9580
907,3,77,25.67,2.7,0,corps,128.53846938618054,0.9677
908,4,82,20.50,3.1,0,corps,128.47621571620192,1.0016
909,3,48,16.00,2.7,0,corps,128.41399316527784,1.6848
910,2,58,29.00,2.2,0,corps,128.35180171785274,0.9784
911,2,114,57.00,2.2,0,corps,128.28964135837867,0.7209
912,2,102,51.00,2.2,0,corps,128.2275120713156,0.7896
913,2,78,39.00,2.2,0,corps,128.1654138411312,0.6202
914,3,134,44.67,2.7,0,corps,128.10334665230093,0.8174
915,5,180,36.00,3.6,0,corps,128.04131048930793,0.8292
916,2,21,10.50,2.2,0,corps,127.97930533664324,2.3025
917,2,41,20.50,2.2,0,corps,127.91733117880548,1.7110
918,2,62,31.00,2.2,0,corps,127.8553880003012,1.3373
919,2,60,30.00,2.2,0,corps,127.79347578564455,1.2503
920,2,48,24.00,2.2,0,corps,127.7315945193575,1.2140
921,4,182,45.50,3.1,0,corps,127.6697441859697,0.8748
922,2,113,56.50,2.2,0,corps,127.60792477001863,1.0400
923,4,72,18.00,3.1,0,corps,127.54613625604935,1.0047
924,2,79,39.50,2.2,0,corps,127.48437862861482,0.7783
925,5,171,34.20,3.6,0,corps,127.42265187227557,0.7640
926,4,109,27.25,3.1,0,corps,127.36095597159994,3.4563
927,2,56,28.00,2.2,0,corps,127.29929091116392,0.8379
928,2,30,15.00,2.2,0,corps,127.23765667555129,1.0715
929,2,66,33.00,2.2,0,corps,127.17605324935346,0.8192
930,2,57,28.50,2.2,0,corps,127.11448061716959,0.7963
931,2,96,48.00,2.2,0,corps,127.05293876360653,0.6211
932,2,94,47.00,2.2,0,corps,126.99142767327878,0.6890
933,3,166,55.33,2.7,0,corps,126.9299473308086,0.6980
934,2,60,30.00,2.2,0,corps,126.86849772082589,1.1092
935,3,126,42.00,2.7,0,corps,126.80707882796827,0.6497
936,2,37,18.50,2.2,0,corps,126.74569063688097,0.7225
937,2,55,27.50,2.2,0,corps,126.68433313221699,0.8189
938,2,63,31.50,2.2,0,corps,126.6230062986369,1.1908
939,3,113,37.67,2.7,0,corps,126.56171012080905,0.6396
940,4,92,23.00,3.1,0,corps,126.50044458340935,0.7063
941,3,132,44.00,2.7,0,corps,126.43920967112146,0.7665
942,2,55,27.50,2.2,0,corps,126.37800536863662,0.9127
943,2,79,39.50,2.2,0,corps,126.31683166065373,0.9644
944,4,89,22.25,3.1,0,corps,126.25568853187943,1.3988
945,3,84,28.00,2.7,0,corps,126.19457596702787,0.8417
946,3,94,31.33,2.7,0,corps,126.13349395082093,0.8390
947,5,169,33.80,3.6,0,corps,126.07244246798817,2.2878
948,5,121,24.20,3.6,0,corps,126.0114215032666,1.4803
949,2,63,31.50,2.2,0,corps,125.95043104140106,1.0132
950,5,258,51.60,3.6,0,corps,125.88947106714394,0.9069
951,4,96,24.00,3.1,0,corps,125.82854156525521,1.0528
952,4,140,35.00,3.1,0,corps,125.7676425205025,1.1841
953,2,73,36.50,2.2,0,corps,125.70677391766105,1.1845
954,3,88,29.33,2.7,0,corps,125.64593574151372,1.0577
955,2,65,32.50,2.2,0,corps,125.58512797685096,0.9765
956,3,42,14.00,2.7,0,corps,125.52435060847083,1.6000
957,2,66,33.00,2.2,0,corps,125.46360362117896,0.9417
958,4,101,25.25,3.1,0,corps,125.40288699978865,1.1759
959,2,118,59.00,2.2,0,corps,125.34220072912072,0.8102
960,2,65,32.50,2.2,0,corps,125.2815447940036,1.1601
961,3,103,34.33,2.7,0,corps,125.22091917927331,1.1050
962,3,81,27.00,2.7,0,corps,125.16032386977346,1.1928
963,2,49,24.50,2.2,0,corps,125.0997588503552,1.4950
964,3,68,22.67,2.7,0,corps,125.0392241058773,1.6713
965,4,90,22.50,3.1,0,corps,124.97871962120601,1.3848
966,5,117,23.40,3.6,0,corps,124.9182453812153,1.0505
967,3,63,21.00,2.7,0,corps,124.85780137078655,1.0406
968,2,131,65.50,2.2,0,corps,124.79738757480878,0.8883
969,2,45,22.50,2.2,0,corps,124.7370039781785,0.9318
970,3,38,12.67,2.7,0,corps,124.67665056579989,1.3741
971,2,79,39.50,2.2,0,corps,124.61632732258454,1.1472
972,6,137,22.83,4.0,0,corps,124.55603423345163,1.5201
973,2,64,32.00,2.2,0,corps,124.4957712833279,1.4609
974,4,123,30.75,3.1,0,corps,124.43553845714763,1.3133
975,3,83,27.67,2.7,0,corps,124.3753357398526,1.1854
976,4,171,42.75,3.1,0,corps,124.31516311639214,1.0070
977,2,81,40.50,2.2,0,corps,124.25502057172308,1.1222
978,5,131,26.20,3.6,0,corps,124.19490809080978,1.0564
979,6,122,20.33,4.0,0,corps,124.13482565862415,1.4874
980,3,165,55.00,2.7,0,corps,124.07477326014555,1.2553
981,2,67,33.50,2.2,0,corps,124.01475088036089,0.9434
982,3,49,16.33,2.7,0,corps,123.95475850426459,1.3299
983,4,97,24.25,3.1,0,corps,123.89479611685852,1.3615
984,2,31,15.50,2.2,0,corps,123.83486370315211,1.3717
985,2,30,15.00,2.2,0,corps,123.77496124816226,1.4319
986,2,43,21.50,2.2,0,corps,123.7150887369133,1.2417
987,3,69,23.00,2.7,0,corps,123.6552461544372,2.4818
988,5,121,24.20,3.6,0,corps,123.59543348577324,1.3518
989,4,41,10.25,3.1,0,corps,123.53565071596829,1.9737
990,5,97,19.40,3.6,0,corps,123.47589783007662,1.2743
991,3,106,35.33,2.7,0,corps,123.41617481316005,1.1197
992,2,75,37.50,2.2,0,corps,123.35648165028779,0.8204
993,2,43,21.50,2.2,0,corps,123.29681832653657,1.4163
994,4,202,50.50,3.1,0,corps,123.23718482699056,1.0270
995,3,36,12.00,2.7,0,corps,123.17758113674138,2.0062
996,3,83,27.67,2.7,0,corps,123.11800724088806,1.1761
997,4,126,31.50,3.1,0,corps,123.05846312453723,1.1754
998,2,62,31.00,2.2,0,corps,122.99894877280278,1.0382
999,4,69,17.25,3.1,0,corps,122.93946417080615,1.5203
1000,2,90,45.00,2.2,0,corps,122.88000930367615,0.8101
1001,4,113,28.25,3.1,0,corps,122.82058415654913,1.1989
1002,2,42,21.00,2.2,0,corps,122.76118871456876,1.0902
1003,2,45,22.50,2.2,0,corps,122.70182296288617,1.4087
1004,2,51,25.50,2.2,0,corps,122.64248688665995,1.2226
1005,3,104,34.67,2.7,0,corps,122.58318047105607,0.9524
1006,2,158,79.00,2.2,0,corps,122.52390370124793,0.7907
1007,2,126,63.00,2.2,0,corps,122.46465656241632,1.0566
1008,2,54,27.00,2.2,0,corps,122.40543903974948,0.9721
1009,2,53,26.50,2.2,0,corps,122.34625111844304,0.9281
1010,2,204,102.00,2.2,0,corps,122.28709278369993,0.7605
1011,5,216,43.20,3.6,0,corps,122.22796402073071,0.8425
1012,3,52,17.33,2.7,0,corps,122.16886481475304,1.3449
1013,5,56,11.20,3.6,0,corps,122.10979515099223,1.4178
1014,2,25,12.50,2.2,0,corps,122.05075501468082,1.0291
1015,2,72,36.00,2.2,0,corps,121.99174439105877,0.9814
1016,2,79,39.50,2.2,0,corps,121.93276326537344,1.0761
1017,3,92,30.67,2.7,0,corps,121.87381162287953,0.9168
1018,6,95,15.83,4.0,0,corps,121.81488944883915,1.1960
1019,2,32,16.00,2.2,0,corps,121.75599672852175,1.1241
1020,4,116,29.00,3.1,0,corps,121.69713344720412,0.9531
1021,3,69,23.00,2.7,0,corps,121.63829959017048,1.3433
1022,2,100,50.00,2.2,0,corps,121.57949514271236,0.8912
1023,2,96,48.00,2.2,0,corps,121.52072009012865,0.9180
1024,2,71,35.50,2.2,0,corps,121.46197441772553,0.7006
1025,2,70,35.00,2.2,0,corps,121.40325811081667,1.0174
1026,2,83,41.50,2.2,0,corps,121.34457115472293,0.9599
1027,2,26,13.00,2.2,0,corps,121.28591353477259,1.3154
1028,2,88,44.00,2.2,0,corps,121.22728523630121,0.6963
1029,2,84,42.00,2.2,0,corps,121.16868624465182,0.7695
1030,2,73,36.50,2.2,0,corps,121.11011654517453,0.7375
1031,3,83,27.67,2.7,0,corps,121.05157612322705,1.2347
1032,2,41,20.50,2.2,0,corps,120.99306496417417,0.9602
1033,3,61,20.33,2.7,0,corps,120.93458305338815,1.5763
1034,3,73,24.33,2.7,0,corps,120.87613037624851,0.9348
1035,3,122,40.67,2.7,0,corps,120.81770691814206,1.0374
1036,3,75,25.00,2.7,0,corps,120.75931266446295,1.1058
1037,4,170,42.50,3.1,0,corps,120.70094760061265,0.9733
1038,3,80,26.67,2.7,0,corps,120.64261171199982,1.3600
1039,3,47,15.67,2.7,0,corps,120.58430498404053,1.7533
1040,3,65,21.67,2.7,0,corps,120.52602740215809,0.9946
1041,2,101,50.50,2.2,0,corps,120.46777895178313,0.6863
1042,2,88,44.00,2.2,0,corps,120.40955961835347,0.6660
1043,3,57,19.00,2.7,0,corps,120.35136938731436,0.8996
1044,3,55,18.33,2.7,0,corps,120.2932082441182,1.0685
1045,2,50,25.00,2.2,0,corps,120.2350761742247,0.8154
1046,5,118,23.60,3.6,0,corps,120.17697316310085,1.2448
1047,3,65,21.67,2.7,0,corps,120.1188991962209,1.1240
1048,2,110,55.00,2.2,0,corps,120.06085425906635,0.5820
1049,4,91,22.75,3.1,0,corps,120.00283833712595,0.7943
1050,3,86,28.67,2.7,0,corps,119.94485141589577,0.7716
1051,4,72,18.00,3.1,0,corps,119.88689348087904,1.4058
1052,3,50,16.67,2.7,0,corps,119.82896451758627,1.0354
1053,2,70,35.00,2.2,0,corps,119.77106451153523,0.9080
1054,2,78,39.00,2.2,0,corps,119.71319344825093,0.7652
1055,2,55,27.50,2.2,0,corps,119.65535131326558,0.6455
1056,2,43,21.50,2.2,0,corps,119.59753809211868,0.9978
1057,2,55,27.50,2.2,0,corps,119.53975377035692,0.7543
1058,3,90,30.00,2.7,0,corps,119.48199833353416,0.9927
1059,2,46,23.00,2.2,0,corps,119.42427176721162,0.9665
1060,2,65,32.50,2.2,0,corps,119.3665740569576,0.8383
1061,2,47,23.50,2.2,0,corps,119.30890518834774,1.1781
1062,2,60,30.00,2.2,0,corps,119.25126514696474,1.1922
1063,6,108,18.00,4.0,0,corps,119.19365391839862,1.6054
1064,2,75,37.50,2.2,0,corps,119.13607148824659,1.2273
1065,4,195,48.75,3.1,0,corps,119.07851784211306,1.0347
1066,6,135,22.50,4.0,0,corps,119.02099296560955,2.9158
1067,4,93,23.25,3.1,0,corps,118.96349684435489,1.3514
1068,3,64,21.33,2.7,0,corps,118.90602946397506,0.9708
1069,2,52,26.00,2.2,0,corps,118.84859081010318,1.1687
1070,5,61,12.20,3.6,0,corps,118.79118086837957,1.9066
1071,6,116,19.33,4.0,0,corps,118.7337996244518,1.2903
1072,2,77,38.50,2.2,0,corps,118.67644706397455,1.0361
1073,2,37,18.50,2.2,0,corps,118.61912317260965,0.9960
1074,3,89,29.67,2.7,0,corps,118.56182793602615,1.2240
1075,4,70,17.50,3.1,0,corps,118.50456133990022,1.6387
1076,2,43,21.50,2.2,0,corps,118.44732336991524,1.1807
1077,3,104,34.67,2.7,0,corps,118.39011401176167,0.9482
1078,6,128,21.33,4.0,0,corps,118.3329332511372,1.8234
1079,2,57,28.50,2.2,0,corps,118.27578107374666,0.9207
1080,2,118,59.00,2.2,0,corps,118.21865746530197,0.7595
1081,5,112,22.40,3.6,0,corps,118.16156241152225,0.9786
1082,3,80,26.67,2.7,0,corps,118.10449589813372,1.3960
1083,2,40,20.00,2.2,0,corps,118.04745791086977,1.2193
1084,2,56,28.00,2.2,0,corps,117.99044843547088,0.8142
1085,2,58,29.00,2.2,0,corps,117.9334674576847,1.2497
1086,3,60,20.00,2.7,0,corps,117.87651496326596,0.9611
1087,3,82,27.33,2.7,0,corps,117.81959093797656,0.9847
1088,2,34,17.00,2.2,0,corps,117.76269536758551,1.3145
1089,3,117,39.00,2.7,0,corps,117.70582823786889,0.9241
1090,2,39,19.50,2.2,0,corps,117.6489895346099,1.6664
1091,2,39,19.50,2.2,0,corps,117.59217924359888,1.0583
1092,3,35,11.67,2.7,0,corps,117.53539735063327,2.2305
1093,3,100,33.33,2.7,0,corps,117.47864384151761,0.8900
1094,5,125,25.00,3.6,0,corps,117.4219187020635,4.2532
1095,5,158,31.60,3.6,0,corps,117.36522191808965,0.7641
1096,6,116,19.33,4.0,0,corps,117.30855347542185,1.0547
1097,4,88,22.00,3.1,0,corps,117.25191335989302,1.5161
1098,2,96,48.00,2.2,0,corps,117.19530155734313,0.9105
1099,3,57,19.00,2.7,0,corps,117.1387180536192,1.2444
1100,2,125,62.50,2.2,0,corps,117.08216283457537,0.5734
1101,2,49,24.50,2.2,0,corps,117.02563588607286,0.9230
1102,4,163,40.75,3.1,0,corps,116.96913719397992,0.9174
1103,2,72,36.00,2.2,0,corps,116.91266674417184,1.0961
1104,4,64,16.00,3.1,0,corps,116.85622452253104,1.6511
1105,2,60,30.00,2.2,0,corps,116.79981051494697,1.4514
1106,7,154,22.00,4.4,0,corps,116.74342470731611,1.3030
1107,2,32,16.00,2.2,0,corps,116.68706708554201,1.4214
1108,2,88,44.00,2.2,0,corps,116.63073763553528,0.9888
1109,9,171,19.00,5.3,0,corps,116.57443634321353,1.3845
1110,3,86,28.67,2.7,0,corps,116.51816319450145,1.1872
1111,4,48,12.00,3.1,0,corps,116.46191817533078,2.0393
1112,5,85,17.00,3.6,0,corps,116.40570127164021,1.2900
1113,2,95,47.50,2.2,0,corps,116.34951246937557,1.0536
1114,2,31,15.50,2.2,0,corps,116.2933517544896,2.1339
1115,3,62,20.67,2.7,0,corps,116.23721911294219,1.0662
1116,2,52,26.00,2.2,0,corps,116.1811145307001,1.3673
1117,3,104,34.67,2.7,0,corps,116.12503799373725,0.8351
1118,2,56,28.00,2.2,0,corps,116.0689894880345,0.9760
1119,2,36,18.00,2.2,0,corps,116.0129689995797,1.1517
1120,3,78,26.00,2.7,0,corps,115.95697651436771,1.1666
1121,4,96,24.00,3.1,0,corps,115.90101201840046,1.0479
1122,2,31,15.50,2.2,0,corps,115.84507549768676,1.0598
1123,3,137,45.67,2.7,0,corps,115.78916693824257,1.1280
1124,2,92,46.00,2.2,0,corps,115.73328632609064,0.9269
1125,2,59,29.50,2.2,0,corps,115.67743364726091,0.7283
1126,2,37,18.50,2.2,0,corps,115.62160888779019,1.0747
1127,3,60,20.00,2.7,0,corps,115.56581203372221,1.9875
1128,2,55,27.50,2.2,0,corps,115.51004307110786,1.1959
1129,2,77,38.50,2.2,0,corps,115.45430198600486,1.2883
1130,3,54,18.00,2.7,0,corps,115.39858876447795,1.9448
1131,4,89,22.25,3.1,0,corps,115.34290339259879,0.9852
1132,3,36,12.00,2.7,0,corps,115.28724585644605,2.3557
1133,2,47,23.50,2.2,0,corps,115.23161614210535,1.1394
1134,2,74,37.00,2.2,0,corps,115.1760142356693,1.0966
1135,4,97,24.25,3.1,0,corps,115.12044012323734,0.8004
1136,4,63,15.75,3.1,0,corps,115.06489379091602,7.7921
1137,2,60,30.00,2.2,0,corps,115.00937522481875,1.1811
1138,2,77,38.50,2.2,0,corps,114.95388441106584,1.0430
1139,7,103,14.71,4.4,0,corps,114.8984213357846,4.1880
1140,2,81,40.50,2.2,0,corps,114.84298598510927,1.0350
1141,2,53,26.50,2.2,0,corps,114.787578345181,1.1447
1142,2,20,10.00,2.2,0,corps,114.73219840214794,2.1902
1143,2,97,48.50,2.2,0,corps,114.67684614216505,0.9773
1144,7,144,20.57,4.4,0,corps,114.62152155139424,1.9891
1145,6,128,21.33,4.0,0,corps,114.5662246160044,2.4702
1146,2,91,45.50,2.2,0,corps,114.51095532217133,1.1108
1147,2,55,27.50,2.2,0,corps,114.45571365607763,1.2613
1148,2,82,41.00,2.2,0,corps,114.40049960391292,0.8433
1149,3,53,17.67,2.7,0,corps,114.34531315187368,1.3405
1150,2,62,31.00,2.2,0,corps,114.29015428616331,1.2061
1151,2,29,14.50,2.2,0,corps,114.23502299299209,1.6787
1152,3,31,10.33,2.7,0,corps,114.1799192585772,3.0851
1153,2,97,48.50,2.2,0,corps,114.12484306914268,1.2661
1154,4,84,21.00,3.1,0,corps,114.06979441091953,5.9707
1155,3,105,35.00,2.7,0,corps,114.01477327014553,1.7809
1156,2,85,42.50,2.2,0,corps,113.95977963306542,1.4448
1157,2,126,63.00,2.2,0,corps,113.90481348593082,1.0245
1158,3,60,20.00,2.7,0,corps,113.84987481500013,1.5630
1159,2,58,29.00,2.2,0,corps,113.79496360653873,1.1561
1160,3,54,18.00,2.7,0,corps,113.7400798468188,1.6916
1161,5,110,22.00,3.6,0,corps,113.6852235221194,1.4093
1162,2,30,15.00,2.2,0,corps,113.63039461872646,1.9763
1163,4,53,13.25,3.1,0,corps,113.57559312293273,6.6798
1164,4,121,30.25,3.1,0,corps,113.52081902103788,1.5008
1165,3,85,28.33,2.7,0,corps,113.46607229934833,1.2300
1166,2,37,18.50,2.2,0,corps,113.41135294417744,1.3086
1167,4,109,27.25,3.1,0,corps,113.35666094184535,1.8562
1168,2,41,20.50,2.2,0,corps,113.3019962786791,1.4759
1169,2,72,36.00,2.2,0,corps,113.24735894101244,0.9845
1170,2,80,40.00,2.2,0,corps,113.19274891518609,1.0690
1171,2,49,24.50,2.2,0,corps,113.13816618754755,0.9871
1172,5,129,25.80,3.6,0,corps,113.08361074445112,1.2955
1173,3,75,25.00,2.7,0,corps,113.02908257225795,1.3217
1174,3,101,33.67,2.7,0,corps,112.97458165733599,1.1777
1175,2,115,57.50,2.2,0,corps,112.92010798605997,0.7734
1176,2,41,20.50,2.2,0,corps,112.86566154481157,1.1885
1177,3,142,47.33,2.7,0,corps,112.81124231997912,0.8876
1178,2,43,21.50,2.2,0,corps,112.75685029795781,1.0289
1179,3,64,21.33,2.7,0,corps,112.70248546514962,1.1891
1180,3,93,31.00,2.7,0,corps,112.6481478079634,0.8823
1181,4,107,26.75,3.1,0,corps,112.59383731281464,1.6614
1182,3,56,18.67,2.7,0,corps,112.53955396612582,1.2814
1183,3,112,37.33,2.7,0,corps,112.48529775432606,1.1911
1184,2,62,31.00,2.2,0,corps,112.43106866385129,1.2899
1185,4,102,25.50,3.1,0,corps,112.37686668114422,1.4465
1186,2,75,37.50,2.2,0,corps,112.32269179265441,1.1514
1187,2,57,28.50,2.2,0,corps,112.26854398483812,1.3556
1188,4,99,24.75,3.1,0,corps,112.2144232441584,1.1924
1189,2,61,30.50,2.2,0,corps,112.16032955708503,0.7763
1190,2,62,31.00,2.2,0,corps,112.10626291009464,0.7824
1191,3,38,12.67,2.7,0,corps,112.05222328967051,1.7943
1192,2,30,15.00,2.2,0,corps,111.99821068230278,1.4404
1193,7,99,14.14,4.4,0,corps,111.94422507448829,1.4789
1194,7,140,20.00,4.4,0,corps,111.89026645273063,1.3096
1195,3,46,15.33,2.7,0,corps,111.83633480354014,1.2688
1196,2,35,17.50,2.2,0,corps,111.78243011343392,1.2209
1197,4,61,15.25,3.1,0,corps,111.72855236893575,1.4834
1198,6,106,17.67,4.0,0,corps,111.67470155657628,1.3952
1199,3,67,22.33,2.7,0,corps,111.62087766289272,1.3976
1200,2,68,34.00,2.2,0,corps,111.56708067442918,0.7885
1201,3,101,33.67,2.7,0,corps,111.51331057773635,0.7876
1202,2,34,17.00,2.2,0,corps,111.45956735937173,1.0899
1203,2,43,21.50,2.2,0,corps,111.4058510058995,0.9641
1204,5,82,16.40,3.6,0,corps,111.3521615038906,1.3872
1205,4,161,40.25,3.1,0,corps,111.2984988399226,2.7209
1206,3,114,38.00,2.7,0,corps,111.24486300057987,1.9667
1207,2,33,16.50,2.2,0,corps,111.19125397245348,1.3983
1208,5,122,24.40,3.6,0,corps,111.13767174214114,1.4473
1209,2,14,7.00,2.2,0,corps,111.08411629624729,1.7427
1210,4,109,27.25,3.1,0,corps,111.03058762138305,1.2512
1211,2,109,54.50,2.2,0,corps,110.97708570416629,0.8739
1212,2,76,38.00,2.2,0,corps,110.9236105312215,1.0421
1213,7,130,18.57,4.4,0,corps,110.8701620891799,1.5568
1214,2,38,19.00,2.2,0,corps,110.81674036467942,1.2972
1215,4,96,24.00,3.1,0,corps,110.76334534436454,1.3837
1216,4,146,36.50,3.1,0,corps,110.70997701488656,1.0616
1217,4,54,13.50,3.1,0,corps,110.65663536290337,1.5890
1218,2,54,27.00,2.2,0,corps,110.60332037507963,0.9881
1219,7,137,19.57,4.4,0,corps,110.55003203808651,3.4011
1220,3,85,28.33,2.7,0,corps,110.49677033860196,1.6503
1221,4,132,33.00,3.1,0,corps,110.44353526331054,1.9446
1222,5,71,14.20,3.6,0,corps,110.3903267989035,0.9320
1223,3,65,21.67,2.7,0,corps,110.33714493207869,1.0999
1224,2,81,40.50,2.2,0,corps,110.28398964954071,1.2734
1225,2,34,17.00,2.2,0,corps,110.23086093800067,1.8249
1226,3,37,12.33,2.7,0,corps,110.17775878417642,1.3886
1227,3,133,44.33,2.7,0,corps,110.12468317479242,0.7348
1228,7,165,23.57,4.4,0,corps,110.07163409657976,1.5425
1229,3,72,24.00,2.7,0,corps,110.01861153627618,1.0220
1230,4,104,26.00,3.1,0,corps,109.96561548062604,1.2859
1231,3,105,35.00,2.7,0,corps,109.91264591638033,1.1354
1232,2,44,22.00,2.2,0,corps,109.85970283029664,0.7127
1233,3,78,26.00,2.7,0,corps,109.80678620913922,0.8347
1234,2,39,19.50,2.2,0,corps,109.75389603967889,1.9279
1235,4,101,25.25,3.1,0,corps,109.70103230869313,0.9483
1236,2,72,36.00,2.2,0,corps,109.64819500296599,0.7170
1237,6,92,15.33,4.0,0,corps,109.59538410928813,1.6762
1238,3,72,24.00,2.7,0,corps,109.54259961445689,0.9962
1239,4,110,27.50,3.1,0,corps,109.48984150527608,1.1102
1240,2,105,52.50,2.2,0,corps,109.43710976855621,0.8797
1241,2,59,29.50,2.2,0,corps,109.3844043911143,1.1882
1242,2,41,20.50,2.2,0,corps,109.33172535977407,1.8866
1243,2,64,32.00,2.2,0,corps,109.27907266136572,1.1166
1244,2,31,15.50,2.2,0,corps,109.22644628272606,1.0010
1245,2,32,16.00,2.2,0,corps,109.17384621069854,1.9880
1246,2,33,16.50,2.2,0,corps,109.12127243213314,1.4732
1247,2,77,38.50,2.2,0,corps,109.06872493388637,0.9589
1248,3,75,25.00,2.7,0,corps,109.01620370282139,1.5081
1249,4,113,28.25,3.1,0,corps,108.96370872580788,0.7468
1250,2,60,30.00,2.2,0,corps,108.91123998972209,1.2699
1251,5,127,25.40,3.6,0,corps,108.85879748144684,3.2967
1252,2,57,28.50,2.2,0,corps,108.80638118787151,1.1375
1253,3,51,17.00,2.7,0,corps,108.75399109589206,1.2834
1254,2,96,48.00,2.2,0,corps,108.7016271924109,0.8808
1255,5,139,27.80,3.6,0,corps,108.64928946433707,1.2745
1256,6,85,14.17,4.0,0,corps,108.59697789858618,1.3642
1257,2,56,28.00,2.2,0,corps,108.54469248208028,1.1593
1258,3,88,29.33,2.7,0,corps,108.49243320174806,1.2372
1259,6,93,15.50,4.0,0,corps,108.44020004452469,1.5172
1260,3,76,25.33,2.7,0,corps,108.38799299735184,1.3479
1261,3,49,16.33,2.7,0,corps,108.33581204717784,1.2533
1262,2,70,35.00,2.2,0,corps,108.28365718095733,1.1577
1263,8,197,24.62,4.9,0,corps,108.23152838565173,1.2029
1264,3,145,48.33,2.7,0,corps,108.17942564822872,0.9479
1265,5,97,19.40,3.6,0,corps,108.12734895566267,1.6093
1266,2,68,34.00,2.2,0,corps,108.07529829493441,0.9433
1267,2,39,19.50,2.2,0,corps,108.02327365303128,0.8193
1268,4,79,19.75,3.1,0,corps,107.97127501694708,1.0466
1269,2,58,29.00,2.2,0,corps,107.91930237368219,0.8779
1270,3,32,10.67,2.7,0,corps,107.86735571024344,1.5458
1271,3,65,21.67,2.7,0,corps,107.81543501364412,0.8464
1272,7,143,20.43,4.4,0,corps,107.76354027090413,1.2609
1273,2,82,41.00,2.2,0,corps,107.71167146904976,0.7799
1274,2,59,29.50,2.2,0,corps,107.65982859511377,1.0676
1275,6,84,14.00,4.0,0,corps,107.60801163613549,1.3607
1276,7,99,14.14,4.4,0,corps,107.55622057916064,1.6526
1277,2,32,16.00,2.2,0,corps,107.50445541124148,0.8996
1278,2,53,26.50,2.2,0,corps,107.4527161194367,1.0388
1279,2,36,18.00,2.2,0,corps,107.40100269081152,1.5051
1280,2,50,25.00,2.2,0,corps,107.34931511243752,1.8092
1281,5,99,19.80,3.6,0,corps,107.29765337139285,1.2720
1282,5,54,10.80,3.6,0,corps,107.24601745476205,1.5201
1283,4,129,32.25,3.1,0,corps,107.19440734963617,1.1114
1284,6,155,25.83,4.0,0,corps,107.14282304311264,0.9151
1285,7,132,18.86,4.4,0,corps,107.09126452229545,1.3586
1286,5,101,20.20,3.6,0,corps,107.03973177429489,1.6178
1287,4,57,14.25,3.1,0,corps,106.98822478622783,1.5679
1288,2,55,27.50,2.2,0,corps,106.9367435452175,0.9297
1289,2,21,10.50,2.2,0,corps,106.88528803839358,1.5684
1290,4,135,33.75,3.1,0,corps,106.83385825289223,1.1416
1291,4,120,30.00,3.1,0,corps,106.78245417585595,0.8930
1292,8,88,11.00,4.9,0,corps,106.73107579443375,1.9621
1293,3,56,18.67,2.7,0,corps,106.67972309578104,1.1438
1294,2,115,57.50,2.2,0,corps,106.62839606705965,0.7930
1295,5,125,25.00,3.6,0,corps,106.5770946954378,1.1841
1296,2,48,24.00,2.2,0,corps,106.52581896809015,0.9700
1297,10,122,12.20,5.8,0,corps,106.47456887219782,1.6419
1298,2,25,12.50,2.2,0,corps,106.42334439494819,0.9787
1299,2,85,42.50,2.2,0,corps,106.37214552353522,0.9449
1300,3,78,26.00,2.7,0,corps,106.32097224515915,1.2405
1301,3,41,13.67,2.7,0,corps,106.26982454702669,1.3297
1302,3,69,23.00,2.7,0,corps,106.21870241635088,1.3036
1303,6,95,15.83,4.0,0,corps,106.16760584035121,2.0633
1304,7,116,16.57,4.4,0,corps,106.11653480625354,4.7203
1305,3,75,25.00,2.7,0,corps,106.06548930129011,1.2639
1306,8,92,11.50,4.9,0,corps,106.0144693126995,2.3003
1307,5,92,18.40,3.6,0,corps,105.96347482772681,1.7452
1308,2,20,10.00,2.2,0,corps,105.91250583362333,1.9652
1309,3,57,19.00,2.7,0,corps,105.86156231764683,1.2052
1310,2,69,34.50,2.2,0,corps,105.81064426706143,1.0673
1311,3,59,19.67,2.7,0,corps,105.75975166913764,1.3916
1312,2,28,14.00,2.2,0,corps,105.70888451115232,1.9575
1313,3,58,19.33,2.7,0,corps,105.65804278038864,1.0876
1314,3,69,23.00,2.7,0,corps,105.60722646413616,1.1537
1315,2,89,44.50,2.2,0,corps,105.55643554969085,1.3689
1316,2,55,27.50,2.2,0,corps,105.50567002435496,1.7780
1317,8,88,11.00,4.9,0,corps,105.4549298754371,1.7461
1318,2,102,51.00,2.2,0,corps,105.40421509025224,0.9891
1319,3,103,34.33,2.7,0,corps,105.35352565612169,1.5428
1320,4,79,19.75,3.1,0,corps,105.30286156037305,1.8081
1321,2,59,29.50,2.2,0,corps,105.25222279034034,1.1039
1322,3,62,20.67,2.7,0,corps,105.20160933336386,1.6044
1323,5,121,24.20,3.6,0,corps,105.15102117679025,1.1303
1324,2,50,25.00,2.2,0,corps,105.10045830797246,1.1621
1325,2,57,28.50,2.2,0,corps,105.04992071426975,0.9703
1326,3,76,25.33,2.7,0,corps,104.99940838304778,1.3331
1327,6,122,20.33,4.0,0,corps,104.94892130167841,2.1579
1328,2,54,27.00,2.2,0,corps,104.89845945753989,0.8959
1329,7,129,18.43,4.4,0,corps,104.84802283801675,3.0314
1330,3,76,25.33,2.7,0,corps,104.79761143049986,1.0283
1331,4,58,14.50,3.1,0,corps,104.74722522238635,1.5374
1332,4,52,13.00,3.1,0,corps,104.69686420107966,1.4050
1333,2,74,37.00,2.2,0,corps,104.64652835398958,1.4497
1334,4,142,35.50,3.1,0,corps,104.59621766853209,1.1797
1335,2,72,36.00,2.2,0,corps,104.54593213212955,1.1397
1336,2,96,48.00,2.2,0,corps,104.49567173221055,0.8733
1337,2,62,31.00,2.2,0,corps,104.44543645621,1.1089
1338,5,51,10.20,3.6,0,corps,104.3952262915691,2.2070
1339,2,108,54.00,2.2,0,corps,104.34504122573529,0.7043
1340,5,107,21.40,3.6,0,corps,104.29488124616233,1.4155
1341,2,39,19.50,2.2,0,corps,104.2447463403102,1.0312
1342,5,61,12.20,3.6,0,corps,104.19463649564516,2.3634
1343,2,63,31.50,2.2,0,corps,104.14455169963976,0.7100
1344,2,33,16.50,2.2,0,corps,104.09449193977282,1.3822
1345,3,89,29.67,2.7,0,corps,104.04445720352939,1.0680
1346,4,61,15.25,3.1,0,corps,103.99444747840076,7.0155
1347,2,39,19.50,2.2,0,corps,103.94446275188456,0.8573
1348,5,68,13.60,3.6,0,corps,103.89450301148453,1.3293
1349,2,21,10.50,2.2,0,corps,103.8445682447108,1.4946
1350,4,58,14.50,3.1,0,corps,103.79465843907964,2.3093
1351,2,54,27.00,2.2,0,corps,103.74477358211361,1.5258
1352,2,46,23.00,2.2,0,corps,103.69491366134147,1.0055
1353,4,123,30.75,3.1,0,corps,103.64507866429831,0.8559
1354,6,152,25.33,4.0,0,corps,103.5952685785253,1.0790
1355,6,115,19.17,4.0,0,corps,103.54548339156997,1.2459
1356,3,56,18.67,2.7,0,corps,103.495723090986,0.8795
1357,5,67,13.40,3.6,0,corps,103.44598766433334,1.8877
1358,2,17,8.50,2.2,0,corps,103.39627709917809,1.5475
1359,7,102,14.57,4.4,0,corps,103.34659138309266,1.9270
1360,3,105,35.00,2.7,0,corps,103.29693050365553,0.8751
1361,3,50,16.67,2.7,0,corps,103.24729444845163,1.4803
1362,2,51,25.50,2.2,0,corps,103.19768320507181,1.2114
1363,2,49,24.50,2.2,0,corps,103.14809676111332,1.0129
1364,3,57,19.00,2.7,0,corps,103.09853510417952,1.1955
1365,6,128,21.33,4.0,0,corps,103.04899822188003,1.2523
1366,2,30,15.00,2.2,0,corps,102.99948610183058,1.6823
1367,2,37,18.50,2.2,0,corps,102.94999873165322,1.2475
1368,2,47,23.50,2.2,0,corps,102.90053609897602,1.0323
1369,6,107,17.83,4.0,0,corps,102.8510981914334,1.3129
1370,2,67,33.50,2.2,0,corps,102.8016849966658,1.1459
1371,2,45,22.50,2.2,0,corps,102.75229650231998,1.0925
1372,3,67,22.33,2.7,0,corps,102.7029326960488,1.3915
1373,2,22,11.00,2.2,0,corps,102.65359356551131,1.7160
1374,2,27,13.50,2.2,0,corps,102.60427909837271,2.0628
1375,4,101,25.25,3.1,0,corps,102.55498928230442,1.1588
1376,3,43,14.33,2.7,0,corps,102.50572410498397,1.9545
1377,6,112,18.67,4.0,0,corps,102.45648355409503,1.1879
1378,3,74,24.67,2.7,0,corps,102.40726761732752,1.2146
1379,5,113,22.60,3.6,0,corps,102.35807628237741,1.5594
1380,2,48,24.00,2.2,0,corps,102.30890953694689,1.3509
1381,4,45,11.25,3.1,0,corps,102.25976736874425,3.1228
1382,2,84,42.00,2.2,0,corps,102.21064976548398,0.9960
1383,5,89,17.80,3.6,0,corps,102.16155671488667,1.3554
1384,2,46,23.00,2.2,0,corps,102.11248820467904,0.9694
1385,6,72,12.00,4.0,0,corps,102.06344422259394,1.3708
1386,2,29,14.50,2.2,0,corps,102.01442475637046,1.0597
1387,2,66,33.00,2.2,0,corps,101.96542979375364,1.3472
1388,5,71,14.20,3.6,0,corps,101.9164593224948,1.5349
1389,7,103,14.71,4.4,0,corps,101.86751333035131,1.9135
1390,2,30,15.00,2.2,0,corps,101.81859180508665,1.7160
1391,3,73,24.33,2.7,0,corps,101.76969473447043,0.9676
1392,6,167,27.83,4.0,0,corps,101.72082210627845,1.2361
1393,4,99,24.75,3.1,0,corps,101.67197390829246,1.3877
1394,2,34,17.00,2.2,0,corps,101.62315012830048,1.5614
1395,6,97,16.17,4.0,0,corps,101.57435075409653,1.8380
1396,2,35,17.50,2.2,0,corps,101.52557577348078,1.6051
1397,3,70,23.33,2.7,0,corps,101.47682517425949,1.2386
1398,2,33,16.50,2.2,0,corps,101.42809894424498,1.7426
1399,3,81,27.00,2.7,0,corps,101.37939707125574,1.3362
1400,2,38,19.00,2.2,0,corps,101.33071954311626,1.6182
1401,3,43,14.33,2.7,0,corps,101.28206634765718,1.4384
1402,5,105,21.00,3.6,0,corps,101.23343747271518,1.2027
1403,2,25,12.50,2.2,0,corps,101.18483290613307,0.9581
1404,7,111,15.86,4.4,0,corps,101.13625263575967,1.1132
1405,4,75,18.75,3.1,0,corps,101.08769664944997,0.9701
1406,3,51,17.00,2.7,0,corps,101.03916493506493,1.8604
1407,3,76,25.33,2.7,0,corps,100.9906574804716,1.6698
1408,5,156,31.20,3.6,0,corps,100.94217427354317,1.0331
1409,3,72,24.00,2.7,0,corps,100.89371530215881,1.4096
1410,3,47,15.67,2.7,0,corps,100.84528055420377,1.0031
1411,3,38,12.67,2.7,0,corps,100.79687001756936,1.2218
1412,2,57,28.50,2.2,0,corps,100.74848368015299,1.1576
1413,5,91,18.20,3.6,0,corps,100.70012152985804,4.1806
1414,3,78,26.00,2.7,0,corps,100.65178355459396,1.2692
1415,2,72,36.00,2.2,0,corps,100.60346974227627,0.8473
1416,3,57,19.00,2.7,0,corps,100.55518008082656,1.0188
1417,2,24,12.00,2.2,0,corps,100.50691455817233,1.0426
1418,2,21,10.50,2.2,0,corps,100.45867316224727,1.1807
1419,8,111,13.88,4.9,0,corps,100.41045588099095,1.5022
1420,7,104,14.86,4.4,0,corps,100.36226270234916,1.5416
1421,2,24,12.00,2.2,0,corps,100.31409361427353,1.3337
1422,3,66,22.00,2.7,0,corps,100.2659486047218,1.0901
1423,3,49,16.33,2.7,0,corps,100.21782766165772,1.2744
1424,2,31,15.50,2.2,0,corps,100.16973077305107,1.0139
1425,2,42,21.00,2.2,0,corps,100.12165792687759,0.7119
1426,3,55,18.33,2.7,0,corps,100.07360911111911,1.1929
1427,6,152,25.33,4.0,0,corps,100.0255843137634,1.1037
1428,4,145,36.25,3.1,0,corps,99.97758352280431,1.2709
1429,4,52,13.00,3.1,0,corps,99.92960672624154,1.5711
1430,9,138,15.33,5.3,0,corps,99.88165391208098,2.6389
1431,3,45,15.00,2.7,0,corps,99.8337250683344,1.6503
1432,3,58,19.33,2.7,0,corps,99.78582018301958,1.5521
1433,2,37,18.50,2.2,0,corps,99.73793924416029,1.5900
1434,9,144,16.00,5.3,0,corps,99.69008223978634,1.8120
1435,2,59,29.50,2.2,0,corps,99.64224915793342,1.3029
1436,3,64,21.33,2.7,0,corps,99.59443998664331,1.2831
1437,4,67,16.75,3.1,0,corps,99.54665471396368,2.3846
1438,2,30,15.00,2.2,0,corps,99.49889332794824,1.2475
1439,3,51,17.00,2.7,0,corps,99.45115581665661,1.2331
1440,4,80,20.00,3.1,0,corps,99.40344216815446,1.3059
1441,3,38,12.67,2.7,0,corps,99.35575237051331,1.2745
1442,9,116,12.89,5.3,0,corps,99.30808641181078,1.8702
1443,3,39,13.00,2.7,0,corps,99.26044428013032,2.4308
1444,5,103,20.60,3.6,0,corps,99.21282596356146,1.3553
1445,6,111,18.50,4.0,0,corps,99.16523145019957,1.8099
1446,4,82,20.50,3.1,0,corps,99.11766072814603,1.1672
1447,3,72,24.00,2.7,0,corps,99.07011378550818,1.4249
1448,2,89,44.50,2.2,0,corps,99.02259061039928,1.1955
1449,2,41,20.50,2.2,0,corps,98.97509119093851,1.3484
1450,6,131,21.83,4.0,0,corps,98.92761551525105,3.9499
1451,2,45,22.50,2.2,0,corps,98.88016357146793,1.8471
1452,3,49,16.33,2.7,0,corps,98.83273534772624,1.4003
1453,2,50,25.00,2.2,0,corps,98.78533083216885,1.1955
1454,3,78,26.00,2.7,0,corps,98.73795001294468,0.9500
1455,7,100,14.29,4.4,0,corps,98.69059287820849,1.7193
1456,3,65,21.67,2.7,0,corps,98.64325941612103,0.9214
1457,4,51,12.75,3.1,0,corps,98.5959496148489,1.4672
1458,5,136,27.20,3.6,0,corps,98.54866346256468,3.1982
1459,2,32,16.00,2.2,0,corps,98.50140094744681,1.5123
1460,3,59,19.67,2.7,0,corps,98.45416205767968,1.9363
1461,2,36,18.00,2.2,0,corps,98.40694678145354,1.6277
1462,2,50,25.00,2.2,0,corps,98.35975510696461,2.0684
1463,2,59,29.50,2.2,0,corps,98.31258702241492,1.1139
1464,7,83,11.86,4.4,0,corps,98.26544251601248,2.2575
1465,3,68,22.67,2.7,0,corps,98.21832157597119,1.3195
1466,4,50,12.50,3.1,0,corps,98.17122419051077,1.8834
1467,2,113,56.50,2.2,0,corps,98.12415034785687,1.3146
1468,2,40,20.00,2.2,0,corps,98.07710003624106,1.1319
1469,5,86,17.20,3.6,0,corps,98.03007324390074,1.5391
1470,3,52,17.33,2.7,0,corps,97.98306995907924,1.3219
1471,3,43,14.33,2.7,0,corps,97.93609017002571,1.4266
1472,2,42,21.00,2.2,0,corps,97.88913386499523,1.1127
1473,5,56,11.20,3.6,0,corps,97.84220103224867,2.4980
1474,5,108,21.60,3.6,0,corps,97.79529166005287,1.2738
1475,4,40,10.00,3.1,0,corps,97.74840573668048,5.8150
1476,7,145,20.71,4.4,0,corps,97.70154325041001,1.5704
1477,4,69,17.25,3.1,0,corps,97.65470418952583,1.3907
1478,4,66,16.50,3.1,0,corps,97.60788854231821,1.5585
1479,4,102,25.50,3.1,0,corps,97.5610962970832,1.5215
1480,3,48,16.00,2.7,0,corps,97.51432744212273,1.8505
1481,6,121,20.17,4.0,0,corps,97.46758196574464,1.5276
