n_game,score,steps,pas_pomme,fill_pct,victoire,cause,eps,loss
1,0,301,301.00,1.3,0,famine_timeout_flaw,199.5255932555174,0.1160
2,0,301,301.00,1.3,0,famine_timeout_flaw,199.05237104660964,0.1174
3,2,231,115.50,2.2,0,corps,198.5803304156363,0.4395
4,0,301,301.00,1.3,0,famine_timeout_flaw,198.10946841234193,0.1190
5,0,301,301.00,1.3,0,famine_timeout_flaw,197.63978209383748,0.1170
6,0,301,301.00,1.3,0,famine_timeout_flaw,197.1712685245819,0.1215
7,0,301,301.00,1.3,0,famine_timeout_flaw,196.70392477636392,0.1168
8,0,301,301.00,1.3,0,famine_timeout_flaw,196.2377479282835,0.1199
9,1,403,403.00,1.8,0,famine_timeout_flaw,195.77273506673393,0.1669
10,1,545,545.00,1.8,0,famine_timeout_flaw,195.30888328538322,0.1312
11,2,336,168.00,2.2,0,corps,194.84618968515625,0.3041
12,2,391,195.50,2.2,0,corps,194.38465137421653,0.2543
13,0,301,301.00,1.3,0,famine_timeout_flaw,193.92426546794815,0.1203
14,1,529,529.00,1.8,0,famine_timeout_flaw,193.46502908893763,0.1305
15,0,301,301.00,1.3,0,famine_timeout_flaw,193.00693936695615,0.1161
16,1,635,635.00,1.8,0,famine_timeout_flaw,192.5499934389414,0.1132
17,0,301,301.00,1.3,0,famine_timeout_flaw,192.0941884489799,0.1163
18,2,229,114.50,2.2,0,corps,191.639521548289,0.4271
19,2,384,192.00,2.2,0,corps,191.18598989519901,0.2654
20,0,301,301.00,1.3,0,famine_timeout_flaw,190.73359065513566,0.1162
21,2,23,11.50,2.2,0,corps,190.28232100060222,4.2284
22,2,212,106.00,2.2,0,corps,189.83217811116194,0.4859
23,1,544,544.00,1.8,0,famine_timeout_flaw,189.3831591734202,0.1354
24,0,301,301.00,1.3,0,famine_timeout_flaw,188.93526138100725,0.1215
25,2,191,95.50,2.2,0,corps,188.4884819345604,0.5051
26,1,688,688.00,1.8,0,famine_timeout_flaw,188.04281804170665,0.1047
27,0,301,301.00,1.3,0,famine_timeout_flaw,187.5982669170452,0.1261
28,0,301,301.00,1.3,0,famine_timeout_flaw,187.15482578213016,0.1225
29,0,301,301.00,1.3,0,famine_timeout_flaw,186.7124918654529,0.1231
30,0,301,301.00,1.3,0,famine_timeout_flaw,186.27126240242504,0.1231
31,2,267,133.50,2.2,0,corps,185.831134635361,0.3547
32,0,301,301.00,1.3,0,famine_timeout_flaw,185.3921058134608,0.1312
33,2,157,78.50,2.2,0,corps,184.95417319279287,0.5987
34,2,446,223.00,2.2,0,corps,184.5173340362769,0.2150
35,2,154,77.00,2.2,0,corps,184.08158561366676,0.5813
36,0,301,301.00,1.3,0,famine_timeout_flaw,183.64692520153335,0.1533
37,2,245,122.50,2.2,0,corps,183.21335008324772,0.3608
38,2,474,237.00,2.2,0,corps,182.78085754896395,0.1861
39,2,356,178.00,2.2,0,corps,182.34944489560232,0.2321
40,0,301,301.00,1.3,0,famine_timeout_flaw,181.9191094268323,0.1265
41,0,301,301.00,1.3,0,famine_timeout_flaw,181.48984845305586,0.1472
42,3,420,140.00,2.7,0,corps,181.06165929139047,0.3071
43,2,211,105.50,2.2,0,corps,180.6345392656525,0.4072
44,0,301,301.00,1.3,0,famine_timeout_flaw,180.20848570634035,0.1355
45,0,301,301.00,1.3,0,famine_timeout_flaw,179.78349595061798,0.1324
46,1,444,444.00,1.8,0,famine_timeout_flaw,179.35956734229794,0.1659
47,2,374,187.00,2.2,0,corps,178.93669723182512,0.2284
48,2,163,81.50,2.2,0,corps,178.5148829762599,0.5021
49,2,541,270.50,2.2,0,corps,178.0941219392619,0.1545
50,2,510,255.00,2.2,0,corps,177.67441149107316,0.1681
51,0,301,301.00,1.3,0,famine_timeout_flaw,177.25574900850202,0.1325
52,2,360,180.00,2.2,0,corps,176.83813187490665,0.2670
53,2,202,101.00,2.2,0,corps,176.4215574801786,0.4080
54,3,300,100.00,2.7,0,corps,176.00602322072655,0.3978
55,3,447,149.00,2.7,0,corps,175.59152649946,0.2509
56,2,221,110.50,2.2,0,corps,175.1780647257731,0.3132
57,3,195,65.00,2.7,0,corps,174.76563531552844,0.4990
58,2,335,167.50,2.2,0,corps,174.35423569104086,0.2229
59,2,380,190.00,2.2,0,corps,173.94386328106134,0.2348
60,2,335,167.50,2.2,0,corps,173.53451552076098,0.2455
61,1,559,559.00,1.8,0,famine_timeout_flaw,173.12618985171497,0.1530
62,2,417,208.50,2.2,0,corps,172.71888372188658,0.2076
63,2,40,20.00,2.2,0,corps,172.3125945856111,2.1091
64,2,175,87.50,2.2,0,corps,171.90731990358015,0.3841
65,2,200,100.00,2.2,0,corps,171.50305714282567,0.3567
66,2,357,178.50,2.2,0,corps,171.09980377670402,0.1589
67,2,219,109.50,2.2,0,corps,170.6975572848804,0.3398
68,1,437,437.00,1.8,0,famine_timeout_flaw,170.29631515331292,0.1794
69,3,202,67.33,2.7,0,corps,169.89607487423692,0.4362
70,2,183,91.50,2.2,0,corps,169.4968339461494,0.3719
71,2,124,62.00,2.2,0,corps,169.09858987379326,0.5054
72,0,301,301.00,1.3,0,famine_timeout_flaw,168.70134016814168,0.1719
73,2,235,117.50,2.2,0,corps,168.3050823463828,0.2599
74,2,175,87.50,2.2,0,corps,167.90981393190387,0.3775
75,2,78,39.00,2.2,0,corps,167.51553245427607,0.7099
76,2,245,122.50,2.2,0,corps,167.12223544923884,0.2389
77,1,431,431.00,1.8,0,famine_timeout_flaw,166.72992045868463,0.1746
78,3,75,25.00,2.7,0,corps,166.3385850306435,1.4589
79,2,392,196.00,2.2,0,corps,165.9482267192677,0.1665
80,2,169,84.50,2.2,0,corps,165.55884308481654,0.3430
81,3,195,65.00,2.7,0,corps,165.17043169364106,0.4609
82,2,189,94.50,2.2,0,corps,164.78299011816878,0.2802
83,2,99,49.50,2.2,0,corps,164.39651593688856,0.6246
84,2,117,58.50,2.2,0,corps,164.01100673433555,0.4337
85,2,326,163.00,2.2,0,corps,163.62646010107596,0.1946
86,2,84,42.00,2.2,0,corps,163.24287363369208,0.5555
87,3,383,127.67,2.7,0,corps,162.8602449347673,0.2488
88,2,131,65.50,2.2,0,corps,162.47857161287092,0.3802
89,2,336,168.00,2.2,0,corps,162.09785128254347,0.1721
90,2,18,9.00,2.2,0,corps,161.71808156428165,2.7709
91,2,100,50.00,2.2,0,corps,161.33926008452346,0.5769
92,2,438,219.00,2.2,0,corps,160.96138447563345,0.1539
93,5,434,86.80,3.6,0,corps,160.58445237588785,0.3106
94,2,315,157.50,2.2,0,corps,160.20846142945976,0.1959
95,2,59,29.50,2.2,0,corps,159.83340928640456,0.8883
96,2,456,228.00,2.2,0,corps,159.45929360264518,0.1311
97,0,301,301.00,1.3,0,famine_timeout_flaw,159.08611203995727,0.1749
98,2,108,54.00,2.2,0,corps,158.71386226595493,0.4735
99,2,379,189.50,2.2,0,corps,158.3425419540759,0.1693
100,2,236,118.00,2.2,0,corps,157.97214878356692,0.2108
101,2,233,116.50,2.2,0,corps,157.60268043946954,0.2701
102,2,235,117.50,2.2,0,corps,157.23413461260537,0.2788
103,2,126,63.00,2.2,0,corps,156.8665089995618,0.4526
104,2,168,84.00,2.2,0,corps,156.4998013026776,0.2704
105,0,301,301.00,1.3,0,famine_timeout_flaw,156.1340092300284,0.2494
106,2,184,92.00,2.2,0,corps,155.76913049541258,0.2775
107,2,281,140.50,2.2,0,corps,155.4051628183369,0.1198
108,2,235,117.50,2.2,0,corps,155.0421039240021,0.2328
109,3,176,58.67,2.7,0,corps,154.679951543289,0.5185
110,2,37,18.50,2.2,0,corps,154.31870341274401,1.0816
111,2,172,86.00,2.2,0,corps,153.95835727456512,0.3404
112,2,88,44.00,2.2,0,corps,153.59891087658784,0.7029
113,2,179,89.50,2.2,0,corps,153.240361972271,0.3007
114,0,301,301.00,1.3,0,famine_timeout_flaw,152.8827083206827,0.2436
115,1,477,477.00,1.8,0,famine_timeout_flaw,152.52594768648655,0.2223
116,1,436,436.00,1.8,0,famine_timeout_flaw,152.1700778399274,0.2492
117,2,75,37.50,2.2,0,corps,151.81509655681754,0.7860
118,2,196,98.00,2.2,0,corps,151.46100161852277,0.3069
119,2,227,113.50,2.2,0,corps,151.10779081194866,0.2383
120,2,99,49.50,2.2,0,corps,150.7554619295264,0.4896
121,5,188,37.60,3.6,0,corps,150.40401276919943,0.7068
122,2,224,112.00,2.2,0,corps,150.05344113440927,0.2856
123,2,158,79.00,2.2,0,corps,149.70374483408213,0.3175
124,2,140,70.00,2.2,0,corps,149.35492168261496,0.4098
125,2,242,121.00,2.2,0,corps,149.00696949986195,0.2633
126,2,59,29.50,2.2,0,corps,148.65988611112078,0.7426
127,2,124,62.00,2.2,0,corps,148.3136693471192,0.5570
128,2,132,66.00,2.2,0,corps,147.96831704400128,0.4168
129,2,164,82.00,2.2,0,corps,147.62382704331398,0.3118
130,0,301,301.00,1.3,0,famine_timeout_flaw,147.28019719199372,0.3781
131,2,270,135.00,2.2,0,corps,146.93742534235275,0.2614
132,2,125,62.50,2.2,0,corps,146.595509352066,0.4275
133,2,223,111.50,2.2,0,corps,146.25444708415728,0.2777
134,4,124,31.00,3.1,0,corps,145.91423640698636,1.1375
135,3,226,75.33,2.7,0,corps,145.57487519423546,0.3604
136,1,424,424.00,1.8,0,famine_timeout_flaw,145.23636132489582,0.3175
137,1,447,447.00,1.8,0,famine_timeout_flaw,144.89869268325472,0.2481
138,2,186,93.00,2.2,0,corps,144.561867158882,0.3323
139,3,162,54.00,2.7,0,corps,144.22588264661704,0.4943
140,2,172,86.00,2.2,0,corps,143.89073704655556,0.3527
141,2,62,31.00,2.2,0,corps,143.55642826403644,0.8973
142,2,162,81.00,2.2,0,corps,143.22295420962877,0.5958
143,3,164,54.67,2.7,0,corps,142.89031279911853,0.6501
144,2,208,104.00,2.2,0,corps,142.55850195349592,0.4460
145,2,293,146.50,2.2,0,corps,142.22751959894197,0.3671
146,3,156,52.00,2.7,0,corps,141.897363666816,0.4627
147,2,273,136.50,2.2,0,corps,141.56803209364227,0.3478
148,5,123,24.60,3.6,0,corps,141.2395228210974,1.7432
149,2,230,115.00,2.2,0,corps,140.91183379599735,0.4556
150,4,218,54.50,3.1,0,corps,140.58496297028472,0.7260
151,2,61,30.50,2.2,0,corps,140.25890830101574,0.9891
152,3,200,66.67,2.7,0,corps,139.9336677503476,0.5381
153,2,75,37.50,2.2,0,corps,139.60923928552592,0.8146
154,2,53,26.50,2.2,0,corps,139.28562087887167,1.1860
155,2,117,58.50,2.2,0,corps,138.96281050776872,0.6978
156,3,78,26.00,2.7,0,corps,138.64080615465127,0.9448
157,2,61,30.50,2.2,0,corps,138.31960580699106,0.7144
158,2,97,48.50,2.2,0,corps,137.99920745728485,0.6286
159,2,65,32.50,2.2,0,corps,137.6796091030419,0.9497
160,2,178,89.00,2.2,0,corps,137.36080874677148,0.5124
161,3,148,49.33,2.7,0,corps,137.0428043959703,0.5052
162,2,227,113.50,2.2,0,corps,136.72559406311012,0.2616
163,2,99,49.50,2.2,0,corps,136.40917576562538,0.4114
164,2,317,158.50,2.2,0,corps,136.09354752590068,0.2252
165,4,345,86.25,3.1,0,corps,135.77870737125846,0.2975
166,3,92,30.67,2.7,0,corps,135.46465333394676,0.6547
167,2,277,138.50,2.2,0,corps,135.1513834511268,0.3355
168,2,46,23.00,2.2,0,corps,134.83889576486078,1.3965
169,2,32,16.00,2.2,0,corps,134.5271883220997,1.0269
170,3,98,32.67,2.7,0,corps,134.216259174671,0.8796
171,2,157,78.50,2.2,0,corps,133.90610637926645,0.3916
172,2,155,77.50,2.2,0,corps,133.59672799743015,0.3304
173,2,254,127.00,2.2,0,corps,133.28812209554616,0.1982
174,2,122,61.00,2.2,0,corps,132.98028674482657,0.3198
175,2,274,137.00,2.2,0,corps,132.6732200212995,0.2617
176,2,81,40.50,2.2,0,corps,132.36692000579686,0.5553
177,2,123,61.50,2.2,0,corps,132.0613847839426,0.3623
178,2,93,46.50,2.2,0,corps,131.75661244614056,0.4512
179,2,118,59.00,2.2,0,corps,131.45260108756267,0.4673
180,2,310,155.00,2.2,0,corps,131.14934880813692,0.1738
181,2,112,56.00,2.2,0,corps,130.84685371253562,0.6381
182,5,312,62.40,3.6,0,corps,130.54511391016337,0.4471
183,2,51,25.50,2.2,0,corps,130.24412751514544,0.8328
184,2,145,72.50,2.2,0,corps,129.94389264631593,0.3276
185,2,97,48.50,2.2,0,corps,129.64440742720592,0.5572
186,2,85,42.50,2.2,0,corps,129.34566998603174,0.7197
187,2,149,74.50,2.2,0,corps,129.04767845568352,0.4537
188,3,132,44.00,2.7,0,corps,128.75043097371315,0.7114
189,2,44,22.00,2.2,0,corps,128.45392568232293,1.0879
190,2,46,23.00,2.2,0,corps,128.15816072835383,1.0214
191,2,212,106.00,2.2,0,corps,127.86313426327389,0.3297
192,3,71,23.67,2.7,0,corps,127.56884444316677,0.9338
193,5,212,42.40,3.6,0,corps,127.27528942872013,0.8724
194,4,361,90.25,3.1,0,corps,126.98246738521416,0.4002
195,3,140,46.67,2.7,0,corps,126.69037648251017,0.5477
196,2,57,28.50,2.2,0,corps,126.39901489503906,0.7290
197,2,91,45.50,2.2,0,corps,126.10838080178992,0.6327
198,2,197,98.50,2.2,0,corps,125.81847238629875,0.5298
199,2,314,157.00,2.2,0,corps,125.52928783663704,0.2715
200,2,75,37.50,2.2,0,corps,125.24082534540035,0.8237
201,2,120,60.00,2.2,0,corps,124.95308310969722,0.7120
202,3,102,34.00,2.7,0,corps,124.6660593311377,0.7928
203,2,43,21.50,2.2,0,corps,124.3797522158223,1.2306
204,3,191,63.67,2.7,0,corps,124.09415997433054,0.4768
205,2,277,138.50,2.2,0,corps,123.80928082171003,0.2793
206,2,125,62.50,2.2,0,corps,123.52511297746511,0.5923
207,2,238,119.00,2.2,0,corps,123.24165466554588,0.4138
208,3,201,67.00,2.7,0,corps,122.95890411433695,0.5594
209,4,86,21.50,3.1,0,corps,122.6768595566464,1.0008
210,3,87,29.00,2.7,0,corps,122.39551922969487,0.8261
211,2,90,45.00,2.2,0,corps,122.1148813751044,0.5803
212,2,86,43.00,2.2,0,corps,121.8349442388875,0.6755
213,3,92,30.67,2.7,0,corps,121.55570607143613,0.9285
214,2,190,95.00,2.2,0,corps,121.27716512751081,0.3586
215,0,301,301.00,1.3,0,famine_timeout_flaw,120.99931966622981,0.3110
216,2,81,40.50,2.2,0,corps,120.72216795105804,0.7484
217,2,235,117.50,2.2,0,corps,120.4457082497964,0.3504
218,2,123,61.50,2.2,0,corps,120.16993883457081,0.4849
219,2,241,120.50,2.2,0,corps,119.89485798182157,0.3730
220,2,191,95.50,2.2,0,corps,119.62046397229247,0.3639
221,2,124,62.00,2.2,0,corps,119.34675509102001,0.3941
222,2,126,63.00,2.2,0,corps,119.07372962732283,0.3904
223,2,119,59.50,2.2,0,corps,118.8013858747909,0.3912
224,2,98,49.00,2.2,0,corps,118.52972213127484,0.3932
225,2,74,37.00,2.2,0,corps,118.25873669887537,0.4006
226,2,40,20.00,2.2,0,corps,117.98842788393272,1.2921
227,5,225,45.00,3.6,0,corps,117.7187939970158,0.5364
228,2,109,54.50,2.2,0,corps,117.44983335291207,0.3859
229,2,230,115.00,2.2,0,corps,117.18154427061651,0.2547
230,2,91,45.50,2.2,0,corps,116.9139250733216,0.4607
231,2,115,57.50,2.2,0,corps,116.64697408840638,0.6157
232,2,46,23.00,2.2,0,corps,116.38068964742638,0.9741
233,2,98,49.00,2.2,0,corps,116.11507008610297,0.3624
234,2,142,71.00,2.2,0,corps,115.85011374431305,0.3470
235,2,94,47.00,2.2,0,corps,115.58581896607856,0.4110
236,2,101,50.50,2.2,0,corps,115.32218409955635,0.3498
237,2,177,88.50,2.2,0,corps,115.05920749702756,0.3460
238,2,75,37.50,2.2,0,corps,114.79688751488766,0.6058
239,3,110,36.67,2.7,0,corps,114.53522251363583,0.6716
240,3,106,35.33,2.7,0,corps,114.27421085786503,0.5366
241,2,144,72.00,2.2,0,corps,114.01385091625151,0.3665
242,3,185,61.67,2.7,0,corps,113.7541410615448,0.4213
243,2,92,46.00,2.2,0,corps,113.49507967055746,0.5302
244,2,71,35.50,2.2,0,corps,113.23666512415498,0.5679
245,4,164,41.00,3.1,0,corps,112.97889580724556,0.6947
246,3,22,7.33,2.7,0,corps,112.72177010877016,2.0567
247,2,76,38.00,2.2,0,corps,112.46528642169231,0.6891
248,2,47,23.50,2.2,0,corps,112.20944314298815,0.6917
249,4,142,35.50,3.1,0,corps,111.95423867363634,0.6576
250,2,40,20.00,2.2,0,corps,111.69967141860815,1.0952
251,2,25,12.50,2.2,0,corps,111.44573978685737,1.0666
252,2,68,34.00,2.2,0,corps,111.19244219131046,0.7604
253,5,113,22.60,3.6,0,corps,110.93977704885667,0.7756
254,2,90,45.00,2.2,0,corps,110.68774278033801,0.5957
255,2,108,54.00,2.2,0,corps,110.4363378105395,0.3757
256,3,111,37.00,2.7,0,corps,110.18556056817923,0.5389
257,4,73,18.25,3.1,0,corps,109.93540948589865,0.8852
258,2,54,27.00,2.2,0,corps,109.68588300025266,0.5461
259,2,73,36.50,2.2,0,corps,109.4369795516999,0.4446
260,3,95,31.67,2.7,0,corps,109.18869758459304,0.7453
261,4,131,32.75,3.1,0,corps,108.94103554716898,0.7832
262,2,87,43.50,2.2,0,corps,108.69399189153914,0.6252
263,2,83,41.50,2.2,0,corps,108.4475650736799,0.6775
264,2,64,32.00,2.2,0,corps,108.20175355342285,0.6142
265,2,58,29.00,2.2,0,corps,107.95655579444517,1.3330
266,2,62,31.00,2.2,0,corps,107.71197026426007,0.8669
267,2,65,32.50,2.2,0,corps,107.46799543420723,0.6385
268,4,109,27.25,3.1,0,corps,107.22462977944306,0.8787
269,5,92,18.40,3.6,0,corps,106.98187177893155,1.3513
270,2,78,39.00,2.2,0,corps,106.73971991543434,1.1147
271,2,68,34.00,2.2,0,corps,106.49817267550151,0.6786
272,5,166,33.20,3.6,0,corps,106.257228549462,0.8380
273,3,75,25.00,2.7,0,corps,106.01688603141433,1.2194
274,6,190,31.67,4.0,0,corps,105.77714361921684,1.2289
275,3,78,26.00,2.7,0,corps,105.53799981447878,0.8663
276,2,81,40.50,2.2,0,corps,105.29945312255056,1.1690
277,2,76,38.00,2.2,0,corps,105.06150205251454,1.2155
278,2,77,38.50,2.2,0,corps,104.82414511717583,0.6448
279,2,140,70.00,2.2,0,corps,104.58738083305276,0.4933
280,3,86,28.67,2.7,0,corps,104.35120772036781,0.8636
281,2,93,46.50,2.2,0,corps,104.11562430303825,0.7628
282,2,31,15.50,2.2,0,corps,103.88062910866691,1.6555
283,3,82,27.33,2.7,0,corps,103.64622066853313,0.9863
284,5,83,16.60,3.6,0,corps,103.41239751758337,1.3356
285,2,100,50.00,2.2,0,corps,103.17915819442216,0.7055
286,2,27,13.50,2.2,0,corps,102.946501241303,1.1340
287,2,117,58.50,2.2,0,corps,102.71442520411912,0.6896
288,2,166,83.00,2.2,0,corps,102.4829286323946,0.5921
289,2,106,53.00,2.2,0,corps,102.2520100792751,0.4379
290,4,144,36.00,3.1,0,corps,102.02166810151887,0.6471
291,3,120,40.00,2.7,0,corps,101.79190125948783,0.7956
292,2,82,41.00,2.2,0,corps,101.56270811713846,0.7540
293,3,91,30.33,2.7,0,corps,101.33408724201287,0.8231
294,2,72,36.00,2.2,0,corps,101.10603720522988,0.7105
295,2,99,49.50,2.2,0,corps,100.87855658147598,0.4093
296,3,143,47.67,2.7,0,corps,100.65164394899652,0.6007
297,10,160,16.00,5.8,0,corps,100.42529788958686,1.2993
298,5,335,67.00,3.6,0,corps,100.19951698858335,0.5940
299,3,287,95.67,2.7,0,corps,99.97429983485463,0.5722
300,3,34,11.33,2.7,0,corps,99.74964502079278,1.5024
301,4,168,42.00,3.1,0,corps,99.52555114230447,0.4411
302,4,47,11.75,3.1,0,corps,99.3020167988022,1.0169
303,4,134,33.50,3.1,0,corps,99.07904059319564,1.0496
304,2,143,71.50,2.2,0,corps,98.85662113188275,0.3874
305,2,203,101.50,2.2,0,corps,98.63475702474118,0.3014
306,6,103,17.17,4.0,0,corps,98.41344688511954,1.8728
307,4,77,19.25,3.1,0,corps,98.19268932982874,0.8248
308,5,100,20.00,3.6,0,corps,97.97248297913332,0.8249
309,2,29,14.50,2.2,0,corps,97.75282645674291,1.2339
310,3,77,25.67,2.7,0,corps,97.5337183898035,0.6012
311,4,87,21.75,3.1,0,corps,97.31515740888898,0.8498
312,4,65,16.25,3.1,0,corps,97.09714214799247,2.1482
313,3,78,26.00,2.7,0,corps,96.87967124451792,0.7792
314,2,111,55.50,2.2,0,corps,96.66274333927144,0.3652
315,7,225,32.14,4.4,0,corps,96.44635707645295,0.6238
316,7,207,29.57,4.4,0,corps,96.2305111036476,0.4559
317,5,209,41.80,3.6,0,corps,96.01520407181734,0.4583
318,5,97,19.40,3.6,0,corps,95.80043463529252,0.6468
319,6,96,16.00,4.0,0,corps,95.58620145176347,0.9986
320,7,122,17.43,4.4,0,corps,95.3725031822721,1.1649
321,3,107,35.67,2.7,0,corps,95.15933849120351,0.9934
322,3,93,31.00,2.7,0,corps,94.94670604627771,1.2426
323,3,109,36.33,2.7,0,corps,94.73460451854123,0.7633
324,2,122,61.00,2.2,0,corps,94.5230325823588,0.6819
325,2,82,41.00,2.2,0,corps,94.31198891540517,0.8221
326,4,71,17.75,3.1,0,corps,94.10147219865671,1.5012
327,2,102,51.00,2.2,0,corps,93.89148111638325,0.9316
328,2,63,31.50,2.2,0,corps,93.68201435613986,1.3801
329,5,145,29.00,3.6,0,corps,93.47307060875859,1.2465
330,3,187,62.33,2.7,0,corps,93.26464856834035,0.8932
331,4,96,24.00,3.1,0,corps,93.05674693224671,1.3508
332,2,91,45.50,2.2,0,corps,92.84936440109176,0.8153
333,2,46,23.00,2.2,0,corps,92.642499678734,1.1305
334,2,32,16.00,2.2,0,corps,92.43615147226826,1.4823
335,4,424,106.00,3.1,0,corps,92.23031849201757,0.5086
336,2,141,70.50,2.2,0,corps,92.02499945152515,0.6988
337,4,103,25.75,3.1,0,corps,91.82019306754627,1.1491
338,2,52,26.00,2.2,0,corps,91.61589806004044,1.2891
339,4,133,33.25,3.1,0,corps,91.41211315216314,1.0113
340,2,103,51.50,2.2,0,corps,91.20883707025807,0.6530
341,2,66,33.00,2.2,0,corps,91.00606854384901,1.1940
342,3,81,27.00,2.7,0,corps,90.80380630563208,0.7632
343,6,100,16.67,4.0,0,corps,90.60204909146758,0.9689
344,3,59,19.67,2.7,0,corps,90.40079564037227,1.2579
345,3,98,32.67,2.7,0,corps,90.20004469451143,0.6964
346,2,139,69.50,2.2,0,corps,89.99979499919102,0.6344
347,5,110,22.00,3.6,0,corps,89.80004530284975,0.9805
348,2,70,35.00,2.2,0,corps,89.6007943570514,0.7950
349,3,54,18.00,2.7,0,corps,89.40204091647689,0.9939
350,2,84,42.00,2.2,0,corps,89.20378373891658,0.7710
351,5,243,48.60,3.6,0,corps,89.00602158526249,0.6122
352,3,24,8.00,2.7,0,corps,88.80875321950046,1.4573
353,4,46,11.50,3.1,0,corps,88.61197740870259,1.2125
354,6,102,17.00,4.0,0,corps,88.41569292301944,0.8022
355,3,84,28.00,2.7,0,corps,88.2198985356723,0.9989
356,8,131,16.38,4.9,0,corps,88.02459302294564,0.9309
357,8,149,18.62,4.9,0,corps,87.82977516417935,1.3173
358,2,46,23.00,2.2,0,corps,87.6354437417612,0.7324
359,4,100,25.00,3.1,0,corps,87.44159754111915,0.8844
360,3,41,13.67,2.7,0,corps,87.24823535071383,1.0837
361,4,144,36.00,3.1,0,corps,87.0553559620309,0.7840
362,7,58,8.29,4.4,0,corps,86.86295816957357,1.4763
363,2,74,37.00,2.2,0,corps,86.671040770855,0.9152
364,3,81,27.00,2.7,0,corps,86.47960256639082,0.7662
365,3,40,13.33,2.7,0,corps,86.28864235969166,1.2019
366,3,26,8.67,2.7,0,corps,86.09815895725556,2.5122
367,7,138,19.71,4.4,0,corps,85.90815116856069,1.0499
368,2,61,30.50,2.2,0,corps,85.71861780605768,0.8648
369,4,77,19.25,3.1,0,corps,85.52955768516247,2.7430
370,3,94,31.33,2.7,0,corps,85.34096962424863,0.9570
371,2,44,22.00,2.2,0,corps,85.15285244464022,1.2900
372,4,102,25.50,3.1,0,corps,84.9652049706042,1.1677
373,3,91,30.33,2.7,0,corps,84.7780260293433,0.6412
374,2,68,34.00,2.2,0,corps,84.59131445098849,0.9662
375,6,145,24.17,4.0,0,corps,84.4050690685918,0.9771
376,2,54,27.00,2.2,0,corps,84.21928871811902,0.9382
377,5,100,20.00,3.6,0,corps,84.03397223844229,0.9082
378,5,102,20.40,3.6,0,corps,83.84911847133307,0.9573
379,2,96,48.00,2.2,0,corps,83.66472626145467,0.5350
380,3,82,27.33,2.7,0,corps,83.48079445635523,0.7924
381,5,81,16.20,3.6,0,corps,83.29732190646033,1.4033
382,5,84,16.80,3.6,0,corps,83.11430746506593,1.2113
383,3,94,31.33,2.7,0,corps,82.93174998833118,0.9051
384,5,111,22.20,3.6,0,corps,82.74964833527129,0.9555
385,3,98,32.67,2.7,0,corps,82.56800136775028,0.9125
386,3,99,33.00,2.7,0,corps,82.38680795047408,0.7621
387,3,45,15.00,2.7,0,corps,82.20606695098317,1.6354
388,6,140,23.33,4.0,0,corps,82.02577723964578,1.0123
389,5,106,21.20,3.6,0,corps,81.84593768965057,0.9849
390,2,38,19.00,2.2,0,corps,81.66654717699981,1.1525
391,4,96,24.00,3.1,0,corps,81.4876045805022,0.9261
392,6,92,15.33,4.0,0,corps,81.30910878176591,2.5479
393,12,480,40.00,6.7,0,corps,81.13105866519163,0.7414
394,5,176,35.20,3.6,0,corps,80.95345311796557,0.9174
395,15,368,24.53,8.0,0,corps,80.77629103005245,1.0476
396,2,111,55.50,2.2,0,corps,80.59957129418868,0.9625
397,3,202,67.33,2.7,0,corps,80.42329280587529,0.7459
398,4,64,16.00,3.1,0,corps,80.2474544633712,1.4572
399,6,136,22.67,4.0,0,corps,80.07205516768616,1.1941
400,2,37,18.50,2.2,0,corps,79.89709382257404,1.4959
401,5,82,16.40,3.6,0,corps,79.72256933452583,1.0243
402,5,125,25.00,3.6,0,corps,79.54848061276292,1.2612
403,5,43,8.60,3.6,0,corps,79.37482656923022,1.9572
404,5,153,30.60,3.6,0,corps,79.20160611858942,0.9489
405,3,24,8.00,2.7,0,corps,79.02881817821213,1.8289
406,3,87,29.00,2.7,0,corps,78.85646166817317,0.9035
407,2,48,24.00,2.2,0,corps,78.68453551124375,1.3366
408,2,35,17.50,2.2,0,corps,78.51303863288487,1.7699
409,3,110,36.67,2.7,0,corps,78.34196996124048,0.6718
410,6,101,16.83,4.0,0,corps,78.1713284271308,1.1343
411,2,43,21.50,2.2,0,corps,78.0011129640457,0.8428
412,10,142,14.20,5.8,0,corps,77.831322508138,1.4009
413,8,162,20.25,4.9,0,corps,77.66195599821677,0.9544
414,5,75,15.00,3.6,0,corps,77.49301237574078,1.3900
415,2,14,7.00,2.2,0,corps,77.32449058481184,1.9570
416,3,88,29.33,2.7,0,corps,77.15638957216822,0.7675
417,6,78,13.00,4.0,0,corps,76.98870828717803,1.0747
418,10,231,23.10,5.8,0,corps,76.82144568183271,0.8830
419,2,78,39.00,2.2,0,corps,76.6546007107404,0.9658
420,10,206,20.60,5.8,0,corps,76.48817233111951,1.1419
421,4,51,12.75,3.1,0,corps,76.32215950279213,1.3537
422,2,54,27.00,2.2,0,corps,76.15656118817753,0.8397
423,4,83,20.75,3.1,0,corps,75.9913763522857,1.1947
424,7,60,8.57,4.4,0,corps,75.8266039627109,1.7401
425,3,77,25.67,2.7,0,corps,75.66224298962516,1.2720
426,5,144,28.80,3.6,0,corps,75.49829240577182,1.2581
427,3,101,33.67,2.7,0,corps,75.33475118645924,1.1880
428,3,69,23.00,2.7,0,corps,75.17161830955426,1.0719
429,2,44,22.00,2.2,0,corps,75.00889275547586,1.3137
430,3,91,30.33,2.7,0,corps,74.8465735071888,0.6312
431,4,129,32.25,3.1,0,corps,74.68465955019724,1.0410
432,3,52,17.33,2.7,0,corps,74.52314987253843,1.1249
433,4,65,16.25,3.1,0,corps,74.36204346477638,1.4688
434,5,70,14.00,3.6,0,corps,74.20133931999547,1.6913
435,2,22,11.00,2.2,0,corps,74.04103643379432,1.2358
436,6,124,20.67,4.0,0,corps,73.88113380427933,1.2027
437,3,83,27.67,2.7,0,corps,73.72163043205856,1.0208
438,4,89,22.25,3.1,0,corps,73.56252532023544,1.2821
439,4,131,32.75,3.1,0,corps,73.40381747440247,0.9289
440,4,159,39.75,3.1,0,corps,73.24550590263512,0.7337
441,5,99,19.80,3.6,0,corps,73.08758961548551,0.9911
442,3,62,20.67,2.7,0,corps,72.93006762597638,1.0073
443,2,68,34.00,2.2,0,corps,72.77293894959477,1.3379
444,2,55,27.50,2.2,0,corps,72.61620260428592,0.9955
445,3,116,38.67,2.7,0,corps,72.45985761044717,0.8247
446,5,123,24.60,3.6,0,corps,72.30390299092181,1.0252
447,3,65,21.67,2.7,0,corps,72.14833777099298,0.8937
448,3,104,34.67,2.7,0,corps,71.99316097837749,0.7886
449,4,55,13.75,3.1,0,corps,71.83837164321993,1.1496
450,6,118,19.67,4.0,0,corps,71.68396879808645,1.1915
451,5,100,20.00,3.6,0,corps,71.52995147795875,1.2856
452,2,26,13.00,2.2,0,corps,71.37631872022806,1.2970
453,5,93,18.60,3.6,0,corps,71.22306956468915,1.5964
454,2,89,44.50,2.2,0,corps,71.07020305353436,0.6699
455,2,67,33.50,2.2,0,corps,70.91771823134742,0.6021
456,2,36,18.00,2.2,0,corps,70.76561414509774,1.0924
457,3,29,9.67,2.7,0,corps,70.61388984413426,2.2194
458,7,114,16.29,4.4,0,corps,70.46254438017962,1.2598
459,2,32,16.00,2.2,0,corps,70.31157680732417,1.6092
460,10,184,18.40,5.8,0,corps,70.16098618202011,1.1737
461,5,144,28.80,3.6,0,corps,70.01077156307551,0.9616
462,4,53,13.25,3.1,0,corps,69.86093201164853,1.6029
463,5,84,16.80,3.6,0,corps,69.71146659124149,1.3598
464,4,50,12.50,3.1,0,corps,69.562374367695,1.4205
465,2,21,10.50,2.2,0,corps,69.4136544091822,1.2028
466,7,85,12.14,4.4,0,corps,69.26530578620287,1.1222
467,5,110,22.00,3.6,0,corps,69.11732757157763,1.0371
468,5,103,20.60,3.6,0,corps,68.96971884044216,1.0806
469,6,136,22.67,4.0,0,corps,68.82247867024137,0.8191
470,5,81,16.20,3.6,0,corps,68.67560614072377,0.9690
471,5,85,17.00,3.6,0,corps,68.52910033393555,0.9223
472,4,73,18.25,3.1,0,corps,68.38296033421494,3.0444
473,2,27,13.50,2.2,0,corps,68.23718522818645,1.3069
474,7,105,15.00,4.4,0,corps,68.09177410475523,2.4364
475,2,31,15.50,2.2,0,corps,67.94672605510127,1.1318
476,18,341,18.94,9.3,0,corps,67.80204017267377,1.7455
477,4,45,11.25,3.1,0,corps,67.65771555318551,2.1422
478,4,73,18.25,3.1,0,corps,67.51375129460713,1.1575
479,6,139,23.17,4.0,0,corps,67.37014649716158,2.3714
480,3,45,15.00,2.7,0,corps,67.2269002633184,0.9824
481,3,199,66.33,2.7,0,corps,67.08401169778813,0.7308
482,4,86,21.50,3.1,0,corps,66.9414799075168,1.7965
483,5,73,14.60,3.6,0,corps,66.79930400168026,1.4962
484,6,119,19.83,4.0,0,corps,66.6574830916786,1.3860
485,9,219,24.33,5.3,0,corps,66.51601629113071,1.1580
486,8,124,15.50,4.9,0,corps,66.37490271586859,1.4959
487,3,50,16.67,2.7,0,corps,66.23414148393198,1.7413
488,6,231,38.50,4.0,0,corps,66.0937317155627,0.8445
489,7,244,34.86,4.4,0,corps,65.95367253319924,0.8275
490,2,79,39.50,2.2,0,corps,65.81396306147123,1.1741
491,2,130,65.00,2.2,0,corps,65.67460242719405,0.6181
492,9,276,30.67,5.3,0,corps,65.53558975936329,1.0244
493,5,107,21.40,3.6,0,corps,65.3969241891493,1.1750
494,11,273,24.82,6.2,0,corps,65.25860484989178,1.1555
495,8,171,21.38,4.9,0,corps,65.1206308770945,1.4502
496,3,118,39.33,2.7,0,corps,64.98300140841961,0.7293
497,2,119,59.50,2.2,0,corps,64.84571558368252,0.5753
498,3,69,23.00,2.7,0,corps,64.70877254484634,1.2150
499,4,156,39.00,3.1,0,corps,64.57217143601667,1.2580
500,5,173,34.60,3.6,0,corps,64.43591140343611,0.9491
501,5,96,19.20,3.6,0,corps,64.29999159547903,1.0511
502,3,121,40.33,2.7,0,corps,64.16441116264618,0.5991
503,6,147,24.50,4.0,0,corps,64.02916925755939,0.6481
504,5,138,27.60,3.6,0,corps,63.89426503495636,0.8738
505,5,144,28.80,3.6,0,corps,63.759697651685244,0.7773
506,7,146,20.86,4.4,0,corps,63.625466266699426,1.2171
507,4,110,27.50,3.1,0,corps,63.49157004105235,0.8005
508,5,84,16.80,3.6,0,corps,63.35800813789215,1.0135
509,5,154,30.80,3.6,0,corps,63.22477972245652,0.6493
510,3,130,43.33,2.7,0,corps,63.091883962067385,0.5967
511,3,43,14.33,2.7,0,corps,62.95932002612585,0.9482
512,2,52,26.00,2.2,0,corps,62.82708708610688,0.9031
513,3,58,19.33,2.7,0,corps,62.69518431555415,0.5848
514,7,82,11.71,4.4,0,corps,62.56361089007495,1.0751
515,5,53,10.60,3.6,0,corps,62.43236598733488,1.3266
516,7,162,23.14,4.4,0,corps,62.30144878705294,1.8087
517,4,124,31.00,3.1,0,corps,62.17085847099617,0.8223
518,10,152,15.20,5.8,0,corps,62.040594222974654,1.3951
519,6,134,22.33,4.0,0,corps,61.91065522883643,0.9249
520,4,121,30.25,3.1,0,corps,61.78104067646238,0.7528
521,15,232,15.47,8.0,0,corps,61.65174975576113,1.1978
522,4,134,33.50,3.1,0,corps,61.52278165866397,1.0358
523,3,86,28.67,2.7,0,corps,61.394135579119904,0.6150
524,2,42,21.00,2.2,0,corps,61.26581071309049,0.7928
525,3,81,27.00,2.7,0,corps,61.13780625854493,0.8428
526,2,21,10.50,2.2,0,corps,61.01012141545495,2.1875
527,6,124,20.67,4.0,0,corps,60.882755385789864,2.3563
528,3,59,19.67,2.7,0,corps,60.755707373511555,1.2165
529,2,54,27.00,2.2,0,corps,60.62897658456957,0.9385
530,5,78,15.60,3.6,0,corps,60.50256222689605,1.0370
531,8,129,16.12,4.9,0,corps,60.376463510400846,1.1464
532,6,226,37.67,4.0,0,corps,60.250679646966546,0.6546
533,3,38,12.67,2.7,0,corps,60.12520985044364,0.8986
534,12,138,11.50,6.7,0,corps,60.00005333664545,1.2772
535,4,68,17.00,3.1,0,corps,59.875209323343384,1.1038
536,4,45,11.25,3.1,0,corps,59.75067703026193,1.5837
537,7,114,16.29,4.4,0,corps,59.62645567907388,1.0507
538,4,132,33.00,3.1,0,corps,59.50254449339536,0.6078
539,3,48,16.00,2.7,0,corps,59.37894269878108,1.1049
540,8,138,17.25,4.9,0,corps,59.25564952271939,0.8968
541,3,51,17.00,2.7,0,corps,59.13266419462755,1.2759
542,4,49,12.25,3.1,0,corps,59.00998594584688,1.4761
543,14,265,18.93,7.6,0,corps,58.8876140096379,1.7804
544,9,324,36.00,5.3,0,corps,58.76554762117562,0.7788
545,2,89,44.50,2.2,0,corps,58.643786017544706,0.5875
546,2,18,9.00,2.2,0,corps,58.522328437734764,2.6381
547,6,120,20.00,4.0,0,corps,58.4011741226355,1.3714
548,4,38,9.50,3.1,0,corps,58.28032231503205,4.4882
549,4,79,19.75,3.1,0,corps,58.15977225960024,1.2395
550,4,57,14.25,3.1,0,corps,58.03952320290182,1.6029
551,3,53,17.67,2.7,0,corps,57.91957439337981,0.8117
552,6,139,23.17,4.0,0,corps,57.799925081353734,1.2359
553,4,55,13.75,3.1,0,corps,57.68057451901502,1.4647
554,10,134,13.40,5.8,0,corps,57.561521960422255,1.3868
555,8,139,17.38,4.9,0,corps,57.44276666149657,1.1915
556,4,42,10.50,3.1,0,corps,57.32430788001695,4.1875
557,11,127,11.55,6.2,0,corps,57.206144875615635,1.5851
558,12,186,15.50,6.7,0,corps,57.08827690977346,1.3979
559,6,136,22.67,4.0,0,corps,56.97070324581526,1.0200
560,7,196,28.00,4.4,0,corps,56.853423148905236,0.8544
561,7,172,24.57,4.4,0,corps,56.7364358860424,1.2360
562,2,25,12.50,2.2,0,corps,56.619740726056,1.9065
563,6,148,24.67,4.0,0,corps,56.5033369396009,1.0244
564,5,97,19.40,3.6,0,corps,56.387223799153055,1.3200
565,20,340,17.00,10.2,0,corps,56.271400579004926,1.6294
566,6,85,14.17,4.0,0,corps,56.155866555261056,1.5862
567,3,79,26.33,2.7,0,corps,56.040621005833415,0.9088
568,2,17,8.50,2.2,0,corps,55.92566321043692,3.3783
569,2,50,25.00,2.2,0,corps,55.810992450585,0.7561
570,9,114,12.67,5.3,0,corps,55.696608009585006,1.2946
571,8,136,17.00,4.9,0,corps,55.58250917253383,1.1265
572,4,88,22.00,3.1,0,corps,55.46869522631336,0.8579
573,6,135,22.50,4.0,0,corps,55.35516545958606,1.0816
574,9,76,8.44,5.3,0,corps,55.24191916279053,2.2440
575,4,37,9.25,3.1,0,corps,55.12895562813704,1.9585
576,4,56,14.00,3.1,0,corps,55.01627414960313,1.0774
577,2,117,58.50,2.2,0,corps,54.9038740229292,0.6735
578,2,58,29.00,2.2,0,corps,54.79175454561407,0.9117
579,7,133,19.00,4.4,0,corps,54.67991501691066,1.6875
580,2,24,12.00,2.2,0,corps,54.56835473782156,1.4924
581,3,33,11.00,2.7,0,corps,54.457073011094636,1.9885
582,4,60,15.00,3.1,0,corps,54.34606914121874,1.8778
583,4,83,20.75,3.1,0,corps,54.23534243441935,1.1948
584,14,196,14.00,7.6,0,corps,54.12489219865417,2.0277
585,9,124,13.78,5.3,0,corps,54.01471774360888,1.6182
586,6,110,18.33,4.0,0,corps,53.90481838069273,1.2511
587,4,46,11.50,3.1,0,corps,53.795193423034405,1.6582
588,12,160,13.33,6.7,0,corps,53.685842185477526,2.5907
589,4,46,11.50,3.1,0,corps,53.57676398457652,1.4210
590,2,39,19.50,2.2,0,corps,53.467958138592266,1.1188
591,2,35,17.50,2.2,0,corps,53.35942396748787,1.4711
592,4,66,16.50,3.1,0,corps,53.25116079292442,1.3597
593,9,175,19.44,5.3,0,corps,53.14316793825672,1.8262
594,11,180,16.36,6.2,0,corps,53.03544472852906,1.4248
595,4,43,10.75,3.1,0,corps,52.92799049047105,2.0359
596,10,180,18.00,5.8,0,corps,52.82080455249335,1.2877
597,7,109,15.57,4.4,0,corps,52.71388624468351,1.6246
598,7,147,21.00,4.4,0,corps,52.607234898801714,1.3413
599,3,63,21.00,2.7,0,corps,52.500849848276744,1.0822
600,10,260,26.00,5.8,0,corps,52.39473042820166,1.2551
601,5,88,17.60,3.6,0,corps,52.28887597532977,1.3913
602,3,65,21.67,2.7,0,corps,52.18328582807039,1.0522
603,7,129,18.43,4.4,0,corps,52.07795932648474,1.1418
604,10,194,19.40,5.8,0,corps,51.97289581228186,1.5001
605,5,80,16.00,3.6,0,corps,51.86809462881443,2.4666
606,4,55,13.75,3.1,0,corps,51.76355512107473,1.6283
607,3,100,33.33,2.7,0,corps,51.65927663569047,0.9414
608,6,92,15.33,4.0,0,corps,51.5552585209208,1.6798
609,2,25,12.50,2.2,0,corps,51.451500126652164,1.1359
610,7,163,23.29,4.4,0,corps,51.348000804394246,1.1099
611,3,68,22.67,2.7,0,corps,51.24475990727595,0.8816
612,18,231,12.83,9.3,0,corps,51.14177679004134,1.4688
613,5,95,19.00,3.6,0,corps,51.03905080904559,1.2834
614,2,89,44.50,2.2,0,corps,50.936581322250994,1.0280
615,22,308,14.00,11.1,0,corps,50.8343676892229,1.3714
616,13,233,17.92,7.1,0,corps,50.73240927112581,1.7018
617,2,33,16.50,2.2,0,corps,50.630705430719246,1.3328
618,4,91,22.75,3.1,0,corps,50.529255532353886,1.5016
619,4,82,20.50,3.1,0,corps,50.428058941967535,1.0549
620,4,83,20.75,3.1,0,corps,50.327115027081184,1.3654
621,6,76,12.67,4.0,0,corps,50.22642315679501,1.1584
622,5,76,15.20,3.6,0,corps,50.12598270178452,1.0253
623,7,103,14.71,4.4,0,corps,50.02579303429653,1.1236
624,6,131,21.83,4.0,0,corps,49.92585352814529,1.0988
625,2,23,11.50,2.2,0,corps,49.82616355870858,1.6708
626,2,40,20.00,2.2,0,corps,49.72672250292376,1.0283
627,4,55,13.75,3.1,0,corps,49.627529739283894,1.4213
628,4,68,17.00,3.1,0,corps,49.52858464783388,1.2345
629,4,58,14.50,3.1,0,corps,49.429886610166605,1.3420
630,9,171,19.00,5.3,0,corps,49.331435009419,0.9396
631,9,193,21.44,5.3,0,corps,49.23322923026823,1.1788
632,2,52,26.00,2.2,0,corps,49.135268658927856,1.4955
633,2,33,16.50,2.2,0,corps,49.037552683144,0.7595
634,10,122,12.20,5.8,0,corps,48.940080692191486,1.6267
635,4,64,16.00,3.1,0,corps,48.84285207687006,2.1158
636,10,148,14.80,5.8,0,corps,48.74586622950054,1.3746
637,2,30,15.00,2.2,0,corps,48.64912254392111,1.2242
638,4,64,16.00,3.1,0,corps,48.552620415483375,1.3667
639,2,69,34.50,2.2,0,corps,48.45635924104873,1.2474
640,4,25,6.25,3.1,0,corps,48.36033841898452,2.1102
641,18,252,14.00,9.3,0,corps,48.264557349160306,1.5216
642,10,144,14.40,5.8,0,corps,48.16901543294409,1.1506
643,4,98,24.50,3.1,0,corps,48.073712073198585,0.9341
644,2,61,30.50,2.2,0,corps,47.97864667427745,0.8141
645,5,139,27.80,3.6,0,corps,47.88381864202168,0.6890
646,6,90,15.00,4.0,0,corps,47.78922738375573,1.0719
647,4,165,41.25,3.1,0,corps,47.69487230828394,0.5522
648,3,37,12.33,2.7,0,corps,47.60075282588679,1.1578
649,8,170,21.25,4.9,0,corps,47.50686834831719,1.2599
650,4,77,19.25,3.1,0,corps,47.41321828879686,1.4337
651,7,77,11.00,4.4,0,corps,47.31980206201264,2.5817
652,3,27,9.00,2.7,0,corps,47.22661908411278,1.5175
653,3,46,15.33,2.7,0,corps,47.133668772703366,1.4382
654,10,170,17.00,5.8,0,corps,47.04095054684467,1.0673
655,5,52,10.40,3.6,0,corps,46.94846382704747,1.6997
656,6,98,16.33,4.0,0,corps,46.85620803526946,1.2256
657,8,126,15.75,4.9,0,corps,46.76418259491164,1.3450
658,17,272,16.00,8.9,0,corps,46.672386930814724,1.4113
659,2,55,27.50,2.2,0,corps,46.5808204692555,1.0349
660,7,116,16.57,4.4,0,corps,46.48948263794328,2.7100
661,5,121,24.20,3.6,0,corps,46.398372866016324,1.0859
662,7,92,13.14,4.4,0,corps,46.30749058403828,1.3342
663,9,141,15.67,5.3,0,corps,46.216835223994565,2.3028
664,9,131,14.56,5.3,0,corps,46.12640621928891,0.8700
665,7,147,21.00,4.4,0,corps,46.0362030047397,0.7590
666,14,254,18.14,7.6,0,corps,45.946225016576584,1.5399
667,8,118,14.75,4.9,0,corps,45.85647169243684,1.3326
668,3,67,22.33,2.7,0,corps,45.766942471361894,0.6355
669,10,164,16.40,5.8,0,corps,45.67763679379381,1.1707
670,3,39,13.00,2.7,0,corps,45.58855410157183,1.0573
671,6,109,18.17,4.0,0,corps,45.49969383792883,0.7371
672,8,167,20.88,4.9,0,corps,45.41105544748789,0.7806
673,8,117,14.62,4.9,0,corps,45.32263837625876,1.3270
674,4,98,24.50,3.1,0,corps,45.23444207163446,0.8014
675,11,221,20.09,6.2,0,corps,45.14646598238781,0.7569
676,8,116,14.50,4.9,0,corps,45.058709558667964,1.3305
677,5,84,16.80,3.6,0,corps,44.97117225199697,0.9306
678,4,83,20.75,3.1,0,corps,44.883853515266395,0.9483
679,13,227,17.46,7.1,0,corps,44.79675280273384,0.9220
680,6,142,23.67,4.0,0,corps,44.70986957001959,0.8084
681,2,36,18.00,2.2,0,corps,44.62320327410312,0.9068
682,15,311,20.73,8.0,0,corps,44.536753373319826,1.2591
683,7,97,13.86,4.4,0,corps,44.45051932735754,1.3975
684,8,95,11.88,4.9,0,corps,44.3645005972532,1.5948
685,5,73,14.60,3.6,0,corps,44.278696645389445,1.2617
686,3,42,14.00,2.7,0,corps,44.19310693549131,1.1778
687,4,58,14.50,3.1,0,corps,44.107730932622836,1.3595
688,9,89,9.89,5.3,0,corps,44.022568103183715,2.0709
689,3,41,13.67,2.7,0,corps,43.93761791490599,1.4637
690,25,381,15.24,12.4,0,corps,43.8528798368507,1.7066
691,13,244,18.77,7.1,0,corps,43.7683533394046,1.4196
692,10,165,16.50,5.8,0,corps,43.684037894276784,1.3353
693,6,73,12.17,4.0,0,corps,43.59993297449546,4.6920
694,3,110,36.67,2.7,0,corps,43.516038054404596,0.7946
695,11,221,20.09,6.2,0,corps,43.43235260966068,1.5864
696,4,67,16.75,3.1,0,corps,43.34887611722941,1.0976
697,11,257,23.36,6.2,0,corps,43.26560805538242,1.0312
698,9,162,18.00,5.3,0,corps,43.18254790369406,1.5061
699,6,87,14.50,4.0,0,corps,43.09969514303812,1.8440
700,2,22,11.00,2.2,0,corps,43.017049255584574,0.7950
701,4,81,20.25,3.1,0,corps,42.934609724796346,1.3149
702,10,123,12.30,5.8,0,corps,42.85237603542611,1.2847
703,7,113,16.14,4.4,0,corps,42.77034767351303,1.1869
704,3,76,25.33,2.7,0,corps,42.688524126379605,0.8495
705,4,59,14.75,3.1,0,corps,42.60690488262836,1.1556
706,2,34,17.00,2.2,0,corps,42.525489432138784,1.3834
707,15,179,11.93,8.0,0,corps,42.44427726606402,1.5709
708,4,65,16.25,3.1,0,corps,42.36326787682779,1.2391
709,6,62,10.33,4.0,0,corps,42.28246075812115,2.3496
710,2,33,16.50,2.2,0,corps,42.20185540489933,2.4445
711,7,98,14.00,4.4,0,corps,42.1214513133786,1.7829
712,2,17,8.50,2.2,0,corps,42.041247981033145,1.6961
713,2,72,36.00,2.2,0,corps,41.96124490659188,0.5059
714,11,198,18.00,6.2,0,corps,41.881441590035315,1.1424
715,9,150,16.67,5.3,0,corps,41.801837532592465,1.1203
716,3,32,10.67,2.7,0,corps,41.72243223673773,1.3546
717,2,21,10.50,2.2,0,corps,41.64322520618773,1.2943
718,12,213,17.75,6.7,0,corps,41.56421594589828,1.3458
719,5,111,22.20,3.6,0,corps,41.48540396206123,1.0947
720,2,22,11.00,2.2,0,corps,41.40678876210144,2.0303
721,6,97,16.17,4.0,0,corps,41.32836985467365,1.4890
722,5,91,18.20,3.6,0,corps,41.250146749659436,1.5792
723,5,101,20.20,3.6,0,corps,41.17211895816412,1.3048
724,3,59,19.67,2.7,0,corps,41.09428599251377,1.3613
725,3,38,12.67,2.7,0,corps,41.0166473662521,1.7121
726,9,194,21.56,5.3,0,corps,40.93920259413743,1.6834
727,8,146,18.25,4.9,0,corps,40.86195119213968,1.2931
728,8,155,19.38,4.9,0,corps,40.78489267743735,1.6725
729,17,251,14.76,8.9,0,corps,40.70802656841445,1.3632
730,2,61,30.50,2.2,0,corps,40.63135238465758,1.1386
731,16,193,12.06,8.4,0,corps,40.55486964695283,1.7223
732,17,297,17.47,8.9,0,corps,40.47857787728282,1.3163
733,11,214,19.45,6.2,0,corps,40.40247659882377,1.4654
734,2,36,18.00,2.2,0,corps,40.32656533594242,1.2752
735,16,285,17.81,8.4,0,corps,40.25084361419316,1.3691
736,2,55,27.50,2.2,0,corps,40.175310960314924,0.7606
737,4,115,28.75,3.1,0,corps,40.099966902228445,0.8059
738,4,86,21.50,3.1,0,corps,40.024810969033076,0.9137
739,7,175,25.00,4.4,0,corps,39.94984269100401,2.5421
740,4,47,11.75,3.1,0,corps,39.875061599589245,1.4504
741,8,108,13.50,4.9,0,corps,39.800467227406735,1.1438
742,5,91,18.20,3.6,0,corps,39.726059108241394,0.9585
743,11,148,13.45,6.2,0,corps,39.65183677704226,1.6608
744,10,219,21.90,5.8,0,corps,39.57779976991949,0.8803
745,3,52,17.33,2.7,0,corps,39.50394762414157,1.1659
746,17,215,12.65,8.9,0,corps,39.43027987813233,2.4229
747,7,81,11.57,4.4,0,corps,39.356796071468146,1.5830
748,5,94,18.80,3.6,0,corps,39.28349574487496,1.1139
749,3,65,21.67,2.7,0,corps,39.210378440225526,0.8111
750,14,221,15.79,7.6,0,corps,39.13744370053641,1.4345
751,15,361,24.07,8.0,0,corps,39.06469106996527,1.6131
752,12,183,15.25,6.7,0,corps,38.992120093807934,1.3258
753,2,31,15.50,2.2,0,corps,38.91973031849556,1.0444
754,7,73,10.43,4.4,0,corps,38.84752129159181,4.5339
755,12,186,15.50,6.7,0,corps,38.775492561790045,1.6059
756,17,255,15.00,8.9,0,corps,38.70364367891046,1.2111
757,9,109,12.11,5.3,0,corps,38.6319741938973,1.2178
758,18,314,17.44,9.3,0,corps,38.56048365881606,1.0459
759,13,178,13.69,7.1,0,corps,38.48917162685066,1.5201
760,23,433,18.83,11.6,0,corps,38.41803765230066,1.3181
761,3,50,16.67,2.7,0,corps,38.34708129057849,1.1244
762,18,250,13.89,9.3,0,corps,38.27630209820667,1.1488
763,3,73,24.33,2.7,0,corps,38.205699632815005,0.9600
764,8,125,15.62,4.9,0,corps,38.13527345313786,1.2102
765,4,35,8.75,3.1,0,corps,38.065023119011386,2.5658
766,5,66,13.20,3.6,0,corps,37.99494819137077,1.3792
767,2,34,17.00,2.2,0,corps,37.92504823224747,0.8545
768,2,45,22.50,2.2,0,corps,37.85532280476653,1.0023
769,10,170,17.00,5.8,0,corps,37.78577147314378,1.0290
770,9,123,13.67,5.3,0,corps,37.7163938026832,1.4664
771,11,274,24.91,6.2,0,corps,37.64718935977412,1.5653
772,2,56,28.00,2.2,0,corps,37.57815771188851,1.0526
773,4,53,13.25,3.1,0,corps,37.50929842757837,1.0468
774,6,97,16.17,4.0,0,corps,37.440611076472976,0.7765
775,17,255,15.00,8.9,0,corps,37.37209522927613,1.4244
776,4,50,12.50,3.1,0,corps,37.30375045776355,1.3812
777,3,27,9.00,2.7,0,corps,37.23557633478023,1.6576
778,3,45,15.00,2.7,0,corps,37.16757243423765,1.1115
779,6,68,11.33,4.0,0,corps,37.09973833111122,1.1795
780,2,47,23.50,2.2,0,corps,37.032073601437574,0.8436
781,2,11,5.50,2.2,0,corps,36.96457782231194,4.4683
782,2,35,17.50,2.2,0,corps,36.897250571885465,0.8105
783,16,226,14.12,8.4,0,corps,36.830091429362625,1.4707
784,7,138,19.71,4.4,0,corps,36.763099974998546,1.2418
785,5,66,13.20,3.6,0,corps,36.69627579009644,1.1774
786,6,128,21.33,4.0,0,corps,36.62961845700492,0.9386
787,15,157,10.47,8.0,0,corps,36.563127559115436,3.5016
788,7,109,15.57,4.4,0,corps,36.49680268085967,1.2516
789,6,122,20.33,4.0,0,corps,36.43064340770692,0.9282
790,6,88,14.67,4.0,0,corps,36.36464932616149,1.6318
791,10,225,22.50,5.8,0,corps,36.29882002376019,1.0153
792,10,188,18.80,5.8,0,corps,36.23315508906963,1.1108
793,5,227,45.40,3.6,0,corps,36.16765411168379,0.6695
794,11,127,11.55,6.2,0,corps,36.1023166822213,1.5499
795,11,191,17.36,6.2,0,corps,36.03714239232306,1.0828
796,4,66,16.50,3.1,0,corps,35.972130834649526,1.6012
797,3,35,11.67,2.7,0,corps,35.90728160287826,1.8539
798,14,189,13.50,7.6,0,corps,35.84259429170133,1.5450
799,7,88,12.57,4.4,0,corps,35.77806849682287,1.5059
800,22,293,13.32,11.1,0,corps,35.71370381495641,1.5217
801,6,93,15.50,4.0,0,corps,35.64949984382251,0.9734
802,17,248,14.59,8.9,0,corps,35.58545618214611,1.7277
803,7,131,18.71,4.4,0,corps,35.52157242965415,0.9115
804,12,151,12.58,6.7,0,corps,35.45784818707295,3.0483
805,11,142,12.91,6.2,0,corps,35.39428305612577,1.2186
806,5,59,11.80,3.6,0,corps,35.33087663953037,1.1021
807,3,24,8.00,2.7,0,corps,35.267628540996434,2.1382
808,16,204,12.75,8.4,0,corps,35.20453836522313,1.3586
809,5,58,11.60,3.6,0,corps,35.14160571789664,1.8520
810,4,62,15.50,3.1,0,corps,35.07883020568774,1.1543
811,4,111,27.75,3.1,0,corps,35.01621143624926,0.5482
812,3,20,6.67,2.7,0,corps,34.95374901821369,1.6786
813,10,96,9.60,5.8,0,corps,34.8914425611907,1.5033
814,9,175,19.44,5.3,0,corps,34.82929167576476,0.8912
815,2,27,13.50,2.2,0,corps,34.767295973492615,0.7335
816,16,266,16.62,8.4,0,corps,34.705455066900925,0.8853
817,3,32,10.67,2.7,0,corps,34.643768569483825,1.3594
818,6,82,13.67,4.0,0,corps,34.5822360957005,3.9121
819,10,118,11.80,5.8,0,corps,34.520857260972804,1.2585
820,18,226,12.56,9.3,0,corps,34.4596316816828,1.2702
821,22,226,10.27,11.1,0,corps,34.398558975170424,1.3536
822,8,88,11.00,4.9,0,corps,34.33763875973108,1.3161
823,10,129,12.90,5.8,0,corps,34.2768706546132,1.3394
824,5,65,13.00,3.6,0,corps,34.21625428001594,1.5124
825,14,145,10.36,7.6,0,corps,34.15578925708676,1.3913
826,7,94,13.43,4.4,0,corps,34.095475207919065,1.0743
827,18,300,16.67,9.3,0,corps,34.035311755549856,1.1166
828,6,77,12.83,4.0,0,corps,33.97529852395736,1.1546
829,21,347,16.52,10.7,0,corps,33.91543513805869,1.1602
830,5,51,10.20,3.6,0,corps,33.85572122370747,1.6244
831,6,119,19.83,4.0,0,corps,33.796156407691555,0.8668
832,2,61,30.50,2.2,0,corps,33.73674031773066,0.5655
833,3,38,12.67,2.7,0,corps,33.67747258247401,1.2493
834,16,169,10.56,8.4,0,corps,33.618352831498086,1.8432
835,3,20,6.67,2.7,0,corps,33.55938069530423,2.5616
836,3,42,14.00,2.7,0,corps,33.50055580531642,1.2208
837,9,125,13.89,5.3,0,corps,33.44187779387888,1.0617
838,12,168,14.00,6.7,0,corps,33.38334629425387,3.4360
839,4,22,5.50,3.1,0,corps,33.324960940619306,3.3821
840,6,161,26.83,4.0,0,corps,33.26672136806656,0.8865
841,19,384,20.21,9.8,0,corps,33.208627212598095,1.3895
842,20,257,12.85,10.2,0,corps,33.150678111125266,1.8874
843,11,136,12.36,6.2,0,corps,33.09287370146598,1.7022
844,11,172,15.64,6.2,0,corps,33.03521362234252,0.9504
845,12,180,15.00,6.7,0,corps,32.97769751337917,1.3285
846,14,189,13.50,7.6,0,corps,32.92032501510007,1.1136
847,8,97,12.12,4.9,0,corps,32.86309576892693,1.3817
848,5,55,11.00,3.6,0,corps,32.806009417176774,1.1525
849,9,155,17.22,5.3,0,corps,32.74906560305971,1.2295
850,24,392,16.33,12.0,0,corps,32.69226397067673,1.4224
851,7,85,12.14,4.4,0,corps,32.635604165017426,1.1066
852,3,30,10.00,2.7,0,corps,32.57908583195783,0.9557
853,6,71,11.83,4.0,0,corps,32.52270861825819,1.7248
854,18,216,12.00,9.3,0,corps,32.46647217156073,1.3939
855,7,86,12.29,4.4,0,corps,32.41037614038747,1.1732
856,8,97,12.12,4.9,0,corps,32.35442017413804,1.1819
857,10,119,11.90,5.8,0,corps,32.29860392308748,1.0866
858,8,171,21.38,4.9,0,corps,32.242927038384,0.8864
859,11,143,13.00,6.2,0,corps,32.18738917204694,1.0470
860,5,137,27.40,3.6,0,corps,32.13198997696443,0.7577
861,6,128,21.33,4.0,0,corps,32.07672910689131,0.8099
862,6,110,18.33,4.0,0,corps,32.021606216446976,1.7353
863,6,93,15.50,4.0,0,corps,31.966620961113158,1.5019
864,8,78,9.75,4.9,0,corps,31.91177299723188,1.9356
865,17,198,11.65,8.9,0,corps,31.857061982003152,1.9143
866,10,117,11.70,5.8,0,corps,31.802487573482964,5.4257
867,4,93,23.25,3.1,0,corps,31.748049430581084,1.4115
868,6,90,15.00,4.0,0,corps,31.69374721305893,1.5222
869,4,65,16.25,3.1,0,corps,31.639580581527483,1.3401
870,6,96,16.00,4.0,0,corps,31.58554919744512,1.3107
871,25,447,17.88,12.4,0,corps,31.531652723115478,1.3725
872,21,311,14.81,10.7,0,corps,31.477890821685474,1.7258
873,2,75,37.50,2.2,0,corps,31.424263157143006,0.8124
874,14,290,20.71,7.6,0,corps,31.37076939431502,1.9926
875,24,321,13.38,12.0,0,corps,31.31740919886531,1.8169
876,9,88,9.78,5.3,0,corps,31.264182237292488,2.7066
877,6,67,11.17,4.0,0,corps,31.211088176927866,1.7660
878,20,219,10.95,10.2,0,corps,31.158126685933397,2.0647
879,7,98,14.00,4.4,0,corps,31.10529743329959,1.2627
880,5,61,12.20,3.6,0,corps,31.052600088843434,1.4754
881,17,196,11.53,8.9,0,corps,31.00003432320637,2.4406
882,5,54,10.80,3.6,0,corps,30.94759980785219,1.4357
883,20,276,13.80,10.2,0,corps,30.895296215065,1.6602
884,24,352,14.67,12.0,0,corps,30.843123217947166,1.4178
885,21,286,13.62,10.7,0,corps,30.7910804904173,2.9372
886,14,302,21.57,7.6,0,corps,30.73916770720817,1.3193
887,18,288,16.00,9.3,0,corps,30.687384543864727,1.5453
888,18,265,14.72,9.3,0,corps,30.635730676742014,1.2912
889,7,104,14.86,4.4,0,corps,30.58420578300321,1.5144
890,13,190,14.62,7.1,0,corps,30.532809540617556,1.6221
891,8,77,9.62,4.9,0,corps,30.48154162835838,2.7182
892,9,80,8.89,5.3,0,corps,30.430401725801037,2.1587
893,3,71,23.67,2.7,0,corps,30.379389513320998,1.0104
894,12,210,17.50,6.7,0,corps,30.32850467209175,1.4549
895,25,414,16.56,12.4,0,corps,30.27774688408288,2.1822
896,9,98,10.89,5.3,0,corps,30.227115832058033,1.6296
897,18,262,14.56,9.3,0,corps,30.17661119957299,1.8049
898,4,70,17.50,3.1,0,corps,30.126232670973618,1.5773
899,4,79,19.75,3.1,0,corps,30.07597993139396,1.2488
900,22,274,12.45,11.1,0,corps,30.025852666754226,1.7739
901,9,132,14.67,5.3,0,corps,29.975850563758843,1.6172
902,10,132,13.20,5.8,0,corps,29.925973309894516,3.9569
903,3,60,20.00,2.7,0,corps,29.876220593428226,1.3772
904,15,174,11.60,8.0,0,corps,29.826592103405357,1.8234
905,7,59,8.43,4.4,0,corps,29.777087529647662,1.3951
906,8,103,12.88,4.9,0,corps,29.727706562751415,1.5126
907,14,144,10.29,7.6,0,corps,29.678448894085406,2.2078
908,6,144,24.00,4.0,0,corps,29.629314215789037,1.0797
909,7,55,7.86,4.4,0,corps,29.580302220770417,2.4760
910,15,198,13.20,8.0,0,corps,29.531412602704414,1.5198
911,19,249,13.11,9.8,0,corps,29.48264505603076,1.2712
912,10,170,17.00,5.8,0,corps,29.43399927595212,1.2027
913,2,27,13.50,2.2,0,corps,29.385474958432212,1.1026
914,9,84,9.33,5.3,0,corps,29.337071800193904,1.5870
915,12,137,11.42,6.7,0,corps,29.2887894987173,1.5324
916,5,47,9.40,3.6,0,corps,29.240627752237845,1.7273
917,10,133,13.30,5.8,0,corps,29.19258625974448,1.4379
918,16,217,13.56,8.4,0,corps,29.14466472097771,1.4779
919,10,114,11.40,5.8,0,corps,29.09686283642776,1.6633
920,18,282,15.67,9.3,0,corps,29.049180307332712,2.9066
921,4,50,12.50,3.1,0,corps,29.00161683567658,1.1898
922,13,140,10.77,7.1,0,corps,28.954172124187536,1.9855
923,6,98,16.33,4.0,0,corps,28.906845876335975,1.2910
924,13,145,11.15,7.1,0,corps,28.85963779633267,3.6630
925,5,101,20.20,3.6,0,corps,28.812547589126996,1.1251
926,8,101,12.62,4.9,0,corps,28.765574960404994,1.6860
927,6,86,14.33,4.0,0,corps,28.718719616587574,1.4026
928,9,143,15.89,5.3,0,corps,28.671981264828695,1.3948
929,17,210,12.35,8.9,0,corps,28.6253596130135,1.8337
930,12,180,15.00,6.7,0,corps,28.578854369756513,1.2672
931,12,145,12.08,6.7,0,corps,28.532465244399813,1.7301
932,17,225,13.24,8.9,0,corps,28.486191947011225,1.5741
933,9,138,15.33,5.3,0,corps,28.44003418838248,1.3883
934,12,176,14.67,6.7,0,corps,28.39399168002744,4.3835
935,9,189,21.00,5.3,0,corps,28.348064134180273,1.1350
936,14,192,13.71,7.6,0,corps,28.302251263793675,1.2010
937,9,122,13.56,5.3,0,corps,28.256552782537053,1.5957
938,20,321,16.05,10.2,0,corps,28.210968404794745,2.6923
939,25,425,17.00,12.4,0,corps,28.16549784566425,1.1940
940,4,57,14.25,3.1,0,corps,28.120140820954425,1.2286
941,30,454,15.13,14.7,0,corps,28.07489704718372,2.1165
942,10,135,13.50,5.8,0,corps,28.02976624157839,3.8330
943,12,179,14.92,6.7,0,corps,27.98474812207077,1.2162
944,20,334,16.70,10.2,0,corps,27.939842407297444,1.3443
945,5,47,9.40,3.6,0,corps,27.895048816597566,1.6700
946,8,56,7.00,4.9,0,corps,27.85036707001104,2.6829
947,8,90,11.25,4.9,0,corps,27.805796888276817,1.5653
948,4,48,12.00,3.1,0,corps,27.76133799283111,0.8843
949,16,238,14.88,8.4,0,corps,27.71699010580567,0.9956
950,16,233,14.56,8.4,0,corps,27.672752950026062,1.1529
951,11,115,10.45,6.2,0,corps,27.628626249009926,1.8012
952,23,267,11.61,11.6,0,corps,27.584609726965226,1.4593
953,20,273,13.65,10.2,0,corps,27.540703108788563,1.2409
954,20,239,11.95,10.2,0,corps,27.496906120063425,1.7084
955,21,297,14.14,10.7,0,corps,27.45321848705849,1.3315
956,6,75,12.50,4.0,0,corps,27.409639936725917,1.5467
957,24,351,14.62,12.0,0,corps,27.366170196699624,1.1617
958,18,289,16.06,9.3,0,corps,27.32280899529359,1.2702
959,4,57,14.25,3.1,0,corps,27.279556061500166,0.8544
960,3,59,19.67,2.7,0,corps,27.23641112498838,0.8188
961,16,242,15.12,8.4,0,corps,27.193373916102225,2.9768
962,11,119,10.82,6.2,0,corps,27.15044416585902,1.5244
963,9,140,15.56,5.3,0,corps,27.107621605947667,3.9192
964,19,338,17.79,9.8,0,corps,27.06490596872705,2.0438
965,15,203,13.53,8.0,0,corps,27.022296987224287,1.4970
966,13,217,16.69,7.1,0,corps,26.979794395133105,2.7197
967,8,100,12.50,4.9,0,corps,26.937397926812167,1.3196
968,18,278,15.44,9.3,0,corps,26.895107317283408,1.0635
969,26,428,16.46,12.9,0,corps,26.852922302230375,1.2762
970,7,106,15.14,4.4,0,corps,26.810842617996588,1.2719
971,11,163,14.82,6.2,0,corps,26.76886800158389,1.2084
972,22,305,13.86,11.1,0,corps,26.726998190650786,2.3746
973,9,147,16.33,5.3,0,corps,26.685232923510828,1.0314
974,9,124,13.78,5.3,0,corps,26.64357193913095,1.1270
975,7,90,12.86,4.4,0,corps,26.602014977129873,1.5378
976,11,198,18.00,6.2,0,corps,26.56056177777645,1.9658
977,10,136,13.60,5.8,0,corps,26.51921208198804,1.4471
978,20,247,12.35,10.2,0,corps,26.477965631328914,1.5889
979,13,144,11.08,7.1,0,corps,26.436822168008632,4.4985
980,5,71,14.20,3.6,0,corps,26.395781434880394,1.2750
981,15,222,14.80,8.0,0,corps,26.354843175439502,1.1500
982,3,32,10.67,2.7,0,corps,26.314007133821697,1.0265
983,8,106,13.25,4.9,0,corps,26.27327305480158,1.2400
984,10,100,10.00,5.8,0,corps,26.232640683791033,4.0245
985,14,275,19.64,7.6,0,corps,26.1921097668376,1.1096
986,15,231,15.40,8.0,0,corps,26.151680050622915,1.0803
987,10,141,14.10,5.8,0,corps,26.111351282461126,1.6284
988,15,188,12.53,8.0,0,corps,26.07112321029729,1.0808
989,18,242,13.44,9.3,0,corps,26.03099558270584,1.0985
990,18,270,15.00,9.3,0,corps,25.99096814888897,1.3218
991,20,331,16.55,10.2,0,corps,25.95104065867508,1.3596
992,12,166,13.83,6.7,0,corps,25.91121286251723,1.4060
993,6,82,13.67,4.0,0,corps,25.871484511491573,1.2294
994,9,126,14.00,5.3,0,corps,25.83185535729577,1.6198
995,12,217,18.08,6.7,0,corps,25.792325152247486,0.7853
996,15,245,16.33,8.0,0,corps,25.752893649282804,2.5262
997,11,170,15.45,6.2,0,corps,25.713560601954722,1.0561
998,12,163,13.58,6.7,0,corps,25.67432576443155,4.0748
999,8,118,14.75,4.9,0,corps,25.635188891495424,4.5978
1000,26,405,15.58,12.9,0,corps,25.596149738540774,1.6391
1001,9,109,12.11,5.3,0,corps,25.55720806157275,1.4526
1002,16,243,15.19,8.4,0,corps,25.518363617205758,2.8830
1003,21,302,14.38,10.7,0,corps,25.479616162661888,1.6353
1004,9,189,21.00,5.3,0,corps,25.440965455769426,1.2561
1005,10,134,13.40,5.8,0,corps,25.402411254961315,1.6231
1006,21,274,13.05,10.7,0,corps,25.363953319273698,1.8697
1007,16,237,14.81,8.4,0,corps,25.325591408344334,1.5956
1008,13,171,13.15,7.1,0,corps,25.287325282411167,4.1096
1009,19,324,17.05,9.8,0,corps,25.249154702310765,1.5087
1010,8,103,12.88,4.9,0,corps,25.2110794294769,1.3449
1011,3,38,12.67,2.7,0,corps,25.173099225938987,1.4181
1012,8,161,20.12,4.9,0,corps,25.135213854320625,1.2078
1013,11,196,17.82,6.2,0,corps,25.097423077838123,1.4169
1014,3,74,24.67,2.7,0,corps,25.059726660299,1.0742
1015,2,14,7.00,2.2,0,corps,25.022124366100524,2.8302
1016,15,272,18.13,8.0,0,corps,24.98461596022824,1.2987
1017,5,67,13.40,3.6,0,corps,24.947201208254484,1.1833
1018,3,29,9.67,2.7,0,corps,24.909879876336937,1.6081
1019,6,102,17.00,4.0,0,corps,24.87265173121715,1.1129
1020,12,146,12.17,6.7,0,corps,24.835516540219103,1.6700
1021,21,292,13.90,10.7,0,corps,24.79847407124771,1.5083
1022,8,146,18.25,4.9,0,corps,24.76152409278745,4.1084
1023,20,381,19.05,10.2,0,corps,24.724666373900813,1.6784
1024,20,356,17.80,10.2,0,corps,24.687900684226953,2.6854
1025,17,244,14.35,8.9,0,corps,24.651226793980175,1.9749
1026,19,292,15.37,9.8,0,corps,24.614644473948555,1.7398
1027,15,247,16.47,8.0,0,corps,24.578153495492472,2.9792
1028,23,348,15.13,11.6,0,corps,24.541753630543187,1.7346
1029,19,244,12.84,9.8,0,corps,24.505444651601433,1.7032
1030,13,173,13.31,7.1,0,corps,24.469226331735964,1.3254
1031,10,116,11.60,5.8,0,corps,24.43309844458217,2.2873
1032,19,352,18.53,9.8,0,corps,24.39706076434064,1.1691
1033,14,265,18.93,7.6,0,corps,24.361113065775754,1.2698
1034,24,414,17.25,12.0,0,corps,24.325255124214276,2.8210
1035,11,155,14.09,6.2,0,corps,24.289486715543955,1.5352
1036,13,168,12.92,7.1,0,corps,24.253807616212125,1.4949
1037,5,53,10.60,3.6,0,corps,24.218217603224293,2.3262
1038,25,381,15.24,12.4,0,corps,24.182716454142756,1.5859
1039,4,59,14.75,3.1,0,corps,24.147303947085234,1.4474
1040,8,134,16.75,4.9,0,corps,24.111979860723437,1.3359
1041,18,185,10.28,9.3,0,corps,24.0767439742817,4.4645
1042,14,236,16.86,7.6,0,corps,24.041596067535632,2.3607
1043,9,115,12.78,5.3,0,corps,24.00653592081069,1.7362
1044,20,273,13.65,10.2,0,corps,23.97156331498085,1.9286
1045,18,260,14.44,9.3,0,corps,23.936678031467203,4.3603
1046,14,162,11.57,7.6,0,corps,23.901879852236622,1.7257
1047,7,103,14.71,4.4,0,corps,23.86716855980037,1.5317
1048,8,129,16.12,4.9,0,corps,23.832543937212762,5.8166
1049,8,152,19.00,4.9,0,corps,23.798005768069785,1.2692
1050,10,171,17.10,5.8,0,corps,23.763553836507775,2.6733
1051,9,170,18.89,5.3,0,corps,23.72918792720205,3.7224
1052,10,134,13.40,5.8,0,corps,23.694907825365558,3.3953
1053,12,135,11.25,6.7,0,corps,23.660713316747557,1.5266
1054,15,221,14.73,8.0,0,corps,23.626604187632253,3.7013
1055,3,38,12.67,2.7,0,corps,23.59258022483747,1.4132
1056,24,396,16.50,12.0,0,corps,23.55864121571335,2.4595
1057,16,241,15.06,8.4,0,corps,23.52478694814096,1.5386
1058,18,248,13.78,9.3,0,corps,23.491017210531027,2.7852
1059,23,293,12.74,11.6,0,corps,23.45733179182257,1.7337
1060,14,188,13.43,7.6,0,corps,23.423730481481623,3.9664
1061,32,522,16.31,15.6,0,corps,23.390213069499882,2.6554
1062,6,98,16.33,4.0,0,corps,23.35677934639341,1.5882
1063,2,73,36.50,2.2,0,corps,23.323429103201327,0.7247
1064,9,124,13.78,5.3,0,corps,23.290162131484518,0.9741
1065,6,136,22.67,4.0,0,corps,23.25697822332429,1.0869
1066,4,64,16.00,3.1,0,corps,23.223877171321114,1.3428
1067,19,281,14.79,9.8,0,corps,23.1908587685933,2.8633
1068,13,185,14.23,7.1,0,corps,23.157922808775737,2.6218
1069,4,46,11.50,3.1,0,corps,23.125069086018556,1.7584
1070,5,66,13.20,3.6,0,corps,23.09229739498589,1.2029
1071,8,116,14.50,4.9,0,corps,23.059607530854553,1.5212
1072,25,357,14.28,12.4,0,corps,23.0269992893128,1.5397
1073,7,85,12.14,4.4,0,corps,22.994472466559017,1.3247
1074,21,282,13.43,10.7,0,corps,22.962026859300444,3.2209
1075,19,368,19.37,9.8,0,corps,22.929662264751936,1.9122
1076,12,161,13.42,6.7,0,corps,22.897378480634675,4.1868
1077,12,229,19.08,6.7,0,corps,22.865175305174898,1.3102
1078,15,229,15.27,8.0,0,corps,22.833052537102656,1.2140
1079,13,207,15.92,7.1,0,corps,22.801009975650548,3.1212
1080,19,353,18.58,9.8,0,corps,22.769047420552454,1.8159
1081,11,156,14.18,6.2,0,corps,22.737164672042308,2.9063
1082,28,430,15.36,13.8,0,corps,22.705361530852823,2.2436
1083,9,144,16.00,5.3,0,corps,22.673637798214266,1.1056
1084,17,241,14.18,8.9,0,corps,22.641993275853203,3.2046
1085,24,305,12.71,12.0,0,corps,22.610427765991265,2.2745
1086,6,90,15.00,4.0,0,corps,22.578941071343916,1.5167
1087,16,381,23.81,8.4,0,corps,22.54753299511921,2.3451
1088,18,275,15.28,9.3,0,corps,22.51620334101656,1.7359
1089,15,223,14.87,8.0,0,corps,22.484951913225544,1.6025
1090,21,238,11.33,10.7,0,corps,22.45377851642462,2.1528
1091,13,188,14.46,7.1,0,corps,22.422682955779973,1.2793
1092,18,399,22.17,9.3,0,corps,22.391665036944232,1.0349
1093,25,382,15.28,12.4,0,corps,22.360724566055307,2.0189
1094,15,245,16.33,8.0,0,corps,22.329861349735157,1.7773
1095,14,219,15.64,7.6,0,corps,22.299075195088587,1.1516
1096,18,250,13.89,9.3,0,corps,22.26836590970201,1.2895
1097,13,192,14.77,7.1,0,corps,22.23773330164231,1.4822
1098,8,98,12.25,4.9,0,corps,22.207177179455584,1.7227
1099,6,92,15.33,4.0,0,corps,22.17669735216597,1.9277
1100,19,273,14.37,9.8,0,corps,22.14629362927444,1.1359
1101,35,474,13.54,16.9,0,corps,22.115965820757634,1.9711
1102,28,393,14.04,13.8,0,corps,22.08571373706664,2.6312
1103,2,19,9.50,2.2,0,corps,22.055537189125854,1.8860
1104,8,84,10.50,4.9,0,corps,22.025435988331736,2.1570
1105,11,157,14.27,6.2,0,corps,21.995409946551693,1.4375
1106,22,299,13.59,11.1,0,corps,21.965458876122863,1.5388
1107,23,325,14.13,11.6,0,corps,21.93558258985096,1.3247
1108,26,356,13.69,12.9,0,corps,21.9057809010091,1.4549
1109,27,342,12.67,13.3,0,corps,21.876053623336624,1.4658
1110,29,499,17.21,14.2,0,corps,21.846400571037954,1.8329
1111,13,199,15.31,7.1,0,corps,21.816821558781413,1.1087
1112,16,250,15.62,8.4,0,corps,21.78731640169808,2.4294
1113,2,83,41.50,2.2,0,corps,21.757884915380625,0.6982
1114,16,249,15.56,8.4,0,corps,21.72852691588217,1.3009
1115,24,381,15.88,12.0,0,corps,21.69924221971512,1.4692
1116,12,240,20.00,6.7,0,corps,21.670030643850026,2.8645
1117,12,163,13.58,6.7,0,corps,21.64089200571444,2.2445
1118,12,123,10.25,6.7,0,corps,21.611826123191786,2.0322
1119,8,178,22.25,4.9,0,corps,21.582832814620204,1.2183
1120,15,204,13.60,8.0,0,corps,21.553911898791416,1.3782
1121,31,454,14.65,15.1,0,corps,21.525063194949603,1.5645
1122,20,257,12.85,10.2,0,corps,21.496286522790275,1.5095
1123,12,157,13.08,6.7,0,corps,21.46758170245914,1.3855
1124,18,214,11.89,9.3,0,corps,21.438948554550976,2.9419
1125,16,202,12.62,8.4,0,corps,21.41038690010851,3.7617
1126,10,112,11.20,5.8,0,corps,21.381896560621318,1.7831
1127,19,236,12.42,9.8,0,corps,21.353477358024676,1.6546
1128,17,246,14.47,8.9,0,corps,21.32512911469848,2.1504
1129,11,166,15.09,6.2,0,corps,21.296851653466113,3.2663
1130,25,393,15.72,12.4,0,corps,21.268644797593357,1.4143
1131,7,82,11.71,4.4,0,corps,21.24050837078727,1.5018
1132,11,150,13.64,6.2,0,corps,21.21244219719509,6.5746
1133,5,29,5.80,3.6,0,corps,21.18444610140314,2.8670
1134,5,135,27.00,3.6,0,corps,21.156519908435733,0.8113
1135,3,39,13.00,2.7,0,corps,21.12866344375407,2.0029
1136,9,139,15.44,5.3,0,corps,21.100876533255157,1.1786
1137,26,374,14.38,12.9,0,corps,21.073159003270714,1.5967
1138,16,188,11.75,8.4,0,corps,21.045510680566075,1.6183
1139,23,324,14.09,11.6,0,corps,21.017931392339158,2.4852
1140,16,189,11.81,8.4,0,corps,20.990420966219308,4.8700
1141,18,224,12.44,9.3,0,corps,20.96297923026627,3.6795
1142,13,149,11.46,7.1,0,corps,20.93560601296911,3.8469
1143,18,208,11.56,9.3,0,corps,20.90830114324513,3.9560
1144,8,124,15.50,4.9,0,corps,20.881064450438796,1.5610
1145,30,495,16.50,14.7,0,corps,20.853895764320708,2.1453
1146,19,195,10.26,9.8,0,corps,20.826794915086467,2.3084
1147,28,423,15.11,13.8,0,corps,20.799761733355695,1.7599
1148,16,213,13.31,8.4,0,corps,20.77279605017091,1.6044
1149,15,249,16.60,8.0,0,corps,20.74589769699651,3.3166
1150,3,41,13.67,2.7,0,corps,20.7190665057177,0.9864
1151,22,344,15.64,11.1,0,corps,20.692302308639434,3.3425
1152,6,99,16.50,4.0,0,corps,20.66560493848541,1.7825
1153,17,220,12.94,8.9,0,corps,20.638974228396968,4.0392
1154,14,155,11.07,7.6,0,corps,20.612410011932084,1.9185
1155,2,24,12.00,2.2,0,corps,20.585912123064315,1.2522
1156,6,120,20.00,4.0,0,corps,20.55948039618178,5.3436
1157,30,439,14.63,14.7,0,corps,20.533114666086096,3.4704
1158,19,319,16.79,9.8,0,corps,20.50681476799136,1.6839
1159,10,183,18.30,5.8,0,corps,20.48058053752313,1.1909
1160,32,421,13.16,15.6,0,corps,20.454411810717374,2.0227
1161,35,558,15.94,16.9,0,corps,20.428308424019466,1.4367
1162,14,159,11.36,7.6,0,corps,20.402270214283153,1.4007
1163,3,29,9.67,2.7,0,corps,20.37629701876954,1.5968
1164,26,316,12.15,12.9,0,corps,20.350388675146075,2.6714
1165,10,140,14.00,5.8,0,corps,20.32454502148552,1.1049
1166,15,168,11.20,8.0,0,corps,20.29876589626496,3.9866
1167,7,105,15.00,4.4,0,corps,20.27305113836477,1.0524
1168,16,239,14.94,8.4,0,corps,20.247400587067645,1.3859
1169,4,52,13.00,3.1,0,corps,20.22181408205754,1.1759
1170,20,281,14.05,10.2,0,corps,20.196291463418724,1.4581
1171,6,74,12.33,4.0,0,corps,20.17083257163474,1.2665
1172,32,494,15.44,15.6,0,corps,20.145437247587445,1.7706
1173,15,183,12.20,8.0,0,corps,20.120105332555973,3.5356
1174,23,259,11.26,11.6,0,corps,20.09483666821577,1.5786
1175,7,82,11.71,4.4,0,corps,20.069631096637604,1.4483
1176,14,161,11.50,7.6,0,corps,20.04448846028657,1.1243
1177,34,481,14.15,16.4,0,corps,20.01940860202111,1.6871
1178,5,41,8.20,3.6,0,corps,19.994391365092028,1.5345
1179,4,46,11.50,3.1,0,corps,19.969436593141513,1.0752
1180,20,247,12.35,10.2,0,corps,19.944544130202154,2.9590
1181,32,387,12.09,15.6,0,corps,19.919713820695982,1.6617
1182,3,50,16.67,2.7,0,corps,19.89494550943348,1.3953
1183,8,135,16.88,4.9,0,corps,19.870239041612624,1.5199
1184,29,442,15.24,14.2,0,corps,19.845594262817908,1.5476
1185,19,266,14.00,9.8,0,corps,19.821011019019387,2.5857
1186,2,33,16.50,2.2,0,corps,19.7964891565717,1.4899
1187,30,474,15.80,14.7,0,corps,19.77202852221313,1.4409
1188,13,155,11.92,7.1,0,corps,19.74762896306463,1.3942
1189,28,462,16.50,13.8,0,corps,19.723290326628888,1.4584
1190,9,167,18.56,5.3,0,corps,19.699012460789334,1.0124
1191,8,103,12.88,4.9,0,corps,19.674795213809233,6.1555
1192,23,322,14.00,11.6,0,corps,19.650638434330713,1.8006
1193,11,116,10.55,6.2,0,corps,19.626541971373822,1.6454
1194,31,392,12.65,15.1,0,corps,19.60250567433559,1.4252
1195,16,275,17.19,8.4,0,corps,19.57852939298908,2.2996
1196,5,90,18.00,3.6,0,corps,19.554612977482456,1.1705
1197,20,220,11.00,10.2,0,corps,19.53075627833804,2.2261
1198,5,79,15.80,3.6,0,corps,19.50695914645139,1.4776
1199,12,126,10.50,6.7,0,corps,19.483221433090357,1.7498
1200,10,140,14.00,5.8,0,corps,19.45954298989415,1.3261
1201,9,146,16.22,5.3,0,corps,19.43592366887242,1.3400
1202,8,82,10.25,4.9,0,corps,19.412363322404335,1.1893
1203,20,227,11.35,10.2,0,corps,19.388861803237656,2.3661
1204,17,259,15.24,8.9,0,corps,19.365418964487812,1.2023
1205,10,146,14.60,5.8,0,corps,19.342034659636976,1.4508
1206,7,118,16.86,4.4,0,corps,19.31870874253318,1.2975
1207,12,153,12.75,6.7,0,corps,19.29544106738936,1.4341
1208,20,203,10.15,10.2,0,corps,19.272231488782463,1.5806
1209,20,262,13.10,10.2,0,corps,19.249079861652557,1.3644
1210,31,359,11.58,15.1,0,corps,19.225986041301894,1.7868
1211,24,358,14.92,12.0,0,corps,19.202949883394023,1.2105
1212,23,255,11.09,11.6,0,corps,19.17997124395288,1.4144
1213,25,293,11.72,12.4,0,corps,19.15704997936189,1.5446
1214,11,150,13.64,6.2,0,corps,19.134185946363083,5.1746
1215,7,72,10.29,4.4,0,corps,19.11137900205618,8.6776
1216,14,226,16.14,7.6,0,corps,19.08862900389769,1.1934
1217,2,14,7.00,2.2,0,corps,19.065935809700065,1.2967
1218,15,208,13.87,8.0,0,corps,19.04329927763076,2.9739
1219,14,195,13.93,7.6,0,corps,19.02071926621138,1.3791
1220,21,234,11.14,10.7,0,corps,18.99819563431678,1.7270
1221,32,319,9.97,15.6,0,corps,18.975728241174174,2.0676
1222,2,51,25.50,2.2,0,corps,18.953316946362303,0.9117
1223,2,27,13.50,2.2,0,corps,18.930961609810492,2.1043
1224,10,141,14.10,5.8,0,corps,18.90866209179781,1.7506
1225,2,18,9.00,2.2,0,corps,18.886418252952208,2.9541
1226,16,149,9.31,8.4,0,corps,18.86422995424961,4.8739
1227,11,173,15.73,6.2,0,corps,18.84209705701308,4.0866
1228,9,125,13.89,5.3,0,corps,18.820019422911944,4.7280
1229,16,302,18.88,8.4,0,corps,18.797996913960908,1.5986
1230,21,286,13.62,10.7,0,corps,18.77602939251922,1.4000
1231,25,368,14.72,12.4,0,corps,18.754116721289808,2.8476
1232,26,325,12.50,12.9,0,corps,18.7322587633184,3.1949
1233,24,353,14.71,12.0,0,corps,18.710455381992684,3.1328
1234,13,184,14.15,7.1,0,corps,18.688706441041468,1.5116
1235,18,208,11.56,9.3,0,corps,18.667011804533786,3.7643
1236,23,343,14.91,11.6,0,corps,18.645371336878096,2.1365
1237,12,136,11.33,6.7,0,corps,18.62378490282141,1.4720
1238,12,153,12.75,6.7,0,corps,18.60225236744843,1.8858
1239,10,190,19.00,5.8,0,corps,18.58077359618075,1.0098
1240,24,330,13.75,12.0,0,corps,18.559348454775982,1.6449
1241,4,52,13.00,3.1,0,corps,18.537976809326917,1.4767
1242,20,229,11.45,10.2,0,corps,18.516658526260706,2.4994
1243,20,314,15.70,10.2,0,corps,18.495393472338005,1.6918
1244,21,334,15.90,10.7,0,corps,18.47418151465216,2.2368
1245,16,175,10.94,8.4,0,corps,18.45302252062837,2.0530
1246,27,390,14.44,13.3,0,corps,18.431916358022843,1.7145
1247,12,184,15.33,6.7,0,corps,18.41086289492201,4.6498
1248,14,152,10.86,7.6,0,corps,18.389861999741644,1.8141
1249,17,305,17.94,8.9,0,corps,18.36891354122609,1.4602
1250,20,323,16.15,10.2,0,corps,18.34801738844741,2.9826
1251,25,323,12.92,12.4,0,corps,18.32717341080458,2.5667
1252,14,221,15.79,7.6,0,corps,18.30638147802268,3.5444
1253,7,89,12.71,4.4,0,corps,18.285641460152053,6.9563
1254,10,106,10.60,5.8,0,corps,18.264953227567524,5.9641
1255,16,212,13.25,8.4,0,corps,18.24431665096757,2.6775
1256,21,374,17.81,10.7,0,corps,18.223731601373522,2.0772
1257,18,329,18.28,9.3,0,corps,18.203197950128754,1.9499
1258,23,307,13.35,11.6,0,corps,18.182715568897876,1.8669
1259,2,34,17.00,2.2,0,corps,18.16228432966594,2.0695
1260,17,286,16.82,8.9,0,corps,18.141904104737634,2.5889
1261,6,83,13.83,4.0,0,corps,18.12157476673649,1.8124
1262,20,296,14.80,10.2,0,corps,18.10129618860407,2.0353
1263,15,187,12.47,8.0,0,corps,18.0810682435992,1.8112
1264,25,305,12.20,12.4,0,corps,18.060890805297163,3.7732
1265,24,460,19.17,12.0,0,corps,18.040763747588894,1.7688
1266,18,285,15.83,9.3,0,corps,18.02068694468023,1.8833
1267,8,100,12.50,4.9,0,corps,18.000660271091075,6.1523
1268,15,199,13.27,8.0,0,corps,17.980683601654658,3.4023
1269,29,442,15.24,14.2,0,corps,17.960756811516728,2.4656
1270,26,533,20.50,12.9,0,corps,17.940879776134782,1.9990
1271,13,148,11.38,7.1,0,corps,17.921052371277288,4.4225
1272,8,161,20.12,4.9,0,corps,17.901274473022898,1.2202
1273,14,227,16.21,7.6,0,corps,17.88154595775969,2.4465
1274,18,302,16.78,9.3,0,corps,17.861866702184372,1.4227
1275,23,309,13.43,11.6,0,corps,17.842236583301535,2.9357
1276,30,479,15.97,14.7,0,corps,17.82265547842287,2.6864
1277,2,20,10.00,2.2,0,corps,17.80312326516641,2.1675
1278,6,80,13.33,4.0,0,corps,17.78363982145576,1.4299
1279,12,155,12.92,6.7,0,corps,17.76420502551933,1.9057
1280,20,299,14.95,10.2,0,corps,17.74481875588958,1.6671
1281,16,261,16.31,8.4,0,corps,17.725480891402267,1.2071
1282,4,37,9.25,3.1,0,corps,17.706191311195678,1.0393
1283,18,264,14.67,9.3,0,corps,17.686949894709862,1.5034
1284,14,192,13.71,7.6,0,corps,17.667756521685916,3.5517
1285,22,268,12.18,11.1,0,corps,17.648611072165192,3.6066
1286,36,631,17.53,17.3,0,corps,17.629513426488565,1.9561
1287,22,400,18.18,11.1,0,corps,17.610463465295688,1.9066
1288,16,235,14.69,8.4,0,corps,17.59146106952424,1.2408
1289,12,218,18.17,6.7,0,corps,17.572506120409194,1.0474
1290,19,233,12.26,9.8,0,corps,17.55359849948205,3.1762
1291,7,114,16.29,4.4,0,corps,17.534738088570112,1.0880
1292,14,205,14.64,7.6,0,corps,17.51592476979576,1.3296
1293,29,481,16.59,14.2,0,corps,17.49715842557568,1.2227
1294,16,283,17.69,8.4,0,corps,17.478438938620165,1.0337
1295,12,158,13.17,6.7,0,corps,17.459766191932367,1.2914
1296,23,251,10.91,11.6,0,corps,17.44114006880754,3.4845
1297,5,67,13.40,3.6,0,corps,17.422560452832375,1.4798
1298,14,155,11.07,7.6,0,corps,17.4040272278842,1.7093
1299,10,141,14.10,5.8,0,corps,17.3855402781303,4.1254
1300,14,264,18.86,7.6,0,corps,17.367099488027183,1.5526
1301,2,16,8.00,2.2,0,corps,17.348704742319846,3.9211
1302,10,128,12.80,5.8,0,corps,17.33035592604107,1.2756
1303,14,262,18.71,7.6,0,corps,17.31205292451069,1.0768
1304,17,222,13.06,8.9,0,corps,17.293795623334894,1.9242
1305,19,286,15.05,9.8,0,corps,17.275583908405483,2.7884
1306,25,371,14.84,12.4,0,corps,17.257417665899187,1.8579
1307,4,37,9.25,3.1,0,corps,17.239296782276924,2.0796
1308,27,426,15.78,13.3,0,corps,17.22122114428312,1.2804
1309,10,143,14.30,5.8,0,corps,17.20319063894497,0.9471
1310,26,323,12.42,12.9,0,corps,17.185205153571765,1.3858
1311,16,258,16.12,8.4,0,corps,17.16726457575416,0.9417
1312,10,124,12.40,5.8,0,corps,17.149368793363486,0.9794
1313,27,342,12.67,13.3,0,corps,17.131517694551032,3.4604
1314,29,384,13.24,14.2,0,corps,17.113711167747393,1.4756
1315,9,168,18.67,5.3,0,corps,17.095949101661706,4.7913
1316,20,322,16.10,10.2,0,corps,17.078231385281004,1.2061
1317,5,66,13.20,3.6,0,corps,17.0605579078695,0.9948
1318,17,234,13.76,8.9,0,corps,17.04292855896791,3.2151
1319,17,289,17.00,8.9,0,corps,17.02534322839273,1.1806
1320,14,259,18.50,7.6,0,corps,17.007801806235605,1.0636
1321,22,364,16.55,11.1,0,corps,16.99030418286257,1.7693
1322,22,328,14.91,11.1,0,corps,16.97285024891344,2.0910
1323,33,438,13.27,16.0,0,corps,16.955439895301065,2.3899
1324,17,187,11.00,8.9,0,corps,16.938073013210676,3.5020
1325,19,239,12.58,9.8,0,corps,16.920749494099205,1.5568
1326,16,189,11.81,8.4,0,corps,16.9034692296946,3.6410
1327,10,134,13.40,5.8,0,corps,16.886232111995152,1.2938
1328,3,53,17.67,2.7,0,corps,16.869038033268822,1.4153
1329,18,248,13.78,9.3,0,corps,16.851886886052558,1.5679
1330,23,314,13.65,11.6,0,corps,16.834778563151634,1.6562
1331,19,197,10.37,9.8,0,corps,16.81771295763898,1.7022
1332,3,45,15.00,2.7,0,corps,16.800689962854506,1.1855
1333,17,191,11.24,8.9,0,corps,16.783709472404436,1.6839
1334,22,302,13.73,11.1,0,corps,16.766771380160655,1.9343
1335,24,335,13.96,12.0,0,corps,16.749875580260024,2.9082
1336,16,145,9.06,8.4,0,corps,16.733021967103742,1.8805
1337,14,178,12.71,7.6,0,corps,16.716210435356672,3.6924
1338,19,237,12.47,9.8,0,corps,16.699440879946685,1.5176
1339,19,297,15.63,9.8,0,corps,16.682713196064004,1.0792
1340,15,228,15.20,8.0,0,corps,16.666027279160556,1.0438
1341,15,189,12.60,8.0,0,corps,16.649383024949298,1.5625
1342,12,158,13.17,6.7,0,corps,16.632780329403595,1.5882
1343,16,194,12.12,8.4,0,corps,16.61621908875654,4.8809
1344,33,463,14.03,16.0,0,corps,16.59969919950033,1.6638
1345,5,81,16.20,3.6,0,corps,16.583220558385595,1.5718
1346,8,122,15.25,4.9,0,corps,16.566783062420782,1.4536
1347,21,344,16.38,10.7,0,corps,16.55038660887148,1.6046
1348,6,32,5.33,4.0,0,corps,16.534031095259817,2.2085
1349,24,411,17.12,12.0,0,corps,16.51771641936376,1.3458
1350,18,201,11.17,9.3,0,corps,16.501442479216546,2.9947
1351,14,249,17.79,7.6,0,corps,16.485209173105993,1.3956
1352,26,372,14.31,12.9,0,corps,16.469016399573878,3.1004
1353,8,92,11.50,4.9,0,corps,16.45286405741532,7.5912
1354,10,117,11.70,5.8,0,corps,16.436752045678123,5.2152
1355,18,215,11.94,9.3,0,corps,16.420680263662163,1.6812
1356,7,100,14.29,4.4,0,corps,16.404648610918755,1.3447
1357,31,420,13.55,15.1,0,corps,16.388656987250016,2.8418
1358,20,268,13.40,10.2,0,corps,16.37270529270824,1.6395
1359,15,165,11.00,8.0,0,corps,16.35679342759529,1.3990
1360,9,114,12.67,5.3,0,corps,16.340921292461957,1.3485
1361,19,310,16.32,9.8,0,corps,16.32508878810734,1.2412
1362,16,278,17.38,8.4,0,corps,16.30929581557824,1.2853
1363,5,86,17.20,3.6,0,corps,16.29354227616852,0.9030
1364,17,215,12.65,8.9,0,corps,16.27782807141852,2.8928
1365,10,189,18.90,5.8,0,corps,16.262153103114397,3.2055
1366,25,406,16.24,12.4,0,corps,16.246517273287555,1.5871
1367,9,107,11.89,5.3,0,corps,16.230920484214007,1.6673
1368,19,227,11.95,9.8,0,corps,16.215362638413765,1.5164
1369,12,189,15.75,6.7,0,corps,16.199843638650247,1.1022
1370,7,83,11.86,4.4,0,corps,16.18436338792965,1.7705
1371,10,167,16.70,5.8,0,corps,16.16892178950036,0.9464
1372,19,251,13.21,9.8,0,corps,16.15351874685234,2.2042
1373,10,91,9.10,5.8,0,corps,16.13815416371651,1.7704
1374,16,249,15.56,8.4,0,corps,16.122827944064195,3.1094
1375,24,376,15.67,12.0,0,corps,16.107539992106453,2.2082
1376,18,266,14.78,9.3,0,corps,16.09229021229355,1.5149
1377,9,115,12.78,5.3,0,corps,16.077078509314298,1.2100
1378,6,38,6.33,4.0,0,corps,16.061904788095514,2.0471
1379,6,97,16.17,4.0,0,corps,16.04676895380139,1.2156
1380,25,369,14.76,12.4,0,corps,16.031670911832908,1.2432
1381,14,205,14.64,7.6,0,corps,16.01661056782726,3.7732
1382,19,281,14.79,9.8,0,corps,16.00158782765725,2.3356
1383,15,195,13.00,8.0,0,corps,15.986602597430696,1.5683
1384,14,215,15.36,7.6,0,corps,15.971654783489864,1.5126
1385,5,53,10.60,3.6,0,corps,15.956744292410868,1.5725
1386,3,65,21.67,2.7,0,corps,15.94187103100309,0.9706
1387,20,345,17.25,10.2,0,corps,15.927034906308602,3.1615
1388,14,178,12.71,7.6,0,corps,15.912235825601565,1.5546
1389,17,238,14.00,8.9,0,corps,15.897473696387687,2.2436
1390,25,377,15.08,12.4,0,corps,15.882748426403609,2.8826
1391,17,268,15.76,8.9,0,corps,15.868059923616345,2.0552
1392,20,346,17.30,10.2,0,corps,15.853408096222704,2.5829
1393,21,294,14.00,10.7,0,corps,15.83879285264872,1.7406
1394,2,31,15.50,2.2,0,corps,15.824214101549073,0.8875
1395,16,206,12.88,8.4,0,corps,15.809671751806519,1.1728
1396,20,286,14.30,10.2,0,corps,15.795165712531322,1.6663
1397,23,312,13.57,11.6,0,corps,15.780695893060695,1.5779
1398,26,381,14.65,12.9,0,corps,15.76626220295822,2.0598
1399,13,190,14.62,7.1,0,corps,15.75186455201328,3.3234
1400,15,239,15.93,8.0,0,corps,15.737502850240514,2.1918
1401,16,236,14.75,8.4,0,corps,15.72317700787924,2.7343
1402,16,212,13.25,8.4,0,corps,15.708886935392897,2.1921
1403,19,229,12.05,9.8,0,corps,15.694632543468485,2.1406
1404,6,75,12.50,4.0,0,corps,15.680413743016002,1.5827
1405,18,257,14.28,9.3,0,corps,15.666230445167903,1.8775
1406,27,384,14.22,13.3,0,corps,15.652082561278535,1.4563
1407,13,167,12.85,7.1,0,corps,15.637970002923574,2.2876
1408,18,228,12.67,9.3,0,corps,15.623892681899482,4.6384
1409,19,345,18.16,9.8,0,corps,15.609850510222959,1.1088
1410,20,206,10.30,10.2,0,corps,15.595843400130386,3.6643
1411,23,252,10.96,11.6,0,corps,15.581871264077279,2.6768
1412,10,129,12.90,5.8,0,corps,15.567934014737745,4.5611
1413,15,185,12.33,8.0,0,corps,15.554031565003923,1.6938
1414,27,437,16.19,13.3,0,corps,15.540163827985465,2.3728
1415,15,207,13.80,8.0,0,corps,15.526330717008967,1.6304
1416,3,23,7.67,2.7,0,corps,15.512532145617442,1.2569
1417,23,346,15.04,11.6,0,corps,15.498768027569767,1.5106
1418,16,169,10.56,8.4,0,corps,15.485038276840166,2.1051
1419,16,236,14.75,8.4,0,corps,15.47134280761765,1.0384
1420,15,251,16.73,8.0,0,corps,15.457681534305493,1.0005
1421,24,353,14.71,12.0,0,corps,15.444054371520687,1.6295
1422,25,439,17.56,12.4,0,corps,15.430461234093428,2.4641
1423,17,225,13.24,8.9,0,corps,15.41690203706656,1.6708
1424,33,599,18.15,16.0,0,corps,15.403376695695057,2.2211
1425,7,78,11.14,4.4,0,corps,15.38988512544549,2.5482
1426,16,253,15.81,8.4,0,corps,15.376427241995502,3.1223
1427,7,55,7.86,4.4,0,corps,15.36300296123328,2.6766
1428,37,469,12.68,17.8,0,corps,15.34961219925702,4.2684
1429,22,340,15.45,11.1,0,corps,15.336254872374422,1.7772
1430,20,232,11.60,10.2,0,corps,15.322930897102143,3.7407
1431,23,253,11.00,11.6,0,corps,15.309640190165302,3.4609
1432,23,423,18.39,11.6,0,corps,15.296382668496932,2.0277
1433,16,207,12.94,8.4,0,corps,15.283158249237482,3.4724
1434,20,267,13.35,10.2,0,corps,15.26996684973429,2.7600
1435,27,371,13.74,13.3,0,corps,15.25680838754106,2.2374
1436,18,262,14.56,9.3,0,corps,15.243682780417364,1.7640
1437,12,207,17.25,6.7,0,corps,15.230589946328116,1.3765
1438,33,428,12.97,16.0,0,corps,15.217529803443059,1.9214
1439,11,115,10.45,6.2,0,corps,15.204502270136258,7.0987
1440,25,356,14.24,12.4,0,corps,15.191507264985587,1.5841
1441,18,152,8.44,9.3,0,corps,15.17854470677222,2.6834
1442,8,134,16.75,4.9,0,corps,15.16561451448013,0.9848
1443,21,321,15.29,10.7,0,corps,15.152716607295568,2.3459
1444,18,243,13.50,9.3,0,corps,15.139850904606577,2.3623
1445,28,350,12.50,13.8,0,corps,15.127017326002473,1.6730
1446,17,228,13.41,8.9,0,corps,15.114215791273342,2.0740
1447,7,168,24.00,4.4,0,corps,15.101446220409557,1.1689
1448,16,176,11.00,8.4,0,corps,15.088708533601253,1.5926
1449,10,122,12.20,5.8,0,corps,15.076002651237852,1.3933
1450,15,203,13.53,8.0,0,corps,15.063328493907543,1.4606
1451,20,201,10.05,10.2,0,corps,15.050685982396802,1.5883
1452,12,128,10.67,6.7,0,corps,15.038075037689893,3.7427
1453,19,251,13.21,9.8,0,corps,15.025495580968373,1.4488
1454,23,248,10.78,11.6,0,corps,15.012947533610587,4.5675
1455,25,321,12.84,12.4,0,corps,15.000430817191207,3.2362
1456,20,386,19.30,10.2,0,corps,14.987945353480715,1.8891
1457,19,225,11.84,9.8,0,corps,14.975491064444913,1.7286
1458,4,62,15.50,3.1,0,corps,14.963067872244466,0.9538
1459,10,146,14.60,5.8,0,corps,14.950675699234372,1.3495
1460,18,255,14.17,9.3,0,corps,14.938314467963515,3.0965
1461,9,203,22.56,5.3,0,corps,14.925984101174159,0.9018
1462,21,287,13.67,10.7,0,corps,14.913684521801471,1.3150
1463,21,283,13.48,10.7,0,corps,14.901415652973036,2.5885
1464,22,313,14.23,11.1,0,corps,14.889177418008389,1.4038
1465,13,200,15.38,7.1,0,corps,14.876969740418522,1.0234
1466,25,328,13.12,12.4,0,corps,14.864792543905406,1.1689
1467,25,285,11.40,12.4,0,corps,14.852645752361527,3.1171
1468,8,127,15.88,4.9,0,corps,14.840529289869393,4.6324
1469,16,282,17.62,8.4,0,corps,14.828443080701081,1.1382
1470,28,272,9.71,13.8,0,corps,14.81638704931774,2.0408
1471,26,330,12.69,12.9,0,corps,14.804361120369133,1.3945
1472,21,292,13.90,10.7,0,corps,14.79236521869317,3.0852
1473,18,265,14.72,9.3,0,corps,14.780399269315424,1.3782
1474,20,275,13.75,10.2,0,corps,14.768463197448673,1.1430
1475,19,204,10.74,9.8,0,corps,14.75655692849243,3.7934
1476,22,238,10.82,11.1,0,corps,14.744680388032469,1.8296
1477,19,261,13.74,9.8,0,corps,14.732833501840382,1.4585
1478,23,343,14.91,11.6,0,corps,14.721016195873087,1.3297
1479,31,371,11.97,15.1,0,corps,14.709228396272383,2.7742
1480,19,201,10.58,9.8,0,corps,14.697470029364485,3.8248
1481,18,284,15.78,9.3,0,corps,14.685741021659563,1.1881
1482,9,75,8.33,5.3,0,corps,14.674041299851279,1.8640
1483,12,127,10.58,6.7,0,corps,14.66237079081633,1.1847
1484,17,179,10.53,8.9,0,corps,14.650729421614006,3.7089
1485,12,149,12.42,6.7,0,corps,14.639117119485705,3.3021
1486,24,286,11.92,12.0,0,corps,14.627533811854503,1.9977
1487,14,206,14.71,7.6,0,corps,14.615979426324689,1.0570
1488,23,324,14.09,11.6,0,corps,14.604453890681313,1.1758
1489,5,92,18.40,3.6,0,corps,14.592957132889742,1.0614
1490,9,113,12.56,5.3,0,corps,14.581489081095206,1.0066
1491,9,102,11.33,5.3,0,corps,14.570049663622337,5.5158
1492,8,106,13.25,4.9,0,corps,14.558638808974745,1.4916
1493,17,259,15.24,8.9,0,corps,14.547256445834545,2.3800
1494,23,311,13.52,11.6,0,corps,14.535902503061937,1.9506
1495,21,285,13.57,10.7,0,corps,14.524576909694737,1.4419
1496,24,354,14.75,12.0,0,corps,14.513279594947951,1.1573
1497,14,180,12.86,7.6,0,corps,14.502010488213324,2.3621
1498,18,233,12.94,9.3,0,corps,14.490769519058905,2.8975
1499,2,59,29.50,2.2,0,corps,14.479556617228598,0.9479
1500,17,218,12.82,8.9,0,corps,14.468371712641732,1.3179
