phase,essai,score,temps_jeu_s,ratio_pt_par_s,pas,longueur,remplissage_pct,fin
entrainement,1,0,36.2,0.0,181,3,1.3,timeout
entrainement,2,8,272.0,0.0294,1360,11,4.9,collision
entrainement,3,0,36.2,0.0,181,3,1.3,timeout
entrainement,4,0,36.2,0.0,181,3,1.3,timeout
entrainement,5,0,36.2,0.0,181,3,1.3,timeout
entrainement,6,0,36.2,0.0,181,3,1.3,timeout
entrainement,7,0,36.2,0.0,181,3,1.3,timeout
entrainement,8,0,36.2,0.0,181,3,1.3,timeout
entrainement,9,0,36.2,0.0,181,3,1.3,timeout
entrainement,10,0,36.2,0.0,181,3,1.3,timeout
entrainement,11,1,59.6,0.0168,298,4,1.8,timeout
entrainement,12,1,56.4,0.0177,282,4,1.8,timeout
entrainement,13,0,36.2,0.0,181,3,1.3,timeout
entrainement,14,0,36.2,0.0,181,3,1.3,timeout
entrainement,15,3,159.8,0.0188,799,6,2.7,timeout
entrainement,16,1,75.0,0.0133,375,4,1.8,timeout
entrainement,17,2,38.8,0.0515,194,5,2.2,collision
entrainement,18,0,36.2,0.0,181,3,1.3,timeout
entrainement,19,0,36.2,0.0,181,3,1.3,timeout
entrainement,20,10,370.0,0.027,1850,13,5.8,collision
entrainement,21,0,36.2,0.0,181,3,1.3,timeout
entrainement,22,1,83.6,0.012,418,4,1.8,timeout
entrainement,23,1,50.4,0.0198,252,4,1.8,timeout
entrainement,24,0,36.2,0.0,181,3,1.3,timeout
entrainement,25,1,69.4,0.0144,347,4,1.8,timeout
entrainement,26,4,77.0,0.0519,385,7,3.1,collision
entrainement,27,0,36.2,0.0,181,3,1.3,timeout
entrainement,28,0,36.2,0.0,181,3,1.3,timeout
entrainement,29,1,48.8,0.0205,244,4,1.8,timeout
entrainement,30,0,36.2,0.0,181,3,1.3,timeout
entrainement,31,0,36.2,0.0,181,3,1.3,timeout
entrainement,32,0,36.2,0.0,181,3,1.3,timeout
entrainement,33,0,36.2,0.0,181,3,1.3,timeout
entrainement,34,0,36.2,0.0,181,3,1.3,timeout
entrainement,35,88,2748.2,0.032,13741,91,40.4,collision
entrainement,36,0,36.2,0.0,181,3,1.3,timeout
entrainement,37,1,60.0,0.0167,300,4,1.8,timeout
entrainement,38,1,68.0,0.0147,340,4,1.8,timeout
entrainement,39,0,36.2,0.0,181,3,1.3,timeout
entrainement,40,0,36.2,0.0,181,3,1.3,timeout
entrainement,41,0,36.2,0.0,181,3,1.3,timeout
entrainement,42,0,36.2,0.0,181,3,1.3,timeout
entrainement,43,0,36.2,0.0,181,3,1.3,timeout
entrainement,44,2,54.4,0.0368,272,5,2.2,collision
entrainement,45,5,167.0,0.0299,835,8,3.6,timeout
entrainement,46,0,36.2,0.0,181,3,1.3,timeout
entrainement,47,0,36.2,0.0,181,3,1.3,timeout
entrainement,48,8,251.6,0.0318,1258,11,4.9,timeout
entrainement,49,0,36.2,0.0,181,3,1.3,timeout
entrainement,50,10,426.8,0.0234,2134,13,5.8,timeout
entrainement,51,1,49.0,0.0204,245,4,1.8,timeout
entrainement,52,1,60.4,0.0166,302,4,1.8,timeout
entrainement,53,2,49.4,0.0405,247,5,2.2,collision
entrainement,54,0,36.2,0.0,181,3,1.3,timeout
entrainement,55,0,36.2,0.0,181,3,1.3,timeout
entrainement,56,0,36.2,0.0,181,3,1.3,timeout
entrainement,57,1,67.6,0.0148,338,4,1.8,timeout
entrainement,58,0,36.2,0.0,181,3,1.3,timeout
entrainement,59,0,36.2,0.0,181,3,1.3,timeout
entrainement,60,0,36.2,0.0,181,3,1.3,timeout
entrainement,61,87,2670.6,0.0326,13353,90,40.0,collision
entrainement,62,1,62.6,0.016,313,4,1.8,timeout
entrainement,63,3,93.6,0.0321,468,6,2.7,timeout
entrainement,64,0,36.2,0.0,181,3,1.3,timeout
entrainement,65,1,79.2,0.0126,396,4,1.8,timeout
entrainement,66,0,36.2,0.0,181,3,1.3,timeout
entrainement,67,0,36.2,0.0,181,3,1.3,timeout
entrainement,68,0,36.2,0.0,181,3,1.3,timeout
entrainement,69,2,73.2,0.0273,366,5,2.2,timeout
entrainement,70,0,36.2,0.0,181,3,1.3,timeout
entrainement,71,0,36.2,0.0,181,3,1.3,timeout
entrainement,72,1,72.8,0.0137,364,4,1.8,timeout
entrainement,73,84,2543.2,0.033,12716,87,38.7,collision
entrainement,74,0,36.2,0.0,181,3,1.3,timeout
entrainement,75,0,36.2,0.0,181,3,1.3,timeout
entrainement,76,0,36.2,0.0,181,3,1.3,timeout
entrainement,77,1,70.6,0.0142,353,4,1.8,timeout
entrainement,78,0,36.2,0.0,181,3,1.3,timeout
entrainement,79,0,36.2,0.0,181,3,1.3,timeout
entrainement,80,2,89.8,0.0223,449,5,2.2,timeout
entrainement,81,2,102.4,0.0195,512,5,2.2,timeout
entrainement,82,1,78.2,0.0128,391,4,1.8,timeout
entrainement,83,2,42.2,0.0474,211,5,2.2,collision
entrainement,84,90,1909.8,0.0471,9549,93,41.3,collision
entrainement,85,0,36.2,0.0,181,3,1.3,timeout
entrainement,86,0,36.2,0.0,181,3,1.3,timeout
entrainement,87,86,1711.6,0.0502,8558,89,39.6,collision
entrainement,88,0,36.2,0.0,181,3,1.3,timeout
entrainement,89,104,1592.4,0.0653,7962,107,47.6,collision
entrainement,90,1,52.0,0.0192,260,4,1.8,timeout
entrainement,91,0,36.2,0.0,181,3,1.3,timeout
entrainement,92,85,1196.4,0.071,5982,88,39.1,collision
entrainement,93,1,56.2,0.0178,281,4,1.8,timeout
entrainement,94,49,723.8,0.0677,3619,52,23.1,collision
entrainement,95,2,21.0,0.0952,105,5,2.2,collision
entrainement,96,1,49.2,0.0203,246,4,1.8,timeout
entrainement,97,0,36.2,0.0,181,3,1.3,timeout
entrainement,98,94,1379.4,0.0681,6897,97,43.1,collision
entrainement,99,98,1413.4,0.0693,7067,101,44.9,collision
entrainement,100,0,36.2,0.0,181,3,1.3,timeout
entrainement,101,16,219.6,0.0729,1098,19,8.4,collision
entrainement,102,94,1288.0,0.073,6440,97,43.1,collision
entrainement,103,4,59.2,0.0676,296,7,3.1,collision
entrainement,104,101,1285.2,0.0786,6426,104,46.2,collision
entrainement,105,56,776.2,0.0721,3881,59,26.2,collision
entrainement,106,1,76.4,0.0131,382,4,1.8,timeout
entrainement,107,86,1208.0,0.0712,6040,89,39.6,collision
entrainement,108,0,36.2,0.0,181,3,1.3,timeout
entrainement,109,1,53.0,0.0189,265,4,1.8,timeout
entrainement,110,1,52.0,0.0192,260,4,1.8,timeout
entrainement,111,0,36.2,0.0,181,3,1.3,timeout
entrainement,112,3,130.4,0.023,652,6,2.7,timeout
entrainement,113,97,1123.8,0.0863,5619,100,44.4,collision
entrainement,114,1,53.0,0.0189,265,4,1.8,timeout
entrainement,115,0,36.2,0.0,181,3,1.3,timeout
entrainement,116,0,36.2,0.0,181,3,1.3,timeout
entrainement,117,0,36.2,0.0,181,3,1.3,timeout
entrainement,118,0,36.2,0.0,181,3,1.3,timeout
entrainement,119,100,1048.2,0.0954,5241,103,45.8,collision
entrainement,120,1,52.2,0.0192,261,4,1.8,timeout
entrainement,121,93,1138.2,0.0817,5691,96,42.7,collision
entrainement,122,0,36.2,0.0,181,3,1.3,timeout
entrainement,123,92,906.0,0.1015,4530,95,42.2,collision
entrainement,124,0,36.2,0.0,181,3,1.3,timeout
entrainement,125,0,36.2,0.0,181,3,1.3,timeout
entrainement,126,2,4.6,0.4348,23,5,2.2,collision
entrainement,127,1,66.4,0.0151,332,4,1.8,timeout
entrainement,128,101,1326.4,0.0761,6632,104,46.2,collision
entrainement,129,95,975.4,0.0974,4877,98,43.6,collision
entrainement,130,94,1101.6,0.0853,5508,97,43.1,collision
entrainement,131,100,953.4,0.1049,4767,103,45.8,collision
entrainement,132,82,965.6,0.0849,4828,85,37.8,collision
entrainement,133,89,901.8,0.0987,4509,92,40.9,collision
entrainement,134,1,57.2,0.0175,286,4,1.8,timeout
entrainement,135,0,36.2,0.0,181,3,1.3,timeout
entrainement,136,0,36.2,0.0,181,3,1.3,timeout
entrainement,137,80,758.0,0.1055,3790,83,36.9,collision
entrainement,138,97,1149.6,0.0844,5748,100,44.4,collision
entrainement,139,2,96.4,0.0207,482,5,2.2,timeout
entrainement,140,82,828.0,0.099,4140,85,37.8,collision
entrainement,141,0,36.2,0.0,181,3,1.3,timeout
entrainement,142,80,757.4,0.1056,3787,83,36.9,collision
entrainement,143,0,36.2,0.0,181,3,1.3,timeout
entrainement,144,90,777.2,0.1158,3886,93,41.3,collision
entrainement,145,95,813.6,0.1168,4068,98,43.6,collision
entrainement,146,95,925.4,0.1027,4627,98,43.6,collision
entrainement,147,41,339.0,0.1209,1695,44,19.6,collision
entrainement,148,2,22.8,0.0877,114,5,2.2,collision
entrainement,149,0,36.2,0.0,181,3,1.3,timeout
entrainement,150,0,36.2,0.0,181,3,1.3,timeout
entrainement,151,89,841.2,0.1058,4206,92,40.9,collision
entrainement,152,93,719.6,0.1292,3598,96,42.7,collision
entrainement,153,93,715.2,0.13,3576,96,42.7,collision
entrainement,154,91,1019.8,0.0892,5099,94,41.8,collision
entrainement,155,87,801.8,0.1085,4009,90,40.0,collision
entrainement,156,1,55.0,0.0182,275,4,1.8,timeout
entrainement,157,2,14.8,0.1351,74,5,2.2,collision
entrainement,158,103,799.0,0.1289,3995,106,47.1,collision
entrainement,159,100,769.0,0.13,3845,103,45.8,collision
entrainement,160,97,919.2,0.1055,4596,100,44.4,collision
entrainement,161,101,1016.0,0.0994,5080,104,46.2,collision
entrainement,162,86,761.0,0.113,3805,89,39.6,collision
entrainement,163,74,516.6,0.1432,2583,77,34.2,collision
entrainement,164,97,917.2,0.1058,4586,100,44.4,collision
entrainement,165,8,58.8,0.1361,294,11,4.9,collision
entrainement,166,92,694.0,0.1326,3470,95,42.2,collision
entrainement,167,96,775.8,0.1237,3879,99,44.0,collision
entrainement,168,103,984.8,0.1046,4924,106,47.1,collision
entrainement,169,99,931.2,0.1063,4656,102,45.3,collision
evaluation,1,1,61.8,0.0162,309,4,1.8,timeout
evaluation,2,2,31.0,0.0645,155,5,2.2,collision
evaluation,3,90,776.4,0.1159,3882,93,41.3,collision
evaluation,4,98,931.0,0.1053,4655,101,44.9,collision
evaluation,5,84,989.8,0.0849,4949,87,38.7,collision
evaluation,6,96,836.0,0.1148,4180,99,44.0,collision
evaluation,7,92,862.4,0.1067,4312,95,42.2,collision
evaluation,8,27,308.0,0.0877,1540,30,13.3,collision
evaluation,9,67,616.8,0.1086,3084,70,31.1,collision
evaluation,10,33,493.8,0.0668,2469,36,16.0,collision
evaluation,11,33,305.4,0.1081,1527,36,16.0,collision
evaluation,12,93,845.0,0.1101,4225,96,42.7,collision
